antibody_id,virus_id,neut
HJ16,ZM233_6,0
VRC38.02,6540_V4_C1,0
HmAb64,DU422_1,0
PGT137,VLGC_A1,0
447-52D,X2088_C9,0
VRC26.16,TRO_11,0
V033-a.01,BAL_01,0
TRNM-b.01,288_38,0
VRC-PG04b,3016_V5_C45,0
35O22,B011_ENV04,0
VRC34.01,269_12,0
10-1074,5257_V7_E2_1,0
GPZ6-a.01,231965_C1,0
VRC06b,191955_A11,0
VRC26.28,96ZM651_02,0
DJ85-d.01,00836_2_5,0
A12V163-a.02,CAP210_E8,0
PGDM11,BJOX010000_06_2,0
IOMA,ZM109_4,0
4E9C,CAAN5342,0
ACS125,Q461_E2,0
VRC34.05,R3265_C6,0
A12V163-b.01,DU172_17,0
6070-a.01,BJOX025000_01_1,0
EN02_05_B08,H086_8,0
b12,6405_V4_C34,0
Min12A21,BJOX010000_06_2,0
LJF-0024,00836_2_5,0
PCT64-35S,X1632_S2_B10,0
Min12A21,16845_2_22,0
10-1074,9341_W5_S38_B5,0
Bess4,6244_13_B5_4567,0
2408b,ZA012_29,0
DJ85-c.01,MS208_A1,0
PC39-39B,CNE58,0
IOMA-HC-DDE,CH119_10,0
VRC26.24,ZM214_15,0
VRC-PG04b,CNE3,0
m66,CNE10,0
PCDN-38A,C4118_9,0
DH796.1,0330_V4_C3,0
VRC26.23,92RW020_2,0
ACS122,ZM214_15,0
vFP16.02,X2278_C2_B6,0
b12,GX13_7,0
vFP49.02,Q259_17,0
VRC38.09,ZM55_28A,0
PGT135,0330_V4_C3,0
1361,DU172_17,0
2G12,CA327_D2_2,0
DF1W-a.01,CNE53,0
VRC33.01,ZM55_28A,0
PCDN-27A,WITO4160_33,0
PC39-17A,T255_34,0
ACS125,3016_V5_C45,0
VRC03,TH966_8,0
447-52D,T250_4,0
PCIN71D2b,94UG103,0
DH851.3,CE0682_E4,0
VRC41.01,6540_V4_C1,0
17b,T253_11,0
2G12,RHPA4259_7,0
vFP7.04,0260_V5_C36,0
A12V163-b.01,CH181_12,0
PGT151,CNE5,0
b12,CE1172_H1,0
10-1074,1HD6K_W8_072616_G10_S70,0
PCDN-38B,ZM53_12,0
VRC06b,3016_V5_C45,0
35O22,SHIV_CNE40_JD14_W29_3,0
m66.6,3718_3_11,0
VRC26.08,3415_V1_C1,0
TRNM-f.01,00836_2_5,0
CAP257-RH1,P1981_C5_3,0
IOMA,P1981_C5_3,0
4E10,B028_ENV03,0
EN02_01_D03,7165_18,0
VRC34-pI3,A07412M1_VRC12,0
CH103,BJOX028000_10_3,0
4E10,RBF125,0
M4008_N1,SC422_8,0
6561-a.01,Q23_17,0
2413c,89_6,0
HGN194,1056_10_TA11_1826,0
ACS122,ZM109_4,0
VRC34.01,6471_V1_C16,0
A12V163-a.02,0921_V2_C14,0
1B2530,57128_VRC15,0
PC39-50I,T257_31,0
BF520.1,Q769_B9_PNS79D,0
PCIN66B,ZM246F,0
VRC03,T257_31,0
GPZ6-b.01,Q842_D12,0
m66,92BR025_9,0
PGT127,P0402_C2_11,0
LJF-0024,ZM53_12,0
LJF-0034,KO426_T78_10,0
A12V163-a.01,T255_34,0
PC39-39B,Q769_D22,0
RHA1.V2.01,CNE19,0
DH270.5,BB201_B42,0
Ab1368,X1632_S2_B10,0
m66.6,3468_V1_C12,0
VRC26.07,CAAN5342,0
VRC42.I3,CH038_12,0
VRC03,3718_3_11,0
N6LS.C49,6471_V1_C16,0
DJ85-c.01,CH181_12,0
PGT128,703010054_2A2,0
PC39-23A,6545_V4_C1,0
6561-a.01,TRO_11,0
17b,BJOX025000_01_1,0
PGT128,ELI,0
M1214_N2,CNE53,0
A16,BI206_W6P_A1,0
VRC26.08,WEAU_D15_410,0
V033-a.01,CNE4,0
A12V163-a.01,3637_V5_C3,0
40591-a.01,3016_V5_C45,0
VRC38.08,DU422_1,0
35O22,703010200_1E5,0
PC39-23A,62357_14_D3_4589,0
PC39-55D,ZM197_7,0
VRC46.01,BB201_B42,0
VRC26.18,TRJO4551_58,0
PC39-61B,RHPA4259_7,0
VRC07-523LS.v34,6471_V1_C16,0
b12,SO706_T10B_3,0
VRC26.28,ZM135_10A,0
CAP257-RH1,BR07,0
V033-a.01,QH209_14M_A2,0
DH717.2,Q23_17,0
N6LS.C49,6545_V4_C1,0
PC39-17A,Q461_E2,0
VRC26.06,TZA125_17,0
ElsE2,BJOX025000_01_1,0
VRC34.05,TV1_29,0
Min12A21,191955_A11,0
2413a,16845_2_22,0
VRC-PG05,BG1168_1,0
VRC03,CNE3,0
PG9,1054_07_TC4_1499,0
b12,CAP340_2_00_B3_16,0
PGT135,CE2010_F5,0
PC39-23D,6041_V3_C23,0
ACS117,T250_4,0
PCT64-35S,YU2,0
PC39-28E,C3347_C11,0
2411a,BJOX002000_03_2,0
PCIN71F,94UG103,0
PCDN-22A,DU422_1,0
DF1W-a.02,R3265_C6,0
PGT121,CAP327_2_00_C6_37,0
DH1317.9,SO431_C1_1,0
2G12,BJ23_1,0
ACS130,CAP210_E8,0
PC39-61A,6545_V4_C1,0
PC39-23D,89_F1_2_25,0
LJF-0034,WITO4160_33,0
VRC34-pI4,A07412M1_VRC12,0
HmAb64,288_38,0
KD-247,CAAN5342,0
PCT64-24F,1006_11_C3_1601,0
HJ16,249M_B10,0
vFP5.01,C1080_C3,0
10-1074,9253_PRE_J18,0
bNAb1586,TV1_29,0
PGT121,92UG046,0
PGT142,CNE20,0
Bess1,703010054_2A2,0
A12V163-b.01,TH966_8,0
LJF-0087,CNE8,0
VRC43.02,Q23_17,0
VRC34-pI3,BJOX009000_02_4,0
LJF-0087,C2101_C1,0
IOMA,BL01,0
VRC26.13,ZM233_6,0
PC39-61B,3817_V2_C59,0
CH04,WEAU_D15_410,0
LJF-0087,DU123_06,0
PCT64-35D,89_6,0
1C2-rabbit,CH070_1,0
CAP257-RH1,Q769_H5,0
PGDM11,X1254_C3,0
3BNC117,SHIV_CNE40_JB98_W29_16,0
VRC24,TRJO4551_58,0
VRC41.02,KER2018_11,0
40591-a.01,A07412M1_VRC12,0
GPZ6-a.01,CNE14,0
3BNC117,VRC607_4_00_B11,0
CH04,P1981_C5_3,0
PCT64-35S,92RW020_2,0
17b,TZA125_17,0
DH270.5,0013095_2_11,0
HmAb64,CH119_10,0
VRC38.01,DJ263_8,0
PCT64-35K,93IN905,0
PCT64-35E,SC422_8,0
VRC26.03,CNE30,0
PGT135,ZM53_12,0
DF1W-a.01,CNE59,0
CAP257-RH1,269_12,0
PGT142,16845_2_22,0
N49P22,1394_C9G1,0
PGT143,928_28,0
VRC26.06,T257_31,0
PCIN71N1a,TRJO4551_58,0
447-52D,CAP210_E8,0
PCDN-38A,92TH021,0
EN01_007,X2088_C9,0
2557,ZM197_7,0
917B11,TRJO_C,0
PC39-50L,BJOX015000_11_5,0
PC39-50L,CNE8,0
PC39-23A,R3265_C6,0
N6LS.C51,BL01,0
IOMAmin3,3103_V3_C10,0
35O22,HT593_1,0
LJF-0109,6101_1,0
PG16,92UG038,0
PCDN-27C,MN_3,0
PCT64-35O,RHPA4259_7,0
IOMAexFACEmin,CH119_10,0
2G12,CT349_39_16,0
PGT130,B003_ENV04,0
VRC06b,TH976_17,0
Bess4,6811_V7_C18,0
VRC26.06,928_28,0
VRC34.01_Combo1,7165_18,0
1357,SC422_8,0
DH851.3,T250_4,0
PGT151,ZM135_10A,0
PGDM21,C1080_C3,0
PC39-45B,WITO4160_33,0
VRC38.01,CAAN5342,0
PCT64-35N,93IN905,0
PCDN-27C,ADA,0
6070-a.01,9004SS_A3_4,0
Ab1289,X1632_S2_B10,0
MinVRC01,191821_E6_1,0
2413b,3637_V5_C3,0
LJF-0034,MS208_A1,0
GPZ6-b.01,X2278_C2_B6,0
VRC26.06,SF162,0
2413a,3718_3_11,0
VRC-PG05,ZM249_1,0
15e,TRJO4551_58,0
PGT130,94UG114,0
2G12,YBF30,0
2G12,KO224_T87_2_4,0
CH02,CAAN5342,0
VRC38.08,BG1168_1,0
b12,CNE12,0
b12,CNE65,0
PGT126,T251_18,0
PCT64-35N,CAP210_E8,0
EN02_05_B08,191084_B7_19,0
VRC34.05,92RW020_2,0
10-1074,693_7989_V9_B8_14_REBOUND,0
NC-Cow3,CH119_10,0
2G12,SO405_T24_5,0
b12,B010_ENV09,0
DH270 IA2,57128_VRC15,0
VRC46.01,KER2008_12,0
CH04,CNE20,0
VRC26.30,TRO_11,0
1-79,DJ263_8,0
vFP1.01,TRO_11,0
DH650.8,C4118_9,0
TRNM-b.01,T251_18,0
VRC-PG05,PVO_4,0
917B11,THRO4156,0
VRC26.26,CNE10,0
VRC44.02,00836_2_5,0
AIIMS-P01,WITO4160_33,0
CH98,ZM246F,0
VRC46.01,T251_18,0
PC39-39B,SC422_8,0
VRC26.18,Q168_A2,0
PCDN-27D,MN_3,0
vFP7.04,CH070_1,0
VRC26.16,ZM135_10A,0
VRC26.12,TRJO4551_58,0
VRC34.05,3873_V1_C24,0
LJF-0024,6101_1,0
CAP257-RH1,6322_V4_C1,0
PGT128,THRO4156,0
PCDN-33A,3016_V5_C45,0
Bess1,6480_V4_C25,0
VRC26.04,THRO4156,0
VRC01i,TRO_11,0
VRC38.10,Q769_H5,0
DH511_UCA,CNE55,0
DH270.1,3326_V4_C3,0
VRC43.01,RHPA4259_7,0
PC39-50K,WITO4160_33,0
J038,BJOX028000_10_3,0
PGDM12,X1632_S2_B10,0
VRC38.06,X1632_S2_B10,0
ACS125,6535_3,0
HK20,92RW020_2,0
DH270.5,H086_8,0
IOMA,6480_V4_C25,0
DH796.1,CNE7,0
VRC38.01,6471_V1_C16,0
VRC41.01,Q769_D22,0
VRC23,BB539_2B13,0
DH650.8,Q23_17,0
VRC03,THRO4156,0
VRC41.02,TH966_8,0
b12,703357_C2,0
A12V163-a.02,246_F3_C10_2,0
PCDN-38A,CNE17,0
PGT130,6041_V3_C23,0
ACS130,1006_11_C3_1601,0
vFP16.02,269_12,0
M1214_N1,T255_34,0
vFP16.02,CNE3,0
447-52D,C4118_9,0
2G12,GX2010_36,0
CAP257-RH1,DU422_1,0
RHA1.V2.01,UG024_2,0
2408c.3,QH209_14M_A2,0
CH02,ZM109_4,0
m66.6,DU172_17,0
35O22,CNE17,0
DH511_I6,703010217_B6,0
ACS117,3301_V1_C24,0
2408c.3,3468_V1_C12,0
LJF-0109,T257_31,0
HmAb64,231965_C1,0
PC39-23A,89_F1_2_25,0
PCDN-22A,RHPA4259_7,0
m66.6,THRO4156,0
PCT64-24E,REJO4541_67,0
M4008_N1,BJOX028000_10_3,0
PC39-61B,Q461_E2,0
PGT145,6471_V1_C16,0
A12V163-b.01,CNE20,0
GPZ6-b.01,CH070_1,0
2219,242_14,0
PCDN-22B,92BR020,0
vFP49.02,X2131_C1_B5,0
LJF-0109,X2088_C9,0
PC39-17A,R3265_C6,0
2413c,MS208_A1,0
VRC26.21,DU172_17,0
2C06,T257_31,0
2G12,BC08,0
17b,CNE65,0
IOMA,CE2010_F5,0
PC39-39C,REJO4541_67,0
DH651.7,CE1176_A3,0
VRC26.05,CAAN5342,0
PC39-50K,89_F1_2_25,0
830A,SC422_8,0
VRC42.I3,CNE5,0
b13,CNE4,0
VRC34-pI3',3988_25,0
Bess1,X1193_C1,0
VRC34.01_Combo1,THRO4156,0
HGN194,6240_08_TA5_4622,0
DH796.1,BI369_9A,0
VRC34.05,RHPA4259_7,0
2G12,TH023_6,0
VRC26.33,Q168_A2,0
RHA1.V2.01,SS1196_1,0
2C09,CNE19,0
J038,ZM197_7,0
vFP1.01,25925_2_22,0
2408c.3,6785_V5_C14,0
VRC44.02,CH070_1,0
GPZ6-b.01,T257_31,0
VRC34.05,6095_V1_C10,0
447-52D,CE1176_A3,0
PGT125,ZM249_1,0
VRC34.05,DU151_02,0
PCT64-18D,BJOX009000_02_4,0
PCIN77C,SC422_8,0
6070-a.01,704809221_1B3,0
IOMA-HC-DDE,1056_10_TA11_1826,0
2413c,6631_V3_C10,0
PC39-28C,231965_C1,0
PG9,94UG114,0
LJF-0024,DU422_1,0
PC39-39B,CNE8,0
PGT128,C4118_9,0
A12V163-a.01,CNE57,0
BG505.50,QC406_70M_F3,0
DF1W-a.01,6322_V4_C1,0
2413b,CH070_1,0
Bess1,398_F1_F6_20,0
830A,B006_ENV02,0
HERH-c.01,398_F1_F6_20,0
PC39-50L,CNE19,0
PCT64-18F,BAL_01,0
b12,BG1168_1,0
PGT130,249M_B10,0
VRC34.05,CNE15,0
b6,JRFL,0
DH270min12,CAP244_D3,0
PGT135,MGRM_AG_002,0
b13,TRO_11,0
Min12A21,3301_V1_C24,0
VRC03,BJOX025000_01_1,0
vFP7.04,6471_V1_C16,0
2408c.3,ZA012_29,0
vFP7.04,YU2,0
TRNM-b.01,7165_18,0
vFP5.01,UG037_8,0
PC39-28E,CNE20,0
GPZ6-a.01,SS1196_1,0
2408b,KNH1209_18,0
vFP49.02,6405_V4_C34,0
b12,92UG031,0
DFPH-a.15,A07412M1_VRC12,0
GPZ6-a.01,M02138,0
PCT64-35D,6244_13_B5_4567,0
ACS125,1056_10_TA11_1826,0
1357,BZ167_12,0
PGT130,6240_08_TA5_4622,0
2G12,21399975_E2_B3,0
10E8,VRC607_13_14_G13,0
SF5,WITO4160_33,0
Ab1415,CNE8,0
J038,3326_V4_C3,0
PC39-50L,3817_V2_C59,0
VRC-PG04b,CNE7,0
VRC-PG04b,ZM197_7,0
PGT128,ZM233_6,0
HERH-a.01,ZM53_12,0
447-52D,KNH1209_18,0
PC39-45A,MN_3,0
6561-a.01,CH505_TF,0
PCDN-22B,6535_3,0
DH270.5,TH976_17,0
DH796.1,ZM214_15,0
41328-a.01,CE0682_E4,0
VRC-PG05,26191_2_48,0
GPZ6-b.01,T253_11,0
PCT64-18B,DU172_17,0
PGZL1,6545_V4_C1,0
V033-a.01,191084_B7_19,0
VRC26.22,QH0692_42,0
N6LS.C47,CAP210_E8,0
PCT64-35O,0815_V3_C3,0
VRC26.06,288_38,0
PGDM12,1054_07_TC4_1499,0
PGT126,B019_ENV02,0
m66,PVO_4,0
6561-a.01,6480_V4_C25,0
2558,ZM135_10A,0
VRC26.06,RHPA4259_7,0
VRC34.05,25711_2_4,0
VRC34.04,THRO4156,0
PGT121,304_F2_1_11,0
DH796.1,ADA,0
VRC43.02,ZM106_9,0
2557,PVO_4,0
2408b,3326_V4_C3,0
PGT121,1HB2_W4_103015_F1_S87,0
CAP257-RH1,TH976_17,0
VRC26.27,HXB2,0
PCT64-35S,89_F1_2_25,0
PC39-55A,HXB2,0
PCT64-18D,0260_V5_C36,0
VRC40.02,Q23_17,0
VRC34.06,ZM55_28A,0
IOMA-HC-DDE,398_F1_F6_20,0
10-1074,1HD1_W4_012616_A6_S94,0
GPZ6-b.01,ZA012_29,0
HERH-a.01,ZA012_29,0
VRC-PG20,DU123_06,0
VRC26.10,ZM135_10A,0
PCDN-38B,92TH021,0
VRC26.08,6480_V4_C25,0
VRC26.04,MB539_2B7,0
DH650.8,CE2060_G9,0
2G12,CAP347_2_00_B1_1,0
A12V163-a.02,3589_V1_C4,0
DH650.8,BJOX025000_01_1,0
MinVRC01,ZM135_10A,0
HJ16,REJO4541_67,0
DF1W-a.02,A07412M1_VRC12,0
b12,3817_V2_C59,0
CH04,6540_V4_C1,0
VRC44.02,25925_2_22,0
HERH-c.01,0439_V5_C1,0
4E10,GIL,0
Ab1368,X2278_C2_B6,0
41328-a.01,211_9,0
VRC-PG04,BJOX028000_10_3,0
J038,6101_1,0
PGDM11,928_28,0
LJF-0097,001428_2_42,0
M1214_N2,Q23_17,0
PCT64-18B,DU422_1,0
2G12,00836_2_5,0
447-52D,62357_14_D3_4589,0
b12,KO870_C2_10,0
ACS130,PVO_4,0
V031-a.01,CE2010_F5,0
IOMA-HC-DDE,BF1266_431A,0
LJF-0109,CH070_1,0
3BNC117,BJOX002000_03_2,0
10-1074,6775_V7_D6_3,0
PCT64-35K,BAL_01,0
10E8,VRC607_13_00_G3,0
CH98,BF1266_431A,0
2408b,BJOX010000_06_2,0
A12V163-a.01,DU172_17,0
VRC03,B023_ENV09,0
2408b,3718_3_11,0
3BNC117,VRC607_10_00_D1,0
DH270.5,R2184_C4,0
VRC23,CNE3,0
J038,26191_2_48,0
10E8-2fH/0fL,KER2018_11,0
E51,UG037_8,0
VRC26.27,MN_3,0
GPZ6-b.01,235_47,0
VRC26.06,3337_V2_C6,0
VRC38.01,BF1266_431A,0
3BC315,CNE7,0
DH270 UCA,Q23_17,0
VRC26.18,WITO4160_33,0
VRC26.18,6405_V4_C34,0
VRC-PG04b,CAP210_E8,0
GPZ6-a.01,TRO_11,0
vFP7.04,3817_V2_C59,0
2723-3131,CH119_10,0
2408c.3,P0402_C2_11,0
VRC26.11,REJO4541_67,0
CH103,CH070_1,0
M1214_N1.2,C1080_C3,0
V031-a.01,3301_V1_C24,0
2413a,0330_V4_C3,0
1C2-rabbit,ZM53_12,0
VRC34-pI4,P0402_C2_11,0
CH04,231965_C1,0
PGT128,X1632_S2_B10,0
E70,0013095_2_11,0
PC39-28A,DU172_17,0
PGT125,P0402_C2_11,0
VRC33.01,TV1_29,0
Bess4,R1166_C1,0
PCDN-38B,CE2010_F5,0
2G12,BCF02,0
VRC26.33,ZM109_4,0
VRC26.14,ZM109_4,0
VRC26.30,92RW020_2,0
VRC26.32,Q168_A2,0
4E10,B035_ENV09,0
PGT128,714909112_11,0
GPZ6-b.01,MI369_A5,0
4022,ZM197_7,0
PGT142,3337_V2_C6,0
RHA10.04,CAAN5342,0
GPZ6-a.01,6322_V4_C1,0
TRNM-b.01,QH0515_1,0
VRC38.10,X1632_S2_B10,0
PCT64-18D,DU172_17,0
35O22,3718_3_11,0
DRVIA7,DRVI01_0803_15,0
2G12,BC02,0
6561-a.01,BJOX028000_10_3,0
PCT64-24F,AC10_29,0
m66,Q168_A2,0
vFP49.02,TZA125_17,0
VRC26.22,TH976_17,0
VRC26.03,C2101_C1,0
PC39-28C,A07412M1_VRC12,0
IOMA,191821_E6_1,0
ACS117,REJO4541_67,0
Bess4,X1193_C1,0
DH851.3,263_8,0
6561-a.01,246_F3_C10_2,0
CAP257-RH1,NKU3006_EC1,0
PCT64-35K,92BR020,0
VRC26.19,TRJO4551_58,0
LJF-0109,CH117_4,0
PCT64-24G,TRO_11,0
IOMA,ZA012_29,0
CAP257-RH1,45_01DG5,0
DH796.1,0933_V4_C4,0
b12,6980_V1_C17,0
VRC33.01,00836_2_5,0
LJF-0142,CNE31,0
vFP5.01,269_12,0
4E9C,QD435_100M_B5,0
VRC42.I3,RHPA4259_7,0
A12V163-a.01,92RW020_2,0
M1214_N2.2,DU172_17,0
6561-a.01,Q168_A2,0
PCDN-38B,3301_V1_C24,0
916B2,YU2,0
LJF-0097,ZM135_10A,0
vFP16.02,ZM109_4,0
CAP257-RH1,ZM215_8,0
V033-a.01,CH181_12,0
VRC26.03,QH0692_42,0
LJF-0142,ZM135_10A,0
15e,H029_12,0
m66,ZM233_6,0
RHA10.01,CAP210_E8,0
2158,H035_18,0
PC39-55D,CAP210_E8,0
VRC42.05,TRJO4551_58,0
2G12,HN6A_40,0
DH270.1,16055_2_3,0
2G12,X1854_C2_10,0
PGT121,CNE56,0
VRC42.03,ZM55_28A,0
DF1W-a.01,89_6,0
PC39-50K,BJOX028000_10_3,0
15e,CH120_6,0
ElsE1,1056_10_TA11_1826,0
2413c,CNE7,0
A12V163-b.01,MB539_2B7,0
PGT135,703010054_2A2,0
M1214_N2,CAAN5342,0
PGT135,T251_18,0
M1214_N2,C1080_C3,0
VRC41.01,M02138,0
VRC34.01_Combo1,6535_3,0
vFP5.01,3337_V2_C6,0
DH270min11,CNE56,0
10-1074,6292_V7_F10_2,0
PGDM21,ELI,0
HJ16,0439_V5_C1,0
Min12A21,X1632_S2_B10,0
VRC06b,6631_V3_C10,0
DF1W-a.01,T253_11,0
DF1W-a.01,6471_V1_C16,0
PC39-28C,001428_2_42,0
1B2530,0013095_2_11,0
PGT156,THRO4156,0
2G12,CAP341_2_00_C10_18,0
DH796.1,DU422_1,0
O.1,6535_3,0
RHA1.V2.01,X1254_C3,0
M4008_N1,SC05_8C11_2344,0
DH270.1,R1166_C1,0
PGT121,6292_V7_A6_1,0
J038,57128_VRC15,0
HJ16,16936_2_21,0
VRC26.06,MB539_2B7,0
17b,SHIV_CNE40_JD14_W29_20,0
b12,9004SS_A3_4,0
40591-a.01,704809221_1B3,0
GPZ6-a.01,BJOX010000_06_2,0
V031-a.01,REJO4541_67,0
PC39-23D,0330_V4_C3,0
3BNC117,B028_ENV03,0
DFPH-a.15,C3347_C11,0
PC39-50J,HXB2,0
VRC06,T257_31,0
VRC34.06,Q168_A2,0
6561-a.01,703010217_B6,0
vFP1.01,6545_V4_C1,0
PGT123,Q259_17,0
VRC34.01_Combo1,928_28,0
DH270.1,247_23,0
6561-a.01,SF162,0
CH02,TH023_6,0
VRC26.13,MB539_2B7,0
VRC42.I3,T250_4,0
PGT121,693_2215_V9_A7_1_REBOUND,0
DH270min11,CNE15,0
VRC44.02,703010217_B6,0
LJF-0097,263_8,0
VRC34-pI3,UG037_8,0
2G12,YBF39,0
10E8-19fH/16fL,ZM106_9,0
A12V163-a.02,HXB2,0
35O22,B027_ENV01,0
40591-a.01,6405_V4_C34,0
PGT121,247_23,0
DH650.8,0013095_2_11,0
DH270 IA3,X1632_S2_B10,0
VRC34.05,0013095_2_11,0
PGT121,703010054_2A2,0
DJ85-d.01,X2088_C9,0
RHA1.V2.01,00836_2_5,0
vFP7.04,X1254_C3,0
10-1074,1HD4K_W4_062316PL3_A3_S25,0
Bess1,CNE53,0
VRC38.01,C4118_9,0
PGZL1_gVmDmJ,89_F1_2_25,0
E51,PVO_4,0
PC39-23D,263_8,0
VRC-PG04b,CH117_4,0
VRC40.02,KER2008_12,0
VRC06,Q461_E2,0
DFPH-a.15,269_12,0
A16,CAP45_G3,0
b12,ZENV16_1202_7,0
PCT64-35S,CAAN5342,0
PGT128,BJOX025000_01_1,0
HERH-c.01,SS1196_1,0
A12V163-a.01,CAAN5342,0
m66,M02138,0
2G12,SH6_81,0
LJF-0097,X2088_C9,0
m66.6,CAP210_E8,0
41328-a.01,T257_31,0
35O22,CNE15,0
VRC26.14,CAP256_PI,0
PGT142,94UG103,0
447-52D,CNE31,0
VRC34.05,CH038_12,0
Ab1573,CNE8,0
VRC26.03,92RW020_2,0
4E10,SO225_H11_12,0
PC39-23A,CAP45_G3,0
PCT64-24B,REJO4541_67,0
vFP1.01,MB201_A1,0
PC39-28D,DU172_17,0
V031-a.01,1054_07_TC4_1499,0
VRC-PG05,CNE15,0
VRC26.26,3637_V5_C3,0
PCT64-35O,DU172_17,0
M1214_N2.2,ZM246F,0
A12V163-a.01,SC422_8,0
41328-a.01,TRO_11,0
2909,Q23_17,0
NC-Cow5,0260_V5_C36,0
VRC23,DU172_17,0
A12V163-a.01,R1166_C1,0
N49P18.1,T257_31,0
2G12,B025_ENV04,0
PC39-23A,6041_V3_C23,0
447-52D,CH115_12,0
VRC06b,6811_V7_C18,0
PGT126,B028_ENV06,0
2G12,KO426_T78_10,0
E51,ZM106_9,0
PCT64-35M,191821_E6_1,0
HERH-b.01,ZM53_12,0
PGT151,TH023_6,0
A12V163-a.02,TH976_17,0
PC39-50L,CNE52,0
RHA10.01,C4118_9,0
10E8 IgG mutant 5,3817_V2_C59,0
MinVRC01,CAP45_G3,0
1NC9,CAP88_6M_C10,0
SF5,6480_V4_C25,0
PGZL1_gVmDmJ,3016_V5_C45,0
VRC26.30,Q461_E2,0
TRNM-b.01,DU156_12,0
VRC42.I3,ZM215_8,0
2723-2121,BG505_W6M_C2,0
PC39-23A,REJO4541_67,0
EN02_01_D03,3326_V4_C3,0
PGT130,B019_ENV02,0
b12,89_F1_2_25,0
LJF-0085,3168_V4_C10,0
CH103,C4118_9,0
PC39-28C,CNE8,0
VRC26.05,CNE3,0
HmAb64,3337_V2_C6,0
6561-a.01,MI369_A5,0
LJF-0087,MS208_A1,0
179NC75,BB201_B42,0
DH1317.9,V704_1180_070ESN,0
3BC315,X1632_S2_B10,0
DH270.6,246_F3_C10_2,0
PGT121,CAP269_2_00_F11_1,0
IOMA,211_9,0
ACS130,BJOX002000_03_2,0
PG16,6244_13_B5_4567,0
GPZ6-a.01,89_6,0
PC39-55D,CE2060_G9,0
HERH-c.01,57128_VRC15,0
DF1W-a.02,P1981_C5_3,0
PCT64-35O,JRFL,0
PGT136,93MW959,0
E70,Q259_17,0
LJF-0085,R2184_C4,0
VRC42.I3,BB201_B42,0
1B2530,6405_V4_C34,0
DJ85-b.01,16845_2_22,0
10-1074,231966_C2,0
HJ16,B033_ENV02,0
VRC34.05,Q461_E2,0
gVRC-H1dC38/VRC01L,H086_8,0
PCT64-24F,BJOX025000_01_1,0
VRC26.26,CAAN5342,0
2G12,ZM135_10A,0
V033-a.01,6095_V1_C10,0
CH02,703010200_1E5,0
VRC26.03,BAL_26,0
17b,CAP256_SU,0
PC39-50F,CAP210_E8,0
PGT121,BB539_2B13,0
GPZ6-b.01,6322_V4_C1,0
10-1074,693_7989_V9_A8_1_REBOUND,0
PCT64-35M,92BR020,0
VRC38.08,57128_VRC15,0
PC39-61B,6540_V4_C1,0
2408b,X2278_C2_B6,0
PGT126,93RW029,0
DH270.6,HXB2,0
ACS125,Q769_D22,0
2558,THRO4156,0
PCT64-35M,CNE20,0
6561-a.01,CNE52,0
DH1317.9,19314479_A2_5,0
RHA10.01,P0402_C2_11,0
PCDN-22B,ZM249_1,0
DH511_I6,TRO_11,0
DH1317.9,T251_18,0
DH650.8,CAP210_E8,0
DH796.1,6535_3,0
PGZL1_gVmDmJ,249M_B10,0
VRC26.03,3817_V2_C59,0
PC39-50K,Q259_17,0
VRC41.01,6545_V4_C1,0
CAP257-RH1,T278_50,0
Bess4,703010054_2A2,0
DF1W-a.02,MN_3,0
447-52D,ZENV92_1008_8,0
PCT64-18D,6535_3,0
HJ16,45_01DG5,0
DH270.2,THRO4156,0
VRC46.01,ZM197_7,0
41328-a.01,6480_V4_C25,0
vFP5.01,DJ263_8,0
VRC34.01,BJOX028000_10_3,0
DH270.5,KER2018_11,0
PGT142,3468_V1_C12,0
10-1074,2936_V9_F2_3,0
TRNM-d.01,Q461_E2,0
DH270.5,CNE15,0
b13,242_14,0
E51,3817_V2_C59,0
VRC26.27,CNE30,0
DH270min12,CNE10,0
VRC24,ZM214_15,0
PC39-39C,CAP210_E8,0
HmAb64,X1254_C3,0
10E8 IgG mutant 5,CNE21,0
PC39-28E,BJOX025000_01_1,0
b12,CAP206_1_B5,0
10-1074,8074_BL_E12_4,0
DH511_UCA,CNE8,0
VRC26.13,96ZM651_02,0
LJF-0085,CH038_12,0
DJ85-b.01,235_47,0
PCIN77D,704809221_1B3,0
PGT126,NL43,0
3019,REJO4541_67,0
4022,RHPA4259_7,0
CH103,703010054_2A2,0
DH511_UCA,CH119_10,0
A16,CNE107,0
PC39-28C,CNE58,0
2G12,703357_C2,0
vFP1.01,6322_V4_C1,0
VRC06b,928_28,0
2408b,T255_34,0
DF1W-a.02,KER2018_11,0
DH851.3,3016_V5_C45,0
PGT151,C1080_C3,0
VRC07,DU422_1,0
HERH-a.01,PVO_4,0
916B2,QH209_14M_A2,0
PC39-39B,P0402_C2_11,0
2G12,21283649,0
vFP49.02,CNE59,0
M1214_N1.2,T257_31,0
6070-a.01,001428_2_42,0
vFP5.01,BS208_B1,0
6561-a.01,3468_V1_C12,0
VRC26.03,BR07,0
vFP1.01,7165_18,0
VRC26.12,PVO_4,0
HERH-c.01,ZM197_7,0
PGT155,BF1266_431A,0
17b,KNH1209_18,0
PGT151,16845_2_22,0
PCDN-33A,BJOX010000_06_2,0
M1214_N1,16055_2_3,0
HJ16,B015_ENV07,0
SF5,3415_V1_C1,0
2C09,CNE40,0
DH270.1,TH966_8,0
TRNM-d.01,3637_V5_C3,0
CH27,CAP206_1_B5,0
PGT142,QH0515_1,0
VRC43.01,286_36,0
VRC26.08,16845_2_22,0
b12,CA240_A5_5,0
VRC38.06,TRO_11,0
b12,BJYA105_5,0
CH106,CE1176_A3,0
DH270min11,CM244_EC1,0
VRC06,TV1_29,0
2G12,CAP292_2_00_12_4,0
447-52D,BB539_2B13,0
VRC06,16936_2_21,0
2411a,928_28,0
VRC38.01,CNE52,0
VRC38.07,THRO4156,0
DH851.3,0013095_2_11,0
PC39-28C,1012_11_TC21_3257,0
49G2,QH0692_42,0
2413b,MS208_A1,0
VRC26.27,T251_18,0
VRC23,16845_2_22,0
vFP5.01,DU156_12,0
PGT121,1HC2_W4_012216_A6_S95,0
DFPH-a.15,BAL_26,0
DH1317.9,703010054_2A2,0
17b,CNE23,0
V033-a.01,25711_2_4,0
J038,CNE21,0
PGT128,CNE55,0
b12,CNE56,0
LJF-0109,6785_V5_C14,0
VRC34.05,QH209_14M_A2,0
PG9,98CN006,0
vFP1.01,DU172_17,0
VRC06,NKU3006_EC1,0
A12V163-a.02,P0402_C2_11,0
vFP1.01,CNE31,0
PCT64-35S,1056_10_TA11_1826,0
3BC315,ADA,0
1B2530,89_F1_2_25,0
PG16,00836_2_5,0
CH103,3873_V1_C24,0
RHA10.01,231965_C1,0
PGT135,246_F3_C10_2,0
2408c.3,Q769_D22,0
A12V163-a.01,6095_V1_C10,0
PGT151,BJOX015000_11_5,0
CH98,DU422_1,0
ACS117,MS208_A1,0
VRC38.01,DU172_17,0
17b,T280_5,0
GPZ6-b.01,MS208_A1,0
HJ16,B024_ENV01,0
VRC26.26,TH976_17,0
0.5gamma,ZM249_1,0
VRC38.01,62357_14_D3_4589,0
VRC34.01_Combo1,CH070_1,0
PCT64-24F,001428_2_42,0
MinVRC01,C1080_C3,0
DJ85-a.01,R1166_C1,0
HERH-c.01,P0402_C2_11,0
PGT135,CNE56,0
VRC26.18,MB201_A1,0
PGDM11,C3347_C11,0
VRC26.11,UG037_8,0
J038,M02138,0
PGDM11,704809221_1B3,0
VRC34.01,QH0515_1,0
17b,CNE14,0
RHA10.01,9004SS_A3_4,0
CH04,0260_V5_C36,0
41328-a.01,6240_08_TA5_4622,0
VRC26.06,H086_8,0
CAP257-RH1,X1254_C3,0
PCT64-35F,DH12,0
N49P18.1,QH0692_42,0
M1214_N2.2,Q769_D22,0
E51,DU123_06,0
J038,QH0515_1,0
2408b,CH038_12,0
HERH-b.01,T250_4,0
VRC34.01,7165_18,0
ACS125,9004SS_A3_4,0
17b,CNE10,0
LJF-0142,3468_V1_C12,0
PGT121,705010185_TF,0
PCDN-38B,BJOX015000_11_5,0
CH02,B028_ENV03,0
LJF-0034,CH119_10,0
TRNM-a.01,6785_V5_C14,0
m66.6,ZM233_6,0
RHA1.V2.01,3301_V1_C24,0
2413a,ZM233_6,0
VRC26.22,WITO4160_33,0
vFP16.02,ZM249_1,0
VRC23,X2088_C9,0
VRC26.06,BR07,0
VRC38.01,263_8,0
VRC26.08,CNE31,0
HGN194,WITO4160_33,0
15e,CH111_8,0
VRC-CH31,T250_4,0
PCIN77B1b,DU156_12,0
2411a,MB539_2B7,0
A12V163-b.01,R2184_C4,0
6070-a.01,DU172_17,0
vFP16.02,MS208_A1,0
M1214_N1,CAP210_E8,0
b12,CH111_8,0
VRC-PG05,X2278_C2_B6,0
PGT128,92RW024,0
2G12,20355851_20,0
PC39-55D,T255_34,0
CAP257-RH1,CNE21,0
m66,THRO4156,0
vFP1.01,H086_8,0
LJF-0097,SC422_8,0
ACS122,1056_10_TA11_1826,0
m66,NKU3006_EC1,0
VRC44.02,JRCSF,0
VRC26.07,C1080_C3,0
PGT145,93RW029,0
IOMAmin3,62357_14_D3_4589,0
1B2530,6322_V4_C1,0
VRC33.01,7165_18,0
VRC07,620345_C1,0
PCIN71N1a,ZM249_1,0
VRC06,CNE12,0
PCIN77C,DU422_1,0
DFPH-a.15,7165_18,0
2408b,T257_31,0
PC39-39B,ZM53_12,0
PC39-50C,SS1196_1,0
PGT151,6644_V2_C33,0
VRC26.16,Q461_E2,0
A12V163-a.01,BX08_16,0
PC39-55D,ZM53_12,0
PC39-45B,CAP210_E8,0
RHA1.V2.01,MN_3,0
HJ16,ZENV32_0111_5,0
DJ85-a.01,C3347_C11,0
VRC-PG04,DU123_06,0
SF5,CNE20,0
EN02_05_B08,ZM233_6,0
PCDN-38B,703010054_2A2,0
M4008_N1,3103_V3_C10,0
PC39-61B,REJO4541_67,0
VRC34.06,DU422_1,0
PC39-50L,T257_31,0
VRC34-pI4,ZM53_12,0
J038,TZBD_02,0
PCIN77D,AC10_29,0
VRC46.01,CH038_12,0
PCT64-35M,3468_V1_C12,0
PC39-55D,Q259_17,0
2408b,HT593_1,0
ACS130,R1166_C1,0
DH717.1,CNE8,0
DH270min11,Q259_17,0
A12V163-a.01,Q842_D12,0
GPZ6-b.01,BB201_B42,0
DH270.5,TH023_6,0
TRNM-a.01,R2184_C4,0
DH270 IA3,CH848_D526_25_02,0
PCT64-35M,BG1168_1,0
ElsE1,T251_18,0
VRC02,57128_VRC15,0
M1214_N1.2,DU156_12,0
VRC42.I3,TRJO4551_58,0
vFP1.01,3468_V1_C12,0
m66,T250_4,0
PCT64-24E,92BR020,0
179NC75,0815_V3_C3,0
ACS125,C3347_C11,0
A16,CAP210_E8,0
VRC-CH31,BL01,0
10-1074,THRO4156,0
10-1074,1HD8K_W4_070116PL3_H8_S80,0
2413a,CNE5,0
HK20,242_14,0
ACS130,16055_2_3,0
m66.6,KER2008_12,0
VRC26.06,Q23_17,0
ACS130,A07412M1_VRC12,0
VRC26.15,SC422_8,0
PGT130,CAP45_G3,0
ACS117,TRO_11,0
916B2,QF495_23M_A1,0
PGT151,ZENV32_0111_5,0
PC39-23A,0330_V4_C3,0
2G12,ZM214_15,0
SF5,CNE52,0
PC39-28E,191955_A11,0
IOMA,R3265_C6,0
2G12,GX83_47,0
b12,BC14,0
DH270min11,A03349M1_VRC4A,0
ACS130,MS208_A1,0
RHA1.V2.01,CNE14,0
VRC03,B010_ENV09,0
VRC38.04,57128_VRC15,0
VRC40.02,M02138,0
DJ85-c.01,7165_18,0
VRC33.01,TZBD_02,0
PCT64-35M,BJOX015000_11_5,0
447-52D,B003_ENV04,0
NC-Cow4,Q23_17,0
b12,GX88_47,0
VRC26.03,QH0515_1,0
VRC26.14,92RW020_2,0
DH270min11,620345_C1,0
3BNC117,CAP239_2_00_G3J,0
830A,H030_7,0
2G12,3337_V2_C6,0
VRC06e,BJOX002000_03_2,0
CH103,CNE56,0
49G2,WITO_C,0
N6LS.C49,TV1_29,0
CH04,HXB2,0
VRC38.01,P1981_C5_3,0
DH270min11,T253_11,0
PC39-50K,R1166_C1,0
vFP5.01,X1193_C1,0
vFP7.04,3326_V4_C3,0
447-52D,CNE12,0
CH04,1006_11_C3_1601,0
VRC26.04,CAP256_PI,0
vFP5.01,T255_34,0
2413c,QH0515_1,0
2G12,SO706_T10B_3,0
2G12,ZM55_28A,0
4E10,20965238,0
2G12,XJ180_29,0
PCT64-18B,ZM214_15,0
EN02_05_B08,CE1172_H1,0
PC39-28B,DU172_17,0
PC39-61A,1006_11_C3_1601,0
DH270.1,MS208_A1,0
DH270 UCA,JRFL,0
VRC26.03,CNE31,0
PGT153,TRJO4551_58,0
DH650.8,CNE5,0
m66.6,TZA125_17,0
DH717.3,3016_V5_C45,0
10-1074,BB539_2B13,0
6561-a.01,3873_V1_C24,0
ACS130,ZM246F,0
10-1074,6292_V7_B9_2,0
PGT121,CNE58,0
2408c.3,16936_2_21,0
PCT64-35S,263_8,0
HmAb64,BAL_01,0
PC39-61A,ZM233_6,0
m66.6,CNE12,0
VRC26.27,QH0515_1,0
V031-a.01,RHPA4259_7,0
DH796.1,CT810_G4_7,0
PCT64-35O,6811_V7_C18,0
PCT64-35C,CAP210_E8,0
PCDN-33A,92TH021,0
PC39-50E,REJO4541_67,0
PGT135,REJO4541_67,0
DFPH-a.15,REJO4541_67,0
DH796.1,HXB2,0
DH270min11,R2184_C4,0
PGT145,CNE4,0
DJ85-b.01,PVO_4,0
PGT123,231966_C2,0
RHA1.V2.01,C2101_C1,0
PC39-50K,BG505_W6M_C2,0
PGT151,UG024_2,0
Min12A21,CE1086_B2,0
VRC06b,P1981_C5_3,0
PGT128,QH0515_1,0
2411a,6644_V2_C33,0
AIIMS-P01,ZM53_12,0
2558,SC422_8,0
6561-a.01,ZM249_1,0
DH796.1,Q259_17,0
DFPH-a.15,6631_V3_C10,0
ACS125,211_9,0
6561-a.01,MW965_26,0
PGT126,Q769_H5,0
PGT153,231966_C2,0
VRC34-pI2',286_36,0
4E10,B010_ENV09,0
3BC315,DU156_12,0
VRC38.01,CNE21,0
2G12,0984_V2_C2,0
DH270min1,CNE10,0
DH270.5,ZM249_1,0
V033-a.01,C3347_C11,0
EN02_05_B08,CNE15,0
PG9,714909105_6,0
PC39-23B,ZM249_1,0
DH270.3,DU172_17,0
DH650.8,6811_V7_C18,0
PCT64-24F,SC422_8,0
VRC38.01,ZM246F,0
HERH-a.01,CAP244_D3,0
DH650.8,CNE17,0
PC39-17B,TRJO4551_58,0
2723-3131,BJOX002000_03_2,0
A12V163-a.02,288_38,0
VRC26.06,0077_V1_C16,0
DH270min12,6405_V4_C34,0
ACS130,Q23_17,0
IOMA,3103_V3_C10,0
PGT130,620345_C1,0
vFP5.01,THRO4156,0
4E10,X558_8_B12_6,0
VRC06b,UG024_2,0
vFP5.01,RHPA4259_7,0
HERH-a.01,5768_4,0
PCIN71N1a,CAP45_G3,0
IOMAexFACEmin,DU172_17,0
IOMA,BI369_9A,0
PGT121,620345_C1,0
2411a,0921_V2_C14,0
VRC06b,703010054_2A2,0
A12V163-a.02,928_28,0
2408c.3,DU422_1,0
PC39-50I,231965_C1,0
2G12,21369737_G11_F2,0
CH04,620345_C1,0
PGT152,ZM135_10A,0
VRC34.03,DU422_1,0
PC39-50K,C4118_9,0
PC39-39B,1054_07_TC4_1499,0
PCT64-18D,P0402_C2_11,0
PCT64-24E,231965_C1,0
PCDN-38B,CNE58,0
b12,B006_ENV02,0
DJ85-a.01,T251_18,0
PGT154,TRJO4551_58,0
vFP1.01,QH0692_42,0
MinVRC01,CE0682_E4,0
DJ85-c.01,T257_31,0
VRC23b,ZM233_6,0
PCT64-24F,QH0692_42,0
DH1317.9,V704_0575_060_RE_P002S,0
4E10,B036_ENV13,0
VRC38.01,ZM55_28A,0
VRC-CH31,6322_V4_C1,0
N49P23,191955_A11,0
HJ16,JRFL,0
ACS117,703010054_2A2,0
PGT121,CAP129_1_15_B2_13,0
PC39-50L,CE2010_F5,0
PGZL1,3103_V3_C10,0
17b,96ZM651_02,0
b12,20104663_E11_D2,0
10E8 IgG mutant 5,89_F1_2_25,0
PGDM12,WITO4160_33,0
PCDN-27D,92RW020_2,0
DH270.5,6405_V4_C34,0
VRC26.18,SC422_8,0
PCDN-38B,191955_A11,0
2G12,1054_07_TC4_1499,0
AIIMS-P01,T250_4,0
VRC26.06,6471_V1_C16,0
VRC38.06,ZA012_29,0
35O22,191084_B7_19,0
830A,B030_ENV09,0
PCDN-33A,6545_V4_C1,0
NC-Cow1,ZM135_10A,0
vFP5.01,TRJO4551_58,0
IOMAexFACEmin,CAP210_E8,0
vFP16.02,R2184_C4,0
RHA10.01,16055_2_3,0
41328-a.01,AC10_29,0
b13,PVO_4,0
17b,CNE28,0
E51,MI369_A5,0
VRC-PG04,UG021_16,0
VRC34-pI3,0921_V2_C14,0
VRC26.06,UG037_8,0
PC39-28C,BJOX009000_02_4,0
VRC07,H086_8,0
49G2,SUMA_D5_8_2,0
2C09,3365_V2_C20,0
VRC-PG04,6545_V3_C13,0
DH717.4,CH505_W4_3,0
RHA10.04,BJOX002000_03_2,0
10-1074,BJOX028000_10_3,0
2408b,ZM55_28A,0
VRC-PG05,191821_E6_1,0
LJF-0087,3016_V5_C45,0
PGT125,CNE58,0
2G12,RBF168,0
PGT151,R2184_C4,0
vFP5.01,ZA012_29,0
35O22,TRO_11,0
PGT135,T250_4,0
DF1W-a.01,SC422_8,0
DH1317.9,V704_1991_230_RE_P001S_1194T,0
DH650.8,CNE19,0
A12V163-a.01,X2278_C2_B6,0
4025,SS1196_1,0
HmAb64,KER2018_11,0
CH98,CAAN5342,0
RHA10.01,6545_V4_C1,0
VRC42.I3,CM244_EC1,0
CH03,B032_ENV07,0
IOMA-HC-DDE,P1981_C5_3,0
DH270min12,0330_V4_C3,0
41328-a.01,SC422_8,0
PC39-39B,6041_V3_C23,0
VRC26.05,MB201_A1,0
VRC34.01_Combo1,6631_V3_C10,0
DH270.5,ZM233_6,0
DF1W-a.02,BS208_B1,0
VRC26.26,R1166_C1,0
VRC-PG20,BR07,0
VRC26.33,MB201_A1,0
VRC34-pI3HCpI2LC,25710_2_43,0
EN02_05_B08,X2278_C2_B6,0
CAP257-RH1,WITO4160_33,0
A12V163-b.01,SF162,0
830A,ZM135_10A,0
35O22,N90_08A25,0
PGT127,SC422_8,0
PGT121,BJOX010000_06_2,0
b12,GX91_2,0
DH796.1,CNE3,0
CH103,CAP206_1_B5_Y681D,0
447-52D,H079_2,0
Ab1573,T250_4,0
41328-a.01,CE1172_H1,0
MinVRC01,CE1172_H1,0
DH717.3,CNE8,0
VRC-CH31,89_F1_2_25,0
VRC26.26,BX08_16,0
VRC26.13,92RW020_2,0
DH651.3,X1632_S2_B10,0
DH270.1,3468_V1_C12,0
Min12A21,0013095_2_11,0
M1214_N1.2,T251_18,0
179NC75,ZA012_29,0
b6,MG505_W0M_A2,0
35O22,N90_08B17,0
VRC34-pI4,CNE56,0
10E8 IgG mutant 5,CE0682_E4,0
b12,X2131_C1_B5,0
vFP7.04,X1632_S2_B10,0
PGDM12,BJOX025000_01_1,0
447-52D,ZENV16_1202_7,0
PGDM21,T255_34,0
GPZ6-a.01,HT593_1,0
2G12,BC18,0
EN02_01_D03,89_F1_2_25,0
2408c.3,3637_V5_C3,0
HERH-a.01,ZM215_8,0
LJF-0109,CH119_10,0
PGT123,6545_V4_C1,0
VRC34-pI3,PVO_4,0
LJF-0024,RHPA4259_7,0
VRC-PG05,6471_V1_C16,0
DH270min11,CNE8,0
1B2530,CNE3,0
PGT121,B035_ENV05,0
V031-a.01,89_F1_2_25,0
vFP1.01,X2088_C9,0
PC39-39B,Q461_E2,0
PGT121,CAP330_2_00_F2_41,0
LJF-0087,ZM53_12,0
RHA10.01,CNE55,0
vFP49.02,ZA012_29,0
vFP5.01,CNE21,0
VRC46.01,286_36,0
DH270min11,CAP45_G3,0
M4008_N1,0013095_2_11,0
LJF-0097,TRJO4551_58,0
E70,001428_2_42,0
35O22,B024_ENV01,0
447-52D,ZENV91_0505_12,0
A12V163-a.02,398_F1_F6_20,0
VRC06b,6322_V4_C1,0
2411a,0077_V1_C16,0
PC39-17A,X2088_C9,0
PC39-28D,YU2,0
1C2-rabbit,DU156_12,0
VRC38.04,PVO_4,0
PC39-61A,263_8,0
PCIN66B,X1254_C3,0
PGT156,BF1266_431A,0
VRC44.02,UG021_16,0
PGT121,BJOX015000_11_5,0
m66,CNE7,0
PC39-61B,Q769_D22,0
vFP7.04,235_47,0
VRC26.30,THRO4156,0
PCIN71N1a,KNH1144,0
2G12,YN177_1,0
vFP5.01,X2278_C2_B6,0
b12,569_F1_37_10,0
GPZ6-b.01,247_23,0
VRC24,JRCSF,0
PGT123,92UG001,0
vFP49.02,DU123_06,0
PC39-50G,3016_V5_C45,0
LJF-0097,C2101_C1,0
2G12,CE2010_F5,0
VRC34-pI3,UG024_2,0
447-52D,AC10_29,0
HK20,SS1196_1,0
17b,H031_7,0
VRC26.07,TRJO4551_58,0
IOMA,CNE10,0
PCT64-35D,MN_3,0
VRC01-0fH/0fL,CAAN5342,0
PC39-23D,BJOX010000_06_2,0
LJF-0034,45_01DG5,0
ACS125,X2131_C1_B5,0
HmAb64,6405_V4_C34,0
b13,CAP45_G3,0
NC-Cow3,TRO_11,0
CH103,X2131_C1_B5,0
DRVIA7,DRVI01_0912_7,0
VRC38.10,ZA012_29,0
M1214_N2,BJOX015000_11_5,0
VRC-PG05,0439_V5_C1,0
10E8v4-DS,ZM106_9,0
VRC06b,ZM55_28A,0
PCT64-18F,YU2,0
41328-a.01,CAP210_E8,0
2G12,98_V3_C5,0
PC39-55D,BF1266_431A,0
17b,263_8,0
V033-a.01,6952_V1_C20,0
DH270.1,THRO4156,0
M1214_N2,6535_3,0
M4008_N1,THRO4156,0
DJ85-a.01,7165_18,0
PC39-28C,CE2060_G9,0
6561-a.01,CNE12,0
A16,CNE47,0
CH27,1006_11_C3_1601,0
D5,CH119_10,0
PC39-17A,1006_11_C3_1601,0
PGT121,2305_V7_G2_2,0
447-52D,CAP45_G3,0
2408b,288_38,0
2G12,HN15A_27,0
916B2,Q769_H5,0
AIIMS-P01,UG024_2,0
RHA1.V2.01,X1193_C1,0
8ANC195,ZM55_28A,0
Bess4,PVO_4,0
447-52D,96ZM651_02,0
DH270min1,3365_V2_C20,0
PG16,HXB2,0
2413a,CH117_4,0
A16,CNE30,0
DJ85-a.01,269_12,0
DJ85-d.01,QH0515_1,0
2G12,3016_V5_C45,0
Ab1289,246_F3_C10_2,0
VRC33.01,6545_V4_C1,0
10-1074,CNE55,0
PCT64-18D,211_9,0
2G12,T255_34,0
VRC26.24,UG037_8,0
2408b,398_F1_F6_20,0
VRC26.33,REJO4541_67,0
PCT64-24F,A07412M1_VRC12,0
VRC34-pI3HCpI2LC,KER2008_12,0
PGT157,89_F1_2_25,0
DH270.5,BS208_B1,0
ACS117,3016_V5_C45,0
A12V163-a.02,CNE4,0
DH650.8,WEAU_D15_410,0
DH651.8,25710_2_43,0
CH02,B021_ENV08,0
PCIN71F,WITO4160_33,0
DH851.3,9004SS_A3_4,0
VRC26.04,RHPA4259_7,0
M1214_N1,704809221_1B3,0
PGT145,B020_ENV06,0
VRC34-pI3,MN_3,0
35O22,B003_ENV04,0
PCIN71F,TRO_11,0
40591-a.01,DU172_17,0
PCIN71N1a,DU172_17,0
HK20,T250_4,0
DH270min11,191821_E6_1,0
2413a,DU151_02,0
PC39-23D,CNE8,0
TRNM-d.01,C2101_C1,0
A12V163-a.02,BB539_2B13,0
CAP257-RH1,SF162,0
DH270min12,3589_V1_C4,0
IOMA,ZM197_7,0
VRC34-pI4,R1166_C1,0
VRC42.I3,T257_31,0
N49P18.1,CE2060_G9,0
vFP7.04,C4118_9,0
PGT151,CE0682_E4,0
PG9,T251_18,0
vFP1.01,CNE10,0
VRC06b,UG021_16,0
6561-a.01,6952_V1_C20,0
PGT158,89_F1_2_25,0
PC39-61A,CNE19,0
PG9,CNE56,0
vFP49.02,928_28,0
DFPH-a.15,6785_V5_C14,0
6561-a.01,CE2060_G9,0
Ab1457,Q23_17,0
VRC40.02,3817_V2_C59,0
17b,Q842_D12,0
vFP49.02,CNE15,0
VRC01-5fH/0fL,JRCSF,0
PGZL1_gVmDmJ,X1632_S2_B10,0
PGT151,TH976_17,0
PCDN-38A,CAP45_G3,0
RHA10.01,ZM247_V1,0
vFP5.01,A03349M1_VRC4A,0
PCT64-24E,DU172_17,0
6561-a.01,Q769_D22,0
2413c,BL01,0
HmAb64,CNE20,0
10-1074,B028_ENV03,0
DH270.1,Q769_H5,0
A12V163-a.02,T255_34,0
VRC26.33,CAAN5342,0
2G12,CE1176_A3,0
M1214_N2.2,CNE58,0
VRC07b,BJOX002000_03_2,0
PGT135,6838_V1_C35,0
PGZL1_gVmDmJ,ZM214_15,0
IOMA,BJOX009000_02_4,0
10-1074,9252_REBOUND_S70_D5,0
O.5,QH0692_42,0
49G2,RHPA4259_7,0
PCT64-35S,ADA,0
3BC315,TZBD_02,0
PGT135,25711_2_4,0
VRC26.06,620345_C1,0
PCDN-33A,REJO4541_67,0
CH04,REJO4541_67,0
PGT136,SC422_8,0
PCDN-38A,CE2060_G9,0
1B2530,BJOX009000_02_4,0
10-1074,6540_V4_C1,0
PCT64-35S,ZM135_10A,0
HJ16,3988_25,0
VRC08,T250_4,0
10-996,16055_2_3,0
b13,6101_1,0
ACS125,ZM247_V1,0
VRC07-523LS.v34,BL01,0
PCT64-35S,6480_V4_C25,0
DJ85-c.01,3016_V5_C45,0
A12V163-a.02,ZM109_4,0
49G2,REJO_C,0
2G12,CNE18,0
6070-a.01,PVO_4,0
M1214_N1,T278_50,0
VRC38.01,3326_V4_C3,0
2G12,CAP317_2_00_D4_10,0
DRVIA7,620345_C1,0
E51,R2184_C4,0
2408b,DU156_12,0
VRC40.02,00836_2_5,0
vFP7.04,CAP210_E8,0
PCDN-27C,BAL_01,0
PGZL1_gVmDmJ,SC05_8C11_2344,0
VRC24,Q769_H5,0
VRC06,703010217_B6,0
vFP16.02,3016_V5_C45,0
HJ16,MN_3,0
HERH-c.01,MB539_2B7,0
TRNM-b.01,00836_2_5,0
GPZ6-b.01,5768_4,0
vFP49.02,ZM215_8,0
2909,YU2,0
V031-a.01,SC422_8,0
830A,B010_ENV09,0
VRC38.01,ZM215_8,0
1B2530,16936_2_21,0
ACS130,703010217_B6,0
DH270min1,H086_8,0
35O22,N90_08A19,0
2411a,JRCSF,0
DH511.11P,X2088_C9,0
DH796.1,TH966_8,0
Ab1368,398_F1_F6_20,0
2408c.3,286_36,0
2408c.3,CAP244_D3,0
PCT64-35E,DH12,0
2413c,CNE15,0
PCIN71G,6545_V4_C1,0
ACS122,Q769_D22,0
VRC34.05,KER2008_12,0
10-1074,1HC2_W4_012216_G5_S14,0
6561-a.01,R2184_C4,0
A12V163-b.01,MI369_A5,0
6561-a.01,ZM53_12,0
HERH-a.01,0077_V1_C16,0
M1214_N2,6811_V7_C18,0
IOMA,CNE5,0
HmAb64,57128_VRC15,0
VRC34.05,HT593_1,0
VRC34.05,R2184_C4,0
PC39-39B,T251_18,0
6561-a.01,191084_B7_19,0
RHA1.V2.01,7165_18,0
CH103,6240_08_TA5_4622,0
NC-Cow4,191084_B7_19,0
2G12,B03,0
VRC38.10,JRFL,0
PCDN-38A,X2131_C1_B5,0
A12V163-a.02,R1166_C1,0
PGT128,92UG031,0
PC39-17A,BJOX010000_06_2,0
TRNM-b.01,X1254_C3,0
VRC34.01,5768_4,0
2G12,HB5_3,0
DH851.3,703010217_B6,0
PC39-28E,R1166_C1,0
VRC34-pI3,HT593_1,0
N49P19,CAP210_E8,0
HERH-c.01,BL01,0
PGT123,T255_34,0
HmAb64,1056_10_TA11_1826,0
VRC46.01,16055_2_3,0
DF1W-a.02,REJO4541_67,0
0.5gamma,ZM53_12,0
DF1W-a.01,UG021_16,0
PCDN-38B,C4118_9,0
VRC-PG05,ZM233_6,0
PGT123,CNE8,0
VRC-PG20,92BR025_9,0
m66.6,398_F1_F6_20,0
PCDN-27A,ADA,0
DJ85-c.01,3168_V4_C10,0
DF1W-a.01,KER2018_11,0
1361,RHPA4259_7,0
PG9,100155M_12,0
RHA1.V2.01,BJOX009000_02_4,0
VRC26.26,CNE15,0
2408c.3,ZM135_10A,0
VRC-PG05,NP03,0
PCT64-35S,92BR020,0
PCT64-35D,T255_34,0
6070-a.01,X1193_C1,0
PGDM12,98TZ017,0
A12V163-a.01,0013095_2_11,0
VRC26.06,TRJO4551_58,0
ACS130,BJOX009000_02_4,0
DH270min11,M02138,0
M1214_N2.2,CE1172_H1,0
PC39-50L,0815_V3_C3,0
M4008_N1,TRJO4551_58,0
PC39-50B,REJO4541_67,0
vFP1.01,P0402_C2_11,0
PC39-50G,Q461_E2,0
ACS122,231965_C1,0
447-52D,00836_2_5,0
b13,3873_V1_C24,0
PGT121,8074_BL_F3_3,0
VRC42.05,Q23_17,0
HERH-a.01,7165_18,0
vFP5.01,191821_E6_1,0
DF1W-a.01,CNE56,0
IOMA,6545_V4_C1,0
VRC26.02,Q842_D12,0
PC39-61A,SC05_8C11_2344,0
IOMA-HC-DDE,T255_34,0
2723-3131,X1632_S2_B10,0
E51,CAP244_D3,0
PC39-45A,ZM135_10A,0
VRC06b,C2101_C1,0
vFP1.01,BJOX028000_10_3,0
ACS125,6952_V1_C20,0
IOMA,UG037_8,0
PGT121,9372_BL_A10_1,0
VRC26.13,Q769_D22,0
PC39-50K,HXB2,0
VRC26.08,BJOX015000_11_5,0
HERH-a.01,BJOX010000_06_2,0
b12,94UG114,0
Min12A21,703010054_2A2,0
HJ16,CNE7,0
N49P18.1,C1080_C3,0
40591-a.01,001428_2_42,0
6561-a.01,DU156_12,0
PCIN77D,928_28,0
PC39-61B,TRJO4551_58,0
PCT64-24G,SC422_8,0
M1214_N1,P0402_C2_11,0
15e,WEAU_D15_410,0
15e,Q259_17,0
VRC26.04,MB201_A1,0
vFP16.02,BB539_2B13,0
PGT125,16845_2_22,0
VRC46.01,CAP45_G3,0
Ab1415,DU422_1,0
D5,SS1196_1,0
A12V163-b.01,T255_34,0
VRC26.22,TRJO4551_58,0
PCDN-27D,REJO4541_67,0
2G12,CNE8,0
2413c,X2278_C2_B6,0
VRC-PG05,WEAU_D15_410,0
VRC26.30,WITO4160_33,0
PCIN71N1a,SF162,0
PC39-23A,T255_34,0
VRC34.05,BG505_W6M_C2,0
N49P18.1,6540_V4_C1,0
VRC38.01,QH209_14M_A2,0
V031-a.01,CNE30,0
1393A,BZ167_12,0
J038,92RW020_2,0
DH796.1,BR07,0
PGT127,92UG001,0
EN02_01_D03,T250_4,0
DH796.1,1170887_08,0
3BNC117,BL01,0
PG9,NKU3006_EC1,0
PGT151,M02138,0
6561-a.01,3817_V2_C59,0
35O22,3817_V2_C59,0
vFP49.02,MS208_A1,0
b12,KO756_38_TB12,0
N49P7,20915593,0
2413c,0013095_2_11,0
VRC34.03,92RW020_2,0
vFP7.04,REJO4541_67,0
DH851.3,CNE55,0
PGT152,ZM53_12,0
PCT64-35N,QH0692_42,0
10-1074,C3347_C11,0
4022,25710_2_43,0
4E10,RUSP816_B3_ST11,0
IOMA-HC-DDE,SC05_8C11_2344,0
PGDM11,T278_50,0
CH04,92RW020_2,0
830A,B006_ENV10,0
6070-a.01,R2184_C4,0
PCIN71F,HXB2,0
b13,231965_C1,0
VRC01-0fH/0fL,YU2,0
15e,ZM214_15,0
DF1W-a.02,CNE56,0
PCDN-33A,CAP210_E8,0
447-52D,Q168_A2,0
2G12,98TZ017,0
m66,3326_V4_C3,0
HJ16,ZM197_7,0
DH650.8,6545_V4_C1,0
PGT121,1HC1_W4_070516PL2_B4_S96,0
RHA10.01,CNE52,0
PGT135,DJ263_8,0
EN02_01_D03,DU422_1,0
916B2,QA465_59M_A1,0
179NC75,3589_V1_C4,0
VRC06b,CE0682_E4,0
Min12A21,C4118_9,0
VRC34.01,P0402_C2_11,0
HK20,92BR025_9,0
PG9,B006_ENV02,0
15e,H078_14,0
vFP1.01,DJ263_8,0
b12,T252_7,0
PG9,CNE30,0
VRC38.04,TRJO4551_58,0
LJF-0087,R1166_C1,0
HK20,T257_31,0
HERH-a.01,247_23,0
SF5,ZM214_15,0
2G12,231965_C1,0
ACS130,263_8,0
E51,DU172_17,0
vFP16.02,PVO_4,0
VRC34.05,QH0692_42,0
HmAb64,3468_V1_C12,0
LJF-0097,CH181_12,0
VRC26.08,BAL_26,0
VRC43.03,TH966_8,0
PCT64-18D,ZM214_15,0
PCT64-35D,BAL_01,0
m66,CAP210_E8,0
PC39-61B,211_9,0
vFP1.01,CAP256_SU,0
PC39-50B,92TH021,0
PGT128,0921_V2_C14,0
HERH-b.01,16055_2_3,0
IOMAmin5,0815_V3_C3,0
2G12,9004SS_A3_4,0
2408b,MS208_A1,0
0PV-d.01,A03349M1_VRC4A,0
E51,0013095_2_11,0
DH270.1,Q461_E2,0
PC39-17B,BG505_W6M_C2,0
PG16,6631_V3_C10,0
E70,CH038_12,0
Min12A21,JRCSF,0
EN01_007,231965_C1,0
VRC06,CE1176_A3,0
vFP49.02,R3265_C6,0
2558,JRCSF,0
DFPH-a.15,BJOX025000_01_1,0
LJF-0097,6785_V5_C14,0
IOMA,DU172_17,0
PGT128,3637_V5_C3,0
VRC26.27,ZM215_8,0
VRC34-pI4,ZM197_7,0
VRC26.19,WITO4160_33,0
PGT121,2990_V7_C10_3,0
PGT125,92UG031,0
ACS125,X1193_C1,0
179NC75,92BR025_9,0
VRC23,KER2018_11,0
vFP16.02,TRO_11,0
VRC01 UCA,CNE8,0
CH04,TRJO4551_58,0
0PV-d.01,6405_V4_C34,0
VRC44.02,3168_V4_C10,0
M1214_N2.2,191955_A11,0
DH1317.9,21502011_F12_E2,0
VRC26.14,6535_3,0
PGZL1_gVmDmJ,WITO4160_33,0
DH511_I6,CH119_10,0
VRC26.16,Q769_D22,0
2408b,CAP210_E8,0
vFP5.01,5768_4,0
b12,ZM109_4,0
M1214_N2,3103_V3_C10,0
b12,216_F2_E3_5,0
2219,B036_ENV03,0
M1214_N2,6041_V3_C23,0
VRC38.04,CAAN5342,0
RHA10.01,T278_50,0
2G12,B019_ENV02,0
VRC38.01,MW965_26,0
2413b,ZM109_4,0
LJF-0142,001428_2_42,0
PGT127,T251_18,0
CH103,6811_V7_C18,0
A12V163-a.01,ZM53_12,0
PC39-61B,6811_V7_C18,0
Ab1573,DU422_1,0
2408c.3,CNE31,0
2408c.3,6545_V4_C1,0
vFP7.04,A07412M1_VRC12,0
PGT121,C4118_9,0
HERH-c.01,25710_2_43,0
PCT64-24E,BJOX010000_06_2,0
VRC26.27,RHPA4259_7,0
VRC26.08,BJOX010000_06_2,0
HGN194,CH064_20,0
V031-a.01,ZM197_7,0
PG16,1054_07_TC4_1499,0
VRC06,T255_34,0
447-52D,BJOX025000_01_1,0
2G12,703010054_2A2,0
HERH-c.01,6785_V5_C14,0
PGT130,MS208_A1,0
DH851.3,3301_V1_C24,0
ACS117,CNE21,0
b12,KO426_T78_10,0
10-1074,1HB2_W4_103015_F2_S88,0
vFP7.04,DJ263_8,0
DF1W-a.01,235_47,0
ACS125,T250_4,0
35O22,B021_ENV08,0
VRC34.05,CNE55,0
VRC26.06,CNE15,0
PCT64-35O,KNH1144,0
3BC315,3365_V2_C20,0
VRC38.03,YU2,0
DH517,ZA012_29,0
m66,QH209_14M_A2,0
PC39-50I,191955_A11,0
VRC34-pI4,CNE5,0
VRC26.27,CAP256_PI,0
A12V163-a.02,CNE20,0
vFP1.01,3817_V2_C59,0
2C09,MI369_A5,0
CH01_UA3,CH119_10,0
CH58,DU151_02,0
LJF-0109,C4118_9,0
vFP1.01,X1632_S2_B10,0
HJ16,6041_V3_C23,0
VRC34.06,YU2,0
HERH-a.01,Q769_H5,0
2158,AC10_29,0
VRC44.02,231965_C1,0
VRC34-pI3,Q461_E2,0
PGT135,MB201_A1,0
PC39-17A,0330_V4_C3,0
447-52D,CAP244_D3,0
VRC01-5fH/6fL,DU422_1,0
PG9,CNE9,0
HmAb64,CAP256_SU,0
b13,3637_V5_C3,0
2G12,92BR020,0
15e,16936_2_21,0
DH796.1,191821_E6_1,0
CH58,MW965_26,0
DH796.1,YU2,0
35O22,B028_ENV03,0
VRC43.02,THRO4156,0
PCT64-35N,6535_3,0
PCT64-35S,001428_2_42,0
vFP1.01,ZM214_15,0
2G12,CNE28,0
17b,211_9,0
HJ16,B021_ENV08,0
PCT64-35D,ZM246F,0
VRC03,B021_ENV03,0
VRC40.02,BJOX025000_01_1,0
VRC26.13,C1080_C3,0
PC39-39B,ZM109_4,0
A16,CH064_20,0
A12V163-a.01,25925_2_22,0
VRC07c,BJOX002000_03_2,0
b12,B036_ENV13,0
DH270.5,ZM53_12,0
6561-a.01,ZM106_9,0
0PV-d.01,CNE56,0
41328-a.01,BF1266_431A,0
PC39-39B,ZM233_6,0
VRC26.27,UG037_8,0
GPZ6-b.01,CAP244_D3,0
DH650.8,191084_B7_19,0
2408b,MB201_A1,0
DF1W-a.01,CNE57,0
DFPH-a.15,CAP244_D3,0
b13,263_8,0
VRC38.01,231965_C1,0
2G12,X1193_C1,0
DH270.5,BG1168_1,0
J038,620345_C1,0
2G12,CNE30,0
VRC26.02,CAP45_G3,0
2219,DJ263_8,0
1393A,TRO_11,0
A12V163-b.01,CH119_10,0
DH270 UCA,CAAN5342,0
N49P22,3016_V5_C45,0
TRNM-a.01,235_47,0
10-1074,9343_W8_S52_B2,0
EN02_05_B08,CH038_12,0
HmAb64,MB539_2B7,0
PGT142,CNE19,0
Bess1,AC10_29,0
b13,X2088_C9,0
HmAb64,398_F1_F6_20,0
VRC34-pI3,6095_V1_C10,0
2G12,3637_V5_C3,0
IOMA,242_14,0
VRC40.02,92BR025_9,0
GPZ6-b.01,ZM197_7,0
2408c.3,REJO4541_67,0
DH270min1,HT593_1,0
VRC03,CNE30,0
PGT121,693_1969_V11_C4_1_REBOUND,0
PGDM21,CNE58,0
PGDM12,191955_A11,0
HmAb64,7165_18,0
CH103,9004SS_A3_4,0
M1214_N2,BG505_W6M_C2,0
DH270.1,BS208_B1,0
V033-a.01,BJOX028000_10_3,0
PGT142,BJOX025000_01_1,0
41328-a.01,CH119_10,0
m66.6,CNE31,0
447-52D,211_9,0
PGT145,T255_34,0
VRC-PG04,THRO4156,0
PGT151,7165_18,0
b12,CAAN5342,0
VRC38.01,BL01,0
VRC46.01,X2131_C1_B5,0
447-52D,ZENV07_0504_15,0
ElsE2,CE0682_E4,0
b12,ZM55_28A,0
PCDN-33A,ZM249_1,0
PCIN71N1a,JRFL,0
PCT64-35D,REJO4541_67,0
RHA1.V2.01,BG1168_1,0
A12V163-a.02,3016_V5_C45,0
DH270.5,ZM197_7,0
2408b,703010217_B6,0
PC39-50D,CAP45_G3,0
PGZL1_gVmDmJ,3817_V2_C59,0
M1214_N1,THRO4156,0
PGT151,NAB5PRE_CL_1,0
bNAb1586,CH119_10,0
VRC26.13,ZM135_10A,0
4E9C,REJO4541_67,0
A12V163-a.01,6838_V1_C35,0
VRC26.26,R3265_C6,0
PCT64-24B,TRO_11,0
VRC26.16,CAP256_PI,0
2G12,X2558_A3,0
vFP5.01,CNE10,0
PCT64-18D,6952_V1_C20,0
2G12,GX79_7,0
6070-a.01,THRO4156,0
VRC-PG04b,TZA125_17,0
PCT64-18D,CAAN5342,0
DH270.1,HT593_1,0
VRC26.11,ZM214_15,0
VRC38.02,DU422_1,0
DH650.8,BF1266_431A,0
PC39-17A,211_9,0
DH270min12,6471_V1_C16,0
PCT64-35D,ADA,0
DH270min11,MB201_A1,0
DJ85-b.01,620345_C1,0
VRC33.01,263_8,0
PGT151,BJOX025000_01_1,0
IOMAmin3,ZM247_V1,0
PG16,CNE4,0
DJ85-a.01,703010217_B6,0
VRC-PG04b,16055_2_3,0
LJF-0087,398_F1_F6_20,0
PC39-28E,CAP45_G3,0
VRC38.07,PVO_4,0
VRC43.01,6631_V3_C10,0
b13,Q23_17,0
vFP49.02,RHPA4259_7,0
E51,16936_2_21,0
VRC34.05,16936_2_21,0
PCIN77C,TRJO4551_58,0
PG16,94UG114,0
b12,GX73_29,0
PGT130,B015_ENV04,0
vFP49.02,0921_V2_C14,0
PC39-17B,92TH021,0
vFP7.04,BJOX009000_02_4,0
PC39-50G,C4118_9,0
b12,RBF189,0
17b,C3347_C11,0
DJ85-c.01,26191_2_48,0
17b,7165_18,0
35O22,BS208_B1,0
N49P19,16055_2_3,0
PGDM12,6041_V3_C23,0
KD-247,WITO_C,0
PCT64-35H,92RW020_2,0
PGT121,CAP378_2_00_D2_5,0
10-1074,5257_V7_G10_1,0
VRC26.11,MB539_2B7,0
1-79,ZM249_1,0
PC39-28E,ZM109_4,0
VRC06,3817_V2_C59,0
40591-a.01,6240_08_TA5_4622,0
VRC34-pI3,16055_2_3,0
ACS125,62357_14_D3_4589,0
PC39-61B,ZM246F,0
VRC26.12,ZM135_10A,0
447-52D,6540_V4_C1,0
PCDN-33A,CAP45_G3,0
M4008_N1,CNE30,0
2413c,DJ263_8,0
PCIN71F,ADA,0
m66.6,3873_V1_C24,0
V033-a.01,703010054_2A2,0
vFP5.01,CNE15,0
CAP257-RH1,CNE53,0
ACS125,CE2060_G9,0
PCIN71L,191821_E6_1,0
2413a,CNE14,0
2413a,A03349M1_VRC4A,0
10-996,6545_V4_C1,0
vFP5.01,WITO4160_33,0
10-1074,B028_ENV06,0
PCDN-33A,CNE17,0
vFP1.01,620345_C1,0
CH103,928_28,0
TRNM-c.01,ZM197_7,0
CH59,SO032_A2_8_1,0
NC-Cow5,Q769_D22,0
VRC26.23,ZM109_4,0
VRC26.18,MB539_2B7,0
RHA1.V2.01,TH976_17,0
EN02_05_B08,25711_2_4,0
PGDM12,C3347_C11,0
VRC26.14,ZM135_10A,0
vFP49.02,ZM106_9,0
DF1W-a.01,DJ263_8,0
DF1W-a.01,UG024_2,0
PCIN71G,CAP45_G3,0
PCT64-35M,CE1176_A3,0
DH796.1,KNH1209_18,0
PCDN-16A,DU172_17,0
VRC26.14,ZM214_15,0
2219,WITO4160_33,0
CAP257-RH1,CNE4,0
8ANC195,45_01DG5,0
b12,CAP306_2_00_F9_1,0
4E9C,QD435_100M_A4,0
DFPH-a.15,CNE20,0
VRC44.02,0439_V5_C1,0
TRNM-b.01,TH023_6,0
A12V163-a.01,26191_2_48,0
N49P22,703010054_2A2,0
PCDN-16A,92RW020_2,0
vFP1.01,ZM215_8,0
V033-a.01,CNE7,0
PCT64-35N,TRO_11,0
1C2-rabbit,231965_C1,0
447-52D,3301_V1_C24,0
ElsE1,398_F1_F6_20,0
DH270min12,0013095_2_11,0
DH270.1,H086_8,0
ACS117,231966_C2,0
3BNC117,P940_2_C3,0
ACS130,THRO4156,0
PCIN71M1a,BG505_W6M_C2,0
41328-a.01,Q769_D22,0
LJF-0087,T251_18,0
ACS130,1054_07_TC4_1499,0
PC39-23D,231965_C1,0
PCDN-38B,3817_V2_C59,0
DH270min11,CNE31,0
QA013.19,CAP210_E8,0
DFPH-a.15,PVO_4,0
V033-a.01,P0402_C2_11,0
VRC38.01,CNE59,0
CH59,MW965_26,0
A12V163-a.01,ZM55_28A,0
CH58,Q23_17,0
CAP257-RH1,6631_V3_C10,0
VRC-PG05,MI369_A5,0
PCIN71I1a,T278_50,0
830A,ZM249_1,0
M1214_N1.2,BF1266_431A,0
PC39-55A,SC422_8,0
916B2,QD435_100M_A4,0
10E8 IgG mutant 5,P0402_C2_11,0
PGT121,1HD2_PREINF_051916_A12_S61,0
4025,JRFL,0
DH1317.9,X2278_C2_B6,0
b13,3718_3_11,0
RHA10.01,CE0682_E4,0
CH103,CAP210_E8,0
IOMA,ZM247_V1,0
VRC44.02,Q461_E2,0
VRC26.08,CH119_10,0
40591-a.01,Q259_17,0
17b,6545_V4_C1,0
PC39-17A,T251_18,0
DH270.6,BJOX009000_02_4,0
VRC34.03,THRO4156,0
ElsE1,62357_14_D3_4589,0
VRC26.32,QH0692_42,0
PC39-28D,QH0692_42,0
DH270min12,T278_50,0
TRNM-c.01,MS208_A1,0
VRC44.02,TZA125_17,0
PC39-50J,ZM135_10A,0
HmAb64,X2278_C2_B6,0
VRC26.23,WITO4160_33,0
HJ16,6644_V2_C33,0
b12,BJ171_13,0
PC39-55D,CNE19,0
PGT135,TH023_6,0
PGT126,92UG031,0
VRC33.01,BJOX025000_01_1,0
447-52D,3718_3_11,0
CH02,TRO_11,0
DF1W-a.01,ZM215_8,0
PC39-50I,ZM249_1,0
PCT64-24F,RHPA4259_7,0
4E9C,QA013_70I_M12,0
BF520.1,Q842_D16,0
VRC33.01,MN_3,0
PGT143,92UG005,0
IOMA-HC-DDE,246_F3_C10_2,0
b12,703010200_1E5,0
CH04,BAL_26,0
VRC33.01,Q259_17,0
vFP16.02,247_23,0
PCIN71F,CAAN5342,0
E70,NKU3006_EC1,0
DH270.3,CNE58,0
M4008_N1,231965_C1,0
VRC23b,7165_18,0
DF1W-a.01,C3347_C11,0
b12,YBF30,0
PGT126,CE0393_C3,0
PCT64-35S,BJOX009000_02_4,0
HmAb64,T251_18,0
VRC26.06,231965_C1,0
VRC26.03,DU172_17,0
PC39-28C,89_F1_2_25,0
VRC-PG05,BX08_16,0
PGT145,UG021_16,0
DH796.1,19314479_A2_5,0
DH270.6,242_14,0
b12,BJOX025000_01_1,0
10-996,6041_V3_C23,0
17b,CNE56,0
LJF-0142,QH0515_1,0
VRC23,0077_V1_C16,0
2413b,235_47,0
LJF-0097,CNE15,0
DF1W-a.01,ZM135_10A,0
830A,ZM233_6,0
VRC26.30,UG037_8,0
DH796.1,20915593,0
ACS130,CNE21,0
8ANC195,CNE58,0
VRC38.01,6480_V4_C25,0
EN02_05_B08,3637_V5_C3,0
6561-a.01,T257_31,0
10E8 IgG mutant 5,6480_V4_C25,0
VRC26.27,0330_V4_C3,0
vFP5.01,BJOX010000_06_2,0
PCDN-38A,89_F1_2_25,0
10-1074,ZM109_4,0
LJF-0097,JRFL,0
vFP49.02,246_F3_C10_2,0
HGN194,Q842_D12,0
IOMA-HC-DDE,620345_C1,0
PGZL1_gVmDmJ,RHPA4259_7,0
2408b,0013095_2_11,0
vFP7.04,6322_V4_C1,0
PGT121,B008_ENV05,0
PGT121,1HB2_W4_103015_C9_S80,0
DFPH-a.15,3301_V1_C24,0
2408b,CNE56,0
RHA1.V2.03,CH119_10,0
CAP257-RH1,CNE40,0
PC39-17A,SS1196_1,0
PGT153,BF1266_431A,0
6070-a.01,T255_34,0
PCT64-18D,89_F1_2_25,0
1-79,QH0692_42,0
PCT64-24E,249M_B10,0
916B2,QA013_70I_M12,0
DH1317.9,V704_2767_070SN,0
A12V163-a.02,16055_2_3,0
2408c.3,928_28,0
CH103,UG024_2,0
vFP16.02,6322_V4_C1,0
DH796.1,5768_4,0
VRC33.01,231965_C1,0
VRC26.12,QH0692_42,0
VRC06,R1166_C1,0
DH796.1,CAP69_1_12_TA7_1,0
GPZ6-a.01,TH976_17,0
PCT64-35M,263_8,0
DH270.6,A07412M1_VRC12,0
CH04,263_8,0
b6,Q769_H5,0
3BNC117,VRC607_3_00_A122,0
DF1W-a.02,UG021_16,0
EN02_01_D03,620345_C1,0
DH270.6,620345_C1,0
41328-a.01,ZM109_4,0
40591-a.01,CE0393_C3,0
PGT127,REJO4541_67,0
VRC-PG05,CNE31,0
PCT64-18D,Q259_17,0
VRC-PG05,CNE20,0
10-1074,BJOX025000_01_1,0
PC39-61A,AC10_29,0
VRC06d,CH119_10,0
DH270min11,BL01,0
2413a,UG024_2,0
DH851.4,TRO_11,0
PGT145,556_F2_3_25,0
DH796.1,3817_V2_C59,0
179NC75,6631_V3_C10,0
DH796.1,ZM197_7,0
PGT127,ZM233_6,0
M4008_N1,Q769_D22,0
ElsE2,ZM214_15,0
DF1W-a.01,X2088_C9,0
ACS130,235_47,0
A12V163-a.01,CM244_EC1,0
DJ85-b.01,MS208_A1,0
PGT135,704809221_1B3,0
HJ16,CH064_20,0
VRC34.05,3589_V1_C4,0
VRC26.06,CNE8,0
N49P18.1,191955_A11,0
ElsE1,231966_C2,0
PCDN-33A,CNE30,0
PGT123,VLGC_A1,0
PGT121,1HC2_W4_012216_E4_S9,0
IOMA,6811_V7_C18,0
PCT64-35K,REJO4541_67,0
PGT141,APV_13,0
PGT145,B025_ENV04,0
PGZL1_gVmDmJ,CNE30,0
vFP16.02,BJOX025000_01_1,0
PCT64-35D,SS1196_1,0
GPZ6-b.01,92RW020_2,0
PCT64-35C,QH0692_42,0
1B2530,7165_18,0
A12V163-b.01,SC422_8,0
PGT135,ZM135_10A,0
V031-a.01,211_9,0
916B2,QG984_21M_A3,0
DH270.1,REJO4541_67,0
DH270.5,16055_2_3,0
10E8 IgG mutant 5,X1632_S2_B10,0
PCT64-35S,P0402_C2_11,0
DH270min12,KER2008_12,0
10-996,89_F1_2_25,0
vFP5.01,3326_V4_C3,0
2G12,3326_V4_C3,0
35O22,SHIV_CNE40_JD14_W29_11,0
VRC26.10,SC422_8,0
PGDM11,CNE30,0
10-996,R1166_C1,0
VRC38.06,Q769_H5,0
2219,B028_ENV06,0
ElsE2,X2131_C1_B5,0
PGT145,CNE12,0
PGT130,NAB13PRE_CL_9,0
IOMA-HC-DDE,1054_07_TC4_1499,0
ACS130,X1254_C3,0
M1214_N2.2,QH0692_42,0
2G12,20258279_V2,0
VRC26.08,6644_V2_C33,0
PGDM12,3817_V2_C59,0
2413c,ZA012_29,0
VRC34.05,CH119_10,0
PGT121,C1080_C3,0
VRC26.30,CAP256_PI,0
vFP49.02,235_47,0
CH04,CNE52,0
VRC26.03,KER2008_12,0
CH04,B037_ENV16,0
PC39-28B,92TH021,0
b13,92RW020_2,0
RHA10.01,C1080_C3,0
ACS117,AC10_29,0
vFP16.02,R3265_C6,0
3BNC117,VRC607_6_00_A11,0
CH04,B005_ENV03,0
447-52D,B015_ENV04,0
PCIN71N1a,ZM214_15,0
447-52D,R2184_C4,0
17b,RHPA4259_7,0
EN01_007,620345_C1,0
VRC26.12,ZM214_15,0
VRC33.01,REJO4541_67,0
PC39-23A,6540_V4_C1,0
V033-a.01,6480_V4_C25,0
TRNM-b.01,ADA,0
M1214_N2,CE2060_G9,0
HERH-c.01,703010217_B6,0
HJ16,B036_ENV03,0
HERH-a.01,SF162,0
DH576,C1080_C3,0
LJF-0109,Q168_A2,0
PC39-61A,6952_V1_C20,0
PGT126,T257_31,0
PC39-50A,94UG103,0
8ANC195,3365_V2_C20,0
VRC26.28,CNE3,0
17b,ZM249_1,0
447-52D,CNE30,0
PCIN77D,X1254_C3,0
VRC38.09,TRO_11,0
VRC06,ZM135_10A,0
DJ85-d.01,3326_V4_C3,0
6561-a.01,X2088_C9,0
N49P23,DU172_17,0
PCDN-38B,X2131_C1_B5,0
VRC42.I3,CH181_12,0
PCIN77D,T251_18,0
J038,R3265_C6,0
N6LS.C47,BL01,0
vFP16.02,3637_V5_C3,0
VRC26.21,Q769_D22,0
VRC46.01,CAP256_SU,0
VRC26.27,ZA012_29,0
VRC38.01,QH0692_42,0
917B11,CH106_C,0
b13,CAP244_D3,0
VRC03,T278_50,0
VRC-PG05,T280_5,0
DJ85-d.01,C2101_C1,0
DFPH-a.15,QH0515_1,0
447-52D,TZBD_02,0
PCIN71G,Q842_D12,0
ACS130,ZM135_10A,0
2408b,T250_4,0
VRC34-pI4,QH0515_1,0
4E9C,YU2,0
VRC26.04,96ZM651_02,0
PG16,ZM55_28A,0
DH796.1,X2278_C2_B6,0
PGT135,96ZM651_02,0
TRNM-c.01,DU123_06,0
15e,QH0692_42,0
VRC38.02,PVO_4,0
VRC26.06,JRCSF,0
VRC-PG05,KER2008_12,0
DJ85-b.01,CH181_12,0
E51,BL01,0
DH1317.8,SC422_8,0
447-52D,398_F1_F6_20,0
DH851.3,0815_V3_C3,0
vFP7.04,89_6,0
VRC26.06,JRFL,0
ACS117,0013095_2_11,0
VRC06,CNE40,0
2G12,B001_ENV02,0
PGT121,2990_V7_C9_1,0
b12,CE1176_A3,0
PC39-61A,ZM197_7,0
VRC26.08,6631_V3_C10,0
b12,X2160_C25,0
VRC06b,CE1172_H1,0
VRC-PG05,6785_V5_C14,0
917B11,QH0692_42,0
PCIN71J2a,DU422_1,0
b12,CNE107,0
ACS122,ZM247_V1,0
10E8 IgG mutant 5,703010200_1E5,0
1B2530,3718_3_11,0
DH651.8,X1632_S2_B10,0
AIIMS-P01,T278_50,0
PCT64-35O,ADA,0
EN02_05_B08,X1632_S2_B10,0
N49P22,ZM214_15,0
2G12,CAP307_2_00_24_1,0
2G12,6650_V1_C8,0
PGT137,94UG114,0
CH03,DU422_1,0
HERH-c.01,25711_2_4,0
DH1317.9,TRO_11,0
M1214_N2,ZM233_6,0
PGT121,TH023_6,0
PGT127,ZM246F,0
ElsE1,X1254_C3,0
DH270min12,620345_C1,0
PC39-50L,YU2,0
PC39-50B,SC422_8,0
PC39-39C,BG505_W6M_C2,0
PC39-39B,CE0393_C3,0
b12,CNE8,0
VRC24,ZM55_28A,0
VRC34.01,CH070_1,0
ACS122,1012_11_TC21_3257,0
HERH-b.01,7165_18,0
A12V163-b.01,T253_11,0
VRC07-523LS.v11,H086_8,0
8ANC195,0330_V4_C3,0
PGT121,8074_V7_E10_4,0
PC39-28E,ZM246F,0
DH796.1,KO459_T68_4,0
b13,3468_V1_C12,0
PGT151,620345_C1,0
HK20,211_9,0
3BNC117,6775_BL_H7_3,0
HJ16,QH209_14M_A2,0
447-52D,WEAU_D15_410,0
VRC26.08,SS1196_1,0
PC39-28E,235_47,0
VRC26.23,CAP45_G3,0
CH02,3301_V1_C24,0
HGN194,CAP45_G3,0
Bess4,ZM214_15,0
MinVRC01,ZM247_V1,0
HERH-c.01,001428_2_42,0
447-52D,286_36,0
b12,H078_14,0
M1214_N2.2,Q461_E2,0
Bess1,CE0393_C3,0
PCT64-24F,263_8,0
HK20,1006_11_C3_1601,0
DH270min11,C2101_C1,0
PCT64-35N,REJO4541_67,0
PC39-50L,CAP210_E8,0
HJ16,242_14,0
b13,0260_V5_C36,0
HJ16,BR07,0
PC39-50K,BF1266_431A,0
4E9C,QB099_391M_C8,0
LJF-0109,R2184_C4,0
41328-a.01,CAAN5342,0
b12,BJOX010000_06_2,0
HmAb64,242_14,0
E51,Q842_D12,0
VRC34-pI3,MS208_A1,0
6561-a.01,6240_08_TA5_4622,0
PCDN-33A,R1166_C1,0
VRC34.01_Combo1,REJO4541_67,0
vFP49.02,6101_1,0
HJ16,NAB13PRE_CL_9,0
VRC34-pI4,CNE7,0
2G12,ELI,0
PGT145,928_28,0
VRC46.01,Q259_17,0
vFP16.02,263_8,0
4025,QH0692_42,0
PGT128,235_47,0
VRC34-pI3,CNE7,0
VRC26.27,398_F1_F6_20,0
ACS125,0013095_2_11,0
VRC46.01,6540_V4_C1,0
PGT143,ZA012_29,0
PGT127,CNE58,0
PCDN-33A,CNE52,0
40591-a.01,CH119_10,0
VRC26.12,CAAN5342,0
VRC06b,6545_V4_C1,0
PC39-23A,Q461_E2,0
6561-a.01,X2278_C2_B6,0
b12,234_F1_16_57,0
PGT128,BB539_2B13,0
3BC315,WITO4160_33,0
VRC26.27,MB201_A1,0
VRC34.05,UG021_16,0
DF1W-a.02,620345_C1,0
CH02,DU422_1,0
PGT135,269_12,0
V031-a.01,CAP45_G3,0
VRC-PG20,3337_V2_C6,0
VRC38.01,Q168_A2,0
DH1317.9,RHPA4259_7,0
PGT121,693_2215_V9_D2_4_REBOUND,0
VRC41.01,R1166_C1,0
VRC38.10,CNE58,0
HERH-a.01,CH181_12,0
DFPH-a.15,231965_C1,0
10-1074,H086_8,0
3BNC117,Z258_2012_SGA5,0
VRC34-pI2,3988_25,0
PC39-61A,211_9,0
PC39-17A,235_47,0
PC39-28C,T257_31,0
17b,REJO4541_67,0
CAP257-RH1,JRCSF,0
179NC75,57128_VRC15,0
DH270min1,0921_V2_C14,0
vFP7.04,16055_2_3,0
A12V163-a.02,T251_18,0
VRC26.05,Q168_A2,0
A12V163-b.01,BJOX002000_03_2,0
GPZ6-a.01,ZM53_12,0
35O22,0921_V2_C14,0
2413c,7165_18,0
RHA1.V2.01,398_F1_F6_20,0
m66,3589_V1_C4,0
V033-a.01,ZM197_7,0
PCT64-35F,QH0692_42,0
VRC26.15,Q769_D22,0
VRC26.12,RHPA4259_7,0
A12V163-a.01,BJOX028000_10_3,0
VRC01-5fH/0fL,BAL_01,0
vFP49.02,CNE31,0
2G12,62357_14_D3_4589,0
HK20,1056_10_TA11_1826,0
V033-a.01,ZM106_9,0
PC39-50L,HXB2,0
PG9,VA40774,0
PGT121,T257_31,0
PG16,98CN006,0
2413b,3817_V2_C59,0
PCDN-38A,94UG103,0
40591-a.01,CE2010_F5,0
DH717.3,Q23_17,0
PGT143,CE1176_A3,0
Ab1415,BJOX002000_03_2,0
m66,3468_V1_C12,0
Ab1303,CNE55,0
NC-Cow3,Q461_E2,0
DH650.8,X2088_C9,0
PGZL1_gVmDmJ,CNE52,0
VRC26.08,CNE20,0
4E9C,CAP210_E8,0
GPZ6-a.01,25711_2_4,0
41328-a.01,R2184_C4,0
PGT127,UG024_2,0
CH98,CM244_EC1,0
DF1W-a.02,BJOX025000_01_1,0
VRC26.18,Q842_D12,0
DH270min1,BS208_B1,0
PCT64-24G,MN_3,0
PC39-28E,231965_C1,0
15e,269_12,0
GPZ6-b.01,KNH1209_18,0
2413b,6631_V3_C10,0
VRC26.18,CAP45_G3,0
10-996,Q842_D12,0
VRC38.02,CNE59,0
SF5,X2088_C9,0
VRC06b,3326_V4_C3,0
DF1W-a.02,DU151_02,0
PCT64-35H,92BR020,0
PGT121,CH0219_E4,0
1361,BZ167_12,0
IOMAmin3,DU422_1,0
PCT64-18D,T251_18,0
PCT64-35F,DU422_1,0
LJF-0087,703010217_B6,0
A12V163-b.01,BAL_26,0
SF5,BJOX010000_06_2,0
m66,MI369_A5,0
6561-a.01,CAP210_E8,0
PGT145,CAP255_2000_008WPI_4D,0
HJ16,BJOX010000_06_2,0
VRC06d,BJOX002000_03_2,0
A16,WITO4160_33,0
b13,0077_V1_C16,0
DH796.1,PVO_4,0
N49P19,3016_V5_C45,0
2411a,BJOX028000_10_3,0
PGT121,2768732_C5_16,0
10-1074,2936_V9_B4_3,0
DFPH-a.15,00836_2_5,0
2408b,Q769_H5,0
DH270min12,0439_V5_C1,0
PCIN71N1a,RHPA4259_7,0
VRC26.32,TRO_11,0
vFP16.02,TRJO4551_58,0
DJ85-a.01,0260_V5_C36,0
m66.6,CH181_12,0
2G12,CAP363_2_00_10_3,0
VRC03,269_12,0
PC39-28C,9004SS_A3_4,0
DH851.4,CH119_10,0
6561-a.01,96ZM651_02,0
b12,Q842_D12,0
ElsE2,X1193_C1,0
VRC26.24,Q842_D12,0
3BC315,C3347_C11,0
2408c.3,CNE59,0
PGT126,CMU02,0
VRC03,B005_ENV03,0
VRC06,AC10_29,0
VRC26.12,92RW020_2,0
3BC315,CH119_10,0
PC39-50I,BF1266_431A,0
VRC34-pI4,QH0692_42,0
10-1074,8074_V7_E10_4,0
179NC75,ZM214_15,0
DF1W-a.01,Q461_E2,0
IOMAmin3,AC10_29,0
DJ85-d.01,263_8,0
PCT64-35O,TRO_11,0
VRC34.06,92RW020_2,0
PC39-17A,C4118_9,0
CH98,Q168_A2,0
3BC315,6631_V3_C10,0
PGZL1_gVmDmJ,T257_31,0
ACS125,1006_11_C3_1601,0
VRC34.01_Combo1,R1166_C1,0
TRNM-f.01,16845_2_22,0
Bess4,T278_50,0
A12V163-b.01,CAP45_G3,0
VRC34-pI3,BJOX028000_10_3,0
VRC-PG05,BB201_B42,0
447-52D,B035_ENV09,0
2558,CAP210_E8,0
TRNM-a.01,RHPA4259_7,0
DF1W-a.02,ZM135_10A,0
b12,CAP174_1_06_F3_1B,0
CH103,211_9,0
ElsE1,6041_V3_C23,0
2G12,16936_2_21,0
PC39-55D,16055_2_3,0
A12V163-a.02,89_6,0
vFP49.02,T280_5,0
VRC26.08,M02138,0
b13,A03349M1_VRC4A,0
35O22,1006_11_C3_1601,0
PC39-50D,ZM249_1,0
2219,B008_ENV05,0
PCIN77C,6535_3,0
vFP49.02,BJOX028000_10_3,0
PCDN-16A,CAP45_G3,0
2G12,ZM215_8,0
VRC42.I3,703010217_B6,0
PGT128,QH209_14M_A2,0
VRC34.01_Combo1,235_47,0
DH851.4,BJOX002000_03_2,0
CH03,B008_ENV05,0
PCDN-33A,WITO4160_33,0
CH103,CM244_EC1,0
PC39-55D,P1981_C5_3,0
DH270min11,0330_V4_C3,0
b12,CAP221_B14,0
VRC-PG04,7165_18,0
CH04,B021_ENV08,0
10E8,VRC607_13_00_G5,0
J038,235_47,0
RHA10.04,QH0692_42,0
917B11,WITO4160_33,0
PCIN77D,T250_4,0
IOMA,MI369_A5,0
PGT130,B011_ENV04,0
VRC06b,CH070_1,0
CH04,B019_ENV02,0
PC39-50K,Q461_E2,0
VRC38.06,CAAN5342,0
179NC75,T250_4,0
PCT64-35S,BAL_01,0
vFP49.02,CNE40,0
A12V163-a.02,QH0692_42,0
DH851.3,JRFL,0
PGDM12,CNE5,0
ACS130,6480_V4_C25,0
3BC315,NKU3006_EC1,0
DH270min1,T278_50,0
PGDM11,231965_C1,0
17b,CAP88_6M_C10,0
N6,21369737_G11_F2,0
V031-a.01,25710_2_43,0
IOMA,CNE12,0
PCDN-33A,191821_E6_1,0
VRC01-0fH/0fL,Q23_17,0
M4008_N1,X1193_C1,0
PG16,MN_3,0
DH270.1,TRJO4551_58,0
CAP228-16H,CE1086_B2,0
2G12,GX43_2,0
VRC-PG05,3637_V5_C3,0
VRC06f,703010217_B6,0
41328-a.01,BJOX015000_11_5,0
b13,269_12,0
VRC26.06,CNE58,0
40591-a.01,X1193_C1,0
PCT64-35E,KNH1144,0
CH02,B027_ENV08,0
PC39-28C,ZM249_1,0
DJ85-d.01,MS208_A1,0
PCT64-35M,45_01DG5,0
M1214_N1,6041_V3_C23,0
2413a,REJO4541_67,0
M4008_N1,DU172_17,0
J038,25711_2_4,0
2C06,CNE40,0
IOMA,CH119_10,0
VRC46.01,0260_V5_C36,0
PCT64-24H,KNH1144,0
PC39-50I,BJOX028000_10_3,0
3BNC117,VRC607_15_14_A8,0
VRC26.03,HXB2,0
DH270.3,TRJO4551_58,0
VRC26.08,SF162,0
LJF-0085,KO426_T78_10,0
DH270min1,C3347_C11,0
VRC26.03,R1166_C1,0
ACS122,T250_4,0
VRC34-pI3,TH023_6,0
PCIN66B,SS1196_1,0
CH03,B021_ENV08,0
HERH-a.01,620345_C1,0
PCDN-16A,TRJO4551_58,0
vFP16.02,UG024_2,0
PGT126,CE2010_F5,0
DH796.1,6322_V4_C1,0
PC39-23D,X1632_S2_B10,0
vFP5.01,CNE14,0
ElsE1,WITO4160_33,0
VRC33.01,3718_3_11,0
VRC40.02,WITO4160_33,0
DH796.1,6838_V1_C35,0
916B2,CH077_C,0
2408b,QH0515_1,0
PGT131,98IN022,0
PCT64-35C,ZM214_15,0
DH796.1,6022_V7_C24,0
PGDM12,0330_V4_C3,0
CH103,C1080_C3,0
PC39-50L,ZM197_7,0
ACS130,BJOX010000_06_2,0
PCT64-24B,QH0692_42,0
VRC03,UG021_16,0
HJ16,CAP45_G3,0
PGT152,BF1266_431A,0
179NC75,CNE30,0
VRC34-pI3,TRO_11,0
PG16,CE2010_F5,0
VRC03,0330_V4_C3,0
S98,CAAN5342,0
M4008_N1,C4118_9,0
PC39-17C,CAP210_E8,0
VRC02,TV1_21,0
447-52D,ZA012_29,0
1B2530,X2088_C9,0
PGT128,R3265_C6,0
M1214_N2,ZM53_12,0
HGN194,26191_2_48,0
3BNC117,6540_V4_C1,0
PC39-23D,1006_11_C3_1601,0
VRC03,H086_8,0
CH103,25710_2_43,0
m66.6,0815_V3_C3,0
PGT126,ZM233_6,0
CH02,BAL_26,0
1C2-rabbit,T257_31,0
PGT135,00836_2_5,0
VRC46.01,CNE21,0
DH851.3,X1632_S2_B10,0
PG16,B005_ENV03,0
VRC46.01,3873_V1_C24,0
PGT130,B008_ENV05,0
VRC34.01,ZM197_7,0
VRC26.23,6405_V4_C34,0
DF1W-a.02,X1632_S2_B10,0
1361,ZM135_10A,0
VRC46.01,DU123_06,0
V031-a.01,CAAN5342,0
PGZL1,X2088_C9,0
RHA1.V2.01,6101_1,0
E51,0077_V1_C16,0
ACS122,BJOX010000_06_2,0
1NC9,T250_4,0
3BC315,ZA012_29,0
3BC315,3326_V4_C3,0
HERH-c.01,M02138,0
6070-a.01,CNE21,0
M1214_N2,1054_07_TC4_1499,0
DH270.1,ZM233_6,0
8ANC195,1012_11_TC21_3257,0
VRC26.14,PVO_4,0
Bess1,62357_14_D3_4589,0
b12,6041_V3_C23,0
vFP1.01,QH0515_1,0
ACS130,CNE17,0
VRC26.11,0260_V5_C36,0
8ANC195,26191_2_48,0
PCT64-35H,SF162,0
PGT127,AC10_29,0
LJF-0087,3168_V4_C10,0
PCT64-24E,T255_34,0
DH651.8,BJOX002000_03_2,0
VRC34.05,MB201_A1,0
VRC33.01,5768_4,0
2411a,ZM109_4,0
DH851.3,SC05_8C11_2344,0
vFP7.04,T251_18,0
0PV-d.01,DU156_12,0
HGN194,T252_7,0
40591-a.01,SC05_8C11_2344,0
VRC38.01,288_38,0
2G12,GX90_1,0
PG16,6471_V1_C16,0
ElsE1,1006_11_C3_1601,0
VRC06b,P0402_C2_11,0
VRC43.01,57128_VRC15,0
VRC34.05,Q769_D22,0
b13,T255_34,0
LJF-0142,R2184_C4,0
PCT64-35D,0260_V5_C36,0
PGT145,89_6,0
PGDM21,93UG070,0
6561-a.01,0330_V4_C3,0
179NC75,A03349M1_VRC4A,0
VRC44.02,CAP210_E8,0
A12V163-a.01,96ZM651_02,0
PCT64-35O,263_8,0
DH270min1,0439_V5_C1,0
PCIN71F,92RW020_2,0
VRC26.15,MB539_2B7,0
447-52D,620345_C1,0
2G12,TH966_8,0
2C09,MB201_A1,0
PCDN-38B,191821_E6_1,0
VRC08,6322_V4_C1,0
447-52D,UG021_16,0
IOMA,X2131_C1_B5,0
2723-3131,703010217_B6,0
2219,B037_ENV02,0
HmAb64,BJOX025000_01_1,0
LJF-0109,HXB2,0
2408c.3,JRCSF,0
DH270min12,BG505_W6M_C2,0
DH270.5,CNE8,0
HERH-a.01,3326_V4_C3,0
PCDN-22B,BG505_W6M_C2,0
PGT126,MS208_A1,0
bNAb1586,703010217_B6,0
VRC26.12,191821_E6_1,0
6561-a.01,BJOX025000_01_1,0
HJ16,CE1172_H1,0
VRC38.03,CNE59,0
PGT130,94UG118,0
m66.6,CAP244_D3,0
PCDN-27A,SF162,0
PCT64-24F,PVO_4,0
PC39-61A,001428_2_42,0
PGT130,CNE52,0
8ANC195,DJ263_8,0
PCT64-24H,HXB2,0
DH650.8,RHPA4259_7,0
PCDN-38B,Q461_E2,0
A12V163-a.01,JRCSF,0
41328-a.01,231966_C2,0
E51,0260_V5_C36,0
VRC26.26,ZM135_10A,0
VRC34.03,BG1168_1,0
2G12,16055_2_3,0
PGT123,92TH021,0
DH270min12,ZM215_8,0
A12V163-a.01,BJOX002000_03_2,0
M1214_N2,X2131_C1_B5,0
2G12,CNE57,0
2408b,REJO4541_67,0
PGZL1_gVmDmJ,1006_11_C3_1601,0
V031-a.01,CNE58,0
VRC38.01,0921_V2_C14,0
VRC26.15,QH0692_42,0
447-52D,3589_V1_C4,0
NC-Cow8,Q259_17,0
DH270min1,CNE20,0
EN02_05_B08,ZA012_29,0
17b,3718_3_11,0
PCT64-24H,CAP210_E8,0
PCT64-18D,ZM246F,0
VRC26.13,DU172_17,0
LJF-0024,CNE31,0
VRC26.06,CNE53,0
2G12,Q769_H5,0
DH851.3,ZM109_4,0
GPZ6-a.01,CAP256_SU,0
VRC38.01,TH023_6,0
2413a,CH070_1,0
2G12,CAP330_2_00_F2_41,0
PCDN-38A,ZM135_10A,0
6561-a.01,CE0682_E4,0
b12,3301_V1_C24,0
M1214_N2,ZM249_1,0
7H6,B006_ENV02,0
VRC26.33,MB539_2B7,0
b12,CAP237_1_22_B2_2_39,0
LJF-0142,CH181_12,0
PC39-17A,ZM53_12,0
HERH-a.01,T253_11,0
HJ16,CH117_4,0
VRC34.01,CNE5,0
40591-a.01,C2101_C1,0
916B2,QA790_204I_E2,0
PC39-28C,0815_V3_C3,0
CH103,57128_VRC15,0
10-1074,CNE8,0
PCT64-35S,HXB2,0
PCT64-35D,703010054_2A2,0
GPZ6-a.01,C2101_C1,0
41328-a.01,R3265_C6,0
VRC06b,ZM214_15,0
VRC-PG05,MS208_A1,0
m66,CH070_1,0
TRNM-a.01,X2088_C9,0
PC39-50G,BJOX028000_10_3,0
2411a,SC422_8,0
VRC26.14,REJO4541_67,0
VRC26.06,ZM214_15,0
TRNM-b.01,CNE8,0
m66,ZM135_10A,0
PC39-61A,BG505_W6M_C2,0
2413c,246_F3_C10_2,0
2411a,CNE8,0
2411a,3988_25,0
vFP49.02,QH209_14M_A2,0
447-52D,Q769_D22,0
VRC42.01,X2088_C9,0
PCDN-33A,94UG103,0
PC39-50F,ZM249_1,0
GPZ6-a.01,DU156_12,0
VRC34.05,26191_2_48,0
M1214_N2.2,X1254_C3,0
CH04,BX08_16,0
A12V163-b.01,CH038_12,0
VRC34.05,BJOX025000_01_1,0
6561-a.01,QH209_14M_A2,0
IOMA-HC-DDE,001428_2_42,0
DJ85-a.01,CH038_12,0
E51,6101_1,0
PCT64-24F,T257_31,0
CAP257-RH1,6101_1,0
2408b,235_47,0
LJF-0085,T251_18,0
VRC43.01,ZM106_9,0
vFP5.01,T251_18,0
PGDM12,Q461_E2,0
VRC26.30,Q769_D22,0
VRC42.I3,7165_18,0
EN02_05_B08,ZM197_7,0
PGT158,0260_V5_C36,0
PGT135,MG505_W0M_A2,0
vFP49.02,6471_V1_C16,0
b12,CNE66,0
VRC33.01,C3347_C11,0
PCIN71M1a,CAP45_G3,0
E51,QH0515_1,0
VRC44.02,96ZM651_02,0
PGZL1_gVmDmJ,6545_V4_C1,0
m66,UG024_2,0
PC39-50G,X1632_S2_B10,0
3BNC117,VRC607_6_28_H7,0
V033-a.01,TRJO4551_58,0
CAP257-RH1,CNE12,0
PCT64-24E,92RW020_2,0
MinVRC01,6540_V4_C1,0
VRC42.I3,Q769_H5,0
vFP5.01,3988_25,0
PCT64-35N,ADA,0
VRC06,6545_V3_C13,0
PGDM11,62357_14_D3_4589,0
HGN194,Q461_E2,0
2413c,T280_5,0
41328-a.01,231965_C1,0
IOMA,AC10_29,0
A12V163-b.01,CNE40,0
VRC38.02,ZA012_29,0
DH270 IA1,6540_V4_C1,0
DH270.6,R3265_C6,0
PCT64-24E,BJOX009000_02_4,0
vFP1.01,Q769_H5,0
2G12,0077_V1_C16,0
10-1074,7190_V7_G1_8,0
PGT121,6540_V4_C1,0
2C09,3468_V1_C12,0
b12,X2088_C9,0
PC39-28C,62357_14_D3_4589,0
CH02,B033_ENV02,0
VRC34-pI4,25711_2_4,0
vFP7.04,A03349M1_VRC4A,0
VRC06,ZM197_7,0
VRC-PG05,89_6,0
b13,BB539_2B13,0
PCIN66B,CE1172_H1,0
VRC26.22,96ZM651_02,0
PCIN77B1b,TRJO4551_58,0
PGT156,TRJO4551_58,0
VRC07-523LS.v11,6540_V4_C1,0
VRC26.27,7165_18,0
VRC38.04,X1632_S2_B10,0
VRC03,6631_V3_C10,0
VRC38.05,Q23_17,0
10E8 IgG mutant 5,T257_31,0
DJ85-a.01,928_28,0
GPZ6-a.01,TH023_6,0
17b,0260_V5_C36,0
PGT130,CAP210_E8,0
DJ85-a.01,BG1168_1,0
VRC42.I3,3468_V1_C12,0
PC39-61B,6244_13_B5_4567,0
PCDN-27A,KNH1144,0
b12,R3265_C6,0
2G12,CE0089_G2,0
VRC34-pI4,6405_V4_C34,0
A12V163-a.01,AC10_29,0
PCT64-35S,QH0692_42,0
V033-a.01,PVO_4,0
2413b,CH181_12,0
DJ85-a.01,191821_E6_1,0
b12,GX155_55,0
DFPH-a.15,SS1196_1,0
HmAb64,001428_2_42,0
vFP5.01,CNE3,0
DH796.1,0260_V5_C36,0
41328-a.01,BJOX010000_06_2,0
PCT64-35C,MN_3,0
PCT64-35S,DU172_17,0
A12V163-a.02,CE1176_A3,0
2408c.3,0439_V5_C1,0
179NC75,6838_V1_C35,0
PCT64-35S,CNE52,0
PGT121,3817_V2_C59,0
b12,B002_ENV03,0
GPZ6-b.01,3718_3_11,0
PCT64-18D,QH0692_42,0
IOMAmin3,T255_34,0
40591-a.01,1006_11_C3_1601,0
PGT151,ZM246F,0
vFP5.01,REJO4541_67,0
LJF-0085,DU156_12,0
VRC26.12,WITO4160_33,0
VRC26.26,WEAU_D15_410,0
830A,REJO4541_67,0
41328-a.01,0013095_2_11,0
TRNM-a.01,C4118_9,0
HJ16,ZM55_28A,0
10-1074,CE2060_G9,0
GPZ6-b.01,MB201_A1,0
8ANC195,CNE7,0
PCDN-33A,6952_V1_C20,0
HERH-a.01,3637_V5_C3,0
PC39-28A,ZM249_1,0
CH103,ZM246F,0
DJ85-a.01,CH070_1,0
vFP1.01,269_12,0
PC39-50L,X2088_C9,0
HJ16,MW965_26,0
CH103,AC10_29,0
17b,TRO_11,0
VRC26.12,TH976_17,0
vFP1.01,BX08_16,0
ACS130,CH119_10,0
M1214_N2,CNE17,0
VRC26.32,C1080_C3,0
IOMA-HC-DDE,6952_V1_C20,0
PCDN-38A,3817_V2_C59,0
VRC38.01,25710_2_43,0
TRNM-b.01,CNE4,0
DH270.6,QH209_14M_A2,0
17b,MB201_A1,0
PCDN-33A,ZM247_V1,0
VRC26.06,25925_2_22,0
447-52D,1012_11_TC21_3257,0
2411a,CNE15,0
DH270min11,6545_V4_C1,0
35O22,SHIV_CNE40_JB98_W29_21,0
GPZ6-a.01,Q461_E2,0
DJ85-d.01,CH070_1,0
DH270 IA1,CH848_0000_TF,0
VRC26.05,C1080_C3,0
VRC34.04,ZA012_29,0
VRC26.33,Q769_D22,0
2413c,MB539_2B7,0
PGT135,BG1168_1,0
PGT130,Q769_H5,0
Bess4,X1632_S2_B10,0
b6,NAB9PRE_CL_106,0
438-B11,246_F3_C10_2,0
bNAb1586,CH505_TF,0
4E9C,WITO4160_33,0
2G12,CM244_EC1,0
A16,AE01,0
A12V163-b.01,CE1176_A3,0
10-1074,1HB2_W4_103015_D7_S84,0
VRC34-pI3,231965_C1,0
10-1074,1HD2_PREINF_051916_H4_S73,0
PCT64-35D,6535_3,0
PGT141,BG1168_1,0
PC39-61A,3016_V5_C45,0
VRC41.01,CNE59,0
vFP1.01,6540_V4_C1,0
VRC-PG20,3326_V4_C3,0
PCT64-35S,6240_08_TA5_4622,0
PCDN-33A,CNE5,0
Ab1461,703010217_B6,0
2413b,QH0692_42,0
TRNM-b.01,Q769_D22,0
VRC34-pI4,6322_V4_C1,0
PGT142,3016_V5_C45,0
m66,BL01,0
DH270min1,6545_V4_C1,0
15e,9021_14_B2_4571,0
PC39-45B,KNH1144,0
b13,0330_V4_C3,0
PC39-28A,QH0692_42,0
vFP16.02,CNE31,0
PCT64-24E,HXB2,0
DFPH-a.15,CAP256_SU,0
PGT123,R2184_C4,0
RHA10.01,0013095_2_11,0
2413c,A03349M1_VRC4A,0
VRC06b,WITO4160_33,0
VRC26.22,0260_V5_C36,0
DJ85-c.01,00836_2_5,0
DH796.1,BJOX028000_10_3,0
NC-Cow1,DU156_12,0
LJF-0034,231965_C1,0
4025,242_14,0
2G12,BJ17A_6,0
E51,6540_V4_C1,0
b6,AIIMS731_73106F,0
2408c.3,246_F3_C10_2,0
A12V163-a.01,BS208_B1,0
VRC26.04,Q168_A2,0
RHA10.01,T250_4,0
2G12,X2486_G12_3,0
DH851.3,89_F1_2_25,0
HK20,ZM197_7,0
PGT130,ZM197_7,0
2408c.3,Q461_E2,0
vFP1.01,REJO4541_67,0
PGT121,CAP266_2_00_E9_H6,0
GPZ6-a.01,235_47,0
DF1W-a.02,231965_C1,0
2G12,CAP206_1_B5_Y681D,0
PGT128,92UG038,0
49G2,TH976_17,0
A16,SC19_15,0
GPZ6-a.01,CNE4,0
PGT155,X1632_S2_B10,0
b12,6980_V0_C31,0
PGT135,6631_V3_C10,0
PGT121,20355851_20,0
VRC34.04,TRJO4551_58,0
VRC43.02,A03349M1_VRC4A,0
RHA10.04,CH119_10,0
PGDM11,BF1266_431A,0
ElsE2,SC422_8,0
HERH-b.01,3016_V5_C45,0
LJF-0085,235_47,0
DH650.8,T257_31,0
VRC26.04,6535_3,0
PGT125,3016_V5_C45,0
2G12,246_F3_C10_2,0
VRC26.27,BJOX028000_10_3,0
VRC26.12,MB201_A1,0
PCDN-33A,BJOX025000_01_1,0
VRC26.27,CNE20,0
2G12,191821_E6_1,0
VRC43.01,ZM215_8,0
vFP5.01,25711_2_4,0
DH650.8,JRFL,0
PC39-28E,CE2060_G9,0
VRC42.05,BG1168_1,0
PGT128,UG021_16,0
PCT64-35S,SC422_8,0
DF1W-a.02,UG024_2,0
10-1074,91C34_W12_S18_12_4,0
PGDM21,BJOX025000_01_1,0
GPZ6-a.01,A07412M1_VRC12,0
PGZL1_gVmDmJ,SC422_8,0
PG9,B030_ENV09,0
916B2,ZM53_12,0
A12V163-a.02,CH117_4,0
2411a,6322_V4_C1,0
VRC06,CH181_12,0
GPZ6-b.01,231965_C1,0
vFP49.02,231965_C1,0
HK20,9021_14_B2_4571,0
6561-a.01,X1193_C1,0
PC39-45A,CAP45_G3,0
PC39-17B,94UG103,0
PGT127,WITO4160_33,0
b13,0815_V3_C3,0
2408b,3301_V1_C24,0
10-1074,Q461_E2,0
VRC23,269_12,0
VRC26.27,001428_2_42,0
DH270min12,6545_V4_C1,0
LJF-0085,3326_V4_C3,0
DH651.6,TRO_11,0
b13,R1166_C1,0
447-52D,ZM197_7,0
VRC-PG04b,16845_2_22,0
DH796.1,3468_V1_C12,0
HERH-c.01,X2278_C2_B6,0
b12,21561324_D3_B5,0
J038,T253_11,0
DH270.6,BG505_W6M_C2,0
A12V163-a.02,CNE57,0
A12V163-a.02,X1254_C3,0
4E9C,246_F3_C10_2,0
ACS117,WITO4160_33,0
VRC-PG05,R2,0
VRC26.02,Q23_17,0
SF5,ZM233_6,0
2413a,CE1176_A3,0
N6,T278_50,0
VRC38.06,DU422_1,0
PC39-39A,DU172_17,0
17b,H022_7,0
PC39-28E,YU2,0
PGDM21,16845_2_22,0
m66,263_8,0
SF5,MS208_A1,0
vFP16.02,620345_C1,0
PGT126,T255_34,0
6561-a.01,5768_4,0
VRC02,6545_V4_C1,0
10E8 IgG mutant 5,T251_18,0
VRC40.02,7165_18,0
PCDN-27C,6535_3,0
VRC26.11,RHPA4259_7,0
2219,B004_ENV02,0
PGT135,211_9,0
2413c,ZM214_15,0
VRC41.01,0439_V5_C1,0
VRC06b,CNE59,0
PCT64-35D,CNE52,0
VRC26.03,235_47,0
A12V163-b.01,6838_V1_C35,0
GPZ6-a.01,TH966_8,0
vFP49.02,6631_V3_C10,0
10-1074,1HD5K_W4_061416_A6_S32E,0
PCT64-35M,1056_10_TA11_1826,0
PC39-50G,CAP210_E8,0
PCT64-24E,DH12,0
M1214_N1.2,CE0682_E4,0
m66.6,235_47,0
PCDN-27D,93IN905,0
6561-a.01,R3265_C6,0
447-52D,928_28,0
ACS117,C4118_9,0
VRC-PG05,BL01,0
PC39-50K,9004SS_A3_4,0
ACS117,Q461_E2,0
2413a,HT593_1,0
PCDN-38B,6545_V4_C1,0
M1214_N1.2,0260_V5_C36,0
DF1W-a.02,R1166_C1,0
DF1W-a.01,M02138,0
A12V163-b.01,269_12,0
VRC06b,WEAU_D15_410,0
VRC26.15,CAP45_G3,0
Min12A21,ZM233_6,0
m66.6,KNH1209_18,0
vFP5.01,Q461_E2,0
PCT64-35S,93IN905,0
ACS122,X2088_C9,0
M4008_N1,BJOX015000_11_5,0
2408c.3,T251_18,0
40591-a.01,R3265_C6,0
DH270min12,TH976_17,0
3BC315,R2184_C4,0
17b,16055_2_3,0
DH270min1,WITO4160_33,0
TRNM-c.01,3016_V5_C45,0
8ANC195,00836_2_5,0
VRC26.08,JRFL,0
Min12A21,SC422_8,0
b12,3468_V1_C12,0
VRC26.10,CAP244_D3,0
3BC315,JRCSF,0
PCIN66B,9004SS_A3_4,0
VRC-CH31,3016_V5_C45,0
VRC-CH31,6631_V3_C10,0
2G12,93UG065,0
PCT64-35D,92RW020_2,0
VRC26.03,0260_V5_C36,0
PGT142,ZM215_8,0
b12,M02138,0
m66.6,T280_5,0
PGT137,APV_13,0
VRC01-5fH/0fL,TRO_11,0
MinVRC01,ZM233_6,0
2408b,CNE15,0
VRC34.01_Combo1,CNE10,0
E51,BG1168_1,0
CH103,CAAN5342,0
DJ85-a.01,CNE8,0
A12V163-a.02,0330_V4_C3,0
VRC38.01,TRJO4551_58,0
vFP49.02,6322_V4_C1,0
VRC03,WITO4160_33,0
IOMAexFACEmin,T278_50,0
LJF-0109,KNH1144,0
VRC26.10,UG037_8,0
2413a,3988_25,0
A12V163-a.01,CH181_12,0
Ab1457,CNE8,0
CH02,MW965_26,0
PC39-28C,CNE19,0
2158,ZM233_6,0
PC39-50K,A07412M1_VRC12,0
VRC34.01,X2088_C9,0
VRC-PG05,X1632_S2_B10,0
VRC41.01,CAP244_D3,0
179NC75,Q769_H5,0
VRC34.03,Q769_H5,0
VRC38.07,92RW020_2,0
HK20,CH070_1,0
2G12,704810053_2B7,0
VRC26.13,TRO_11,0
2G12,20417927_07,0
35O22,26191_2_48,0
2G12,R3265_C6,0
DH270min12,T251_18,0
vFP5.01,H086_8,0
49G2,RHPA_C,0
DRVIA7,DRVI01_0912_6,0
41328-a.01,3817_V2_C59,0
ACS117,P0402_C2_11,0
m66.6,3988_25,0
vFP49.02,THRO4156,0
DH270.1,QH209_14M_A2,0
GPZ6-b.01,3873_V1_C24,0
6561-a.01,6244_13_B5_4567,0
VRC26.06,3415_V1_C1,0
DRVIA7,CAP210_E8,0
41328-a.01,A07412M1_VRC12,0
A12V163-b.01,T278_50,0
2G12,BJ24_3,0
PC39-61A,CE2010_F5,0
0.5gamma,TH976_17,0
2G12,GX28_31,0
b12,CA146_H3_3,0
PCT64-24F,CNE30,0
PC39-28C,6545_V4_C1,0
2413c,25925_2_22,0
PCT64-35M,6405_V4_C34,0
VRC42.05,JRCSF,0
PGT122,92UG005,0
8ANC195,CE2010_F5,0
DH796.1,BG1168_1,0
M1214_N2,703010054_2A2,0
DH270.1,231965_C1,0
PCIN71I1a,DU422_1,0
PCT64-35M,57128_VRC15,0
M4008_N1,263_8,0
PGT130,6952_V1_C20,0
V031-a.01,X1193_C1,0
DFPH-a.15,CNE4,0
CH02,89_6,0
PGT128,3365_V2_C20,0
2408c.3,CNE56,0
PG9,0815_V3_C3,0
PGT121,9341_W5_S38_B5,0
DFPH-a.15,0921_V2_C14,0
CH103,CAP256_SU,0
E51,CNE3,0
447-52D,H029_12,0
PCT64-35E,89_6,0
DFPH-a.15,M02138,0
TRNM-b.01,3326_V4_C3,0
PCT64-35D,6240_08_TA5_4622,0
DH717.1,JRFL,0
VRC26.26,5768_4,0
CH103,A03349M1_VRC4A,0
VRC-PG20,CNE14,0
4E9C,X1632_S2_B10,0
vFP16.02,6540_V4_C1,0
VRC06b,A07412M1_VRC12,0
VRC43.01,T251_18,0
PGT130,CNE19,0
IOMAexFACEmin,CNE52,0
vFP5.01,TZBD_02,0
O.2,Q23_17,0
VRC43.01,KER2008_12,0
PGT158,BF1266_431A,0
PCDN-33A,3817_V2_C59,0
17b,ZM106_9,0
916B2,QH359_21M_D1,0
2723-2121,BJOX002000_03_2,0
DJ85-c.01,16845_2_22,0
A12V163-a.01,6535_3,0
10-996,CE0393_C3,0
PC39-28C,Q769_D22,0
4022,JRFL,0
PCT64-24E,CNE53,0
b12,CAP37_1_18_D2_19,0
DF1W-a.01,T255_34,0
PC39-28E,CE0393_C3,0
2723-2121,246_F3_C10_2,0
IOMAmin5,3016_V5_C45,0
PGT153,DU422_1,0
b12,Q23_17,0
D5,BAL_01,0
HERH-a.01,TH023_6,0
PC39-28C,Q23_17,0
PGZL1_gVmDmJ,6041_V3_C23,0
2G12,20104663_E11_D2,0
CH58,BAL_26,0
PGT123,CAP45_G3,0
2G12,94UG118,0
HERH-c.01,0815_V3_C3,0
PGT121,CH505_W4_3,0
PCT64-18D,CNE20,0
PC39-50K,C3347_C11,0
PC39-39C,ZM135_10A,0
Ab1415,246_F3_C10_2,0
PGT126,89_F1_2_25,0
VRC26.10,6535_3,0
VRC26.14,KER2008_12,0
DH796.1,BL01,0
VRC34-pI3,THRO4156,0
DH270min12,ZM233_6,0
17b,3365_V2_C20,0
PCIN71G,16845_2_22,0
A12V163-a.02,A07412M1_VRC12,0
PGT143,C3347_C11,0
VRC34.05,CH070_1,0
8ANC195,928_28,0
3BNC117,VRC607_6_00_F12,0
2G12,BL035_W6M_A1,0
VRC06,UG024_2,0
RHA1.V2.02,TRO_11,0
PC39-50L,231965_C1,0
2G12,CAP266_2_00_E9_H6,0
b12,Q259_17,0
DRVIA7,DRVI01_0507_15,0
LJF-0085,CNE15,0
PCDN-22A,92TH021,0
vFP7.04,CNE5,0
PGT156,231966_C2,0
PGT152,C4118_9,0
VRC34.01,NKU3006_EC1,0
CH103,3326_V4_C3,0
VRC26.06,X1632_S2_B10,0
VRC06b,3873_V1_C24,0
1393A,JRFL,0
VRC06b,CAP244_D3,0
CAP257-RH1,ZM214_15,0
17b,9021_14_B2_4571,0
VRC41.01,BG505_W6M_C2,0
10-1074,KER2018_11,0
PCDN-16A,MN_3,0
PGT126,ZM197_7,0
vFP16.02,T257_31,0
VRC44.02,MS208_A1,0
PGT128,NAB13PRE_CL_9,0
PC39-28C,CNE30,0
LJF-0085,CAP45_G3,0
A12V163-a.02,263_8,0
BF520.1,CNE8,0
E51,3988_25,0
DH270 UCA,TRJO4551_58,0
17b,A07412M1_VRC12,0
VRC34.05,ZM233_6,0
VRC02,CAP210_E8,0
VRC34.05,CNE57,0
b12,B037_ENV16,0
M1214_N2.2,CAP210_E8,0
447-52D,242_14,0
10E8v4,X2088_C9,0
830A,CAAN5342,0
VRC26.06,ZM109_4,0
HK20,Q23_17,0
PCDN-27A,SC422_8,0
A12V163-a.01,3718_3_11,0
6561-a.01,CNE3,0
HERH-b.01,3637_V5_C3,0
VRC26.08,X1254_C3,0
A12V163-a.01,CE1176_A3,0
TRNM-d.01,C1080_C3,0
PC39-17A,Q23_17,0
6070-a.01,C1080_C3,0
VRC26.03,YU2,0
TRNM-c.01,6785_V5_C14,0
DJ85-b.01,3326_V4_C3,0
PGT121,CNE5,0
CH04,B020_ENV06,0
2G12,SC24_40,0
10E8 IgG mutant 5,1394_C9G1,0
VRC34.01_Combo1,CNE59,0
V033-a.01,M02138,0
PGT136,94KE105,0
vFP5.01,0077_V1_C16,0
vFP49.02,6095_V1_C10,0
PCT64-24E,93IN905,0
VRC06f,CE1176_A3,0
PCT64-35M,UG021_16,0
b12,BC18,0
2G12,CE0393_C3,0
J038,6631_V3_C10,0
DH796.1,25925_2_22,0
VRC38.10,PVO_4,0
447-52D,AIIMS731_73105E,0
2G12,0041_V3_C18,0
PC39-23A,1006_11_C3_1601,0
HJ16,ZM249_1,0
PGT130,ZM249_1,0
HK20,THRO4156,0
VRC41.02,ZM55_28A,0
PC39-50B,CAP210_E8,0
DH270min12,M02138,0
PC39-28D,HXB2,0
PGT126,928_28,0
VRC34.01_Combo1,TH023_6,0
VRC34.05,DU156_12,0
VRC26.33,CAP244_D3,0
vFP16.02,TZA125_17,0
b13,JRCSF,0
VRC26.33,Q842_D12,0
447-52D,ZM135_10A,0
ACS117,BJOX015000_11_5,0
CH103,KNH1209_18,0
2557,TRJO4551_58,0
Bess4,1012_11_TC21_3257,0
447-52D,B027_ENV08,0
15e,T251_18,0
447-52D,6101_1,0
PCT64-24G,92BR020,0
PCT64-24E,3103_V3_C10,0
10-1074,703010054_2A2,0
HmAb64,BR07,0
RHA1.V2.01,ZM55_28A,0
VRC06b,ZM249_1,0
PG16,3016_V5_C45,0
DH851.3,1056_10_TA11_1826,0
2408b,SC422_8,0
HJ16,3817_V2_C59,0
KD-247,700010058_A4_4375,0
CAP257-RH1,6471_V1_C16,0
PC39-55D,89_F1_2_25,0
NC-Cow6,X1632_S2_B10,0
A12V163-b.01,ZM197_7,0
DF1W-a.02,C3347_C11,0
PCDN-38B,CE0682_E4,0
VRC26.19,CAP45_G3,0
J029,CE1176_A3,0
DJ85-a.01,00836_2_5,0
vFP5.01,57128_VRC15,0
VRC42.I3,286_36,0
A12V163-a.02,ZM214_15,0
DF1W-a.02,TZA125_17,0
PGT142,3589_V1_C4,0
ElsE2,CH119_10,0
2219,B005_ENV03,0
DH796.1,928_28,0
VRC26.08,6535_3,0
PC39-17A,6545_V4_C1,0
10-1074,8074_BL_F3_3,0
HK20,DU151_02,0
CH03,B005_ENV03,0
PGT121,3545883_G1_E1,0
VRC41.01,6838_V1_C35,0
1B2530,269_12,0
V033-a.01,CNE55,0
PGT141,57128_VRC15,0
b12,BCF03,0
vFP7.04,16936_2_21,0
vFP1.01,0921_V2_C14,0
VRC26.02,92RW020_2,0
m66,T255_34,0
CAP257-RH1,3873_V1_C24,0
PCDN-38A,T257_31,0
916B2,DU156_12,0
179NC75,6540_V4_C1,0
17b,UG037_8,0
VRC-PG05,X2088_C9,0
8ANC195,DU422_1,0
DH270 IA3,Q769_D22,0
PGT135,T253_11,0
PGT121,2936_V9_C5_2,0
Bess4,235_47,0
VRC06,QH209_14M_A2,0
447-52D,H030_7,0
PC39-28C,703010054_2A2,0
DFPH-a.15,57128_VRC15,0
A12V163-a.02,6095_V1_C10,0
VRC38.10,DU172_17,0
vFP5.01,96ZM651_02,0
PG16,92UG035,0
179NC75,BJOX002000_03_2,0
PC39-61B,ZM109_4,0
3BC315,231965_C1,0
1361,H029_12,0
N49P19,CNE21,0
10E8-2fH/0fL,BG1168_1,1
VRC03,CNXJ1081_10,1
VRC-CH31,CNE59,1
4E10,3337_V2_C6,1
GPZ6-a.01,6644_V2_C33,1
N6LS.C58,BAL_26,1
PC39-28C,92RW020_2,1
SF12,S32505_230WK_C18,1
10E8,15JS99,1
DH796.1,DJ263_8,1
PC39-39B,YU2,1
1C2-rabbit,Q769_H5,1
N6LS.C47,CNE5,1
2411a,92RW020_2,1
3BNC117,SC12_EC5,1
10E8-10fH/4fL,THRO4156,1
DH651.1,X2278_C2_B6,1
EN02_01_D03,R3265_C6,1
VRC33.01,16845_2_22,1
N6LS.C35,BJOX002000_03_2,1
IOMAexFACEmin,R1166_C1,1
VRC07,3326_V4_C3,1
10E8,TSG21N01N014,1
N6,9004SS_A3_4,1
GPZ6-a.01,TRJO4551_58,1
3BNC117,9253_PRE_J18,1
LJF-0024,45_01DG5,1
N6LS.C47,288_38,1
10E8,CNE20,1
10E8,CNE8,1
PGT128,269_12,1
MinVRC01,YU2,1
PGT121,QC406_70M_F3,1
PG16,330_14_A12,1
561_01_18,A07412M1_VRC12,1
3BNC117,1245045,1
4E10,92UG005,1
VRC-CH31,BAL_01,1
10E8,DRVI01_0803_14,1
3BNC117,1HD5K_W4_062316_D10_S59,1
PCIN71P,SC422_8,1
PGT121,Q842_D14,1
PGT130,92TH021,1
PCDN-38B,X1193_C1,1
4022,BX08_16,1
438-B11,YU2,1
NC-Cow2,MG505_W0M_A2,1
DH511.5,ZA012_29,1
PCIN66B,1056_10_TA11_1826,1
561_01_55,C2101_C1,1
N49P19,6811_V7_C18,1
561_01_55,1012_11_TC21_3257,1
VRC07-523LS.v34,CNE30,1
PGT121,693_1969_V11_B3_1_REBOUND,1
VRC07-523-F54-LS.v3,X1193_C1,1
3BNC117,MUW104349A_EC03,1
VRC44.02,C3347_C11,1
PCIN71L,1056_10_TA11_1826,1
CH103,CNE40,1
PC39-61A,704809221_1B3,1
2408c.3,CNE53,1
VRC26.26,MI369_A5,1
VRC46.01,CNE14,1
iMab,191084_B7_19,1
PC39-55A,TRO_11,1
VRC02,BR07,1
BG18,V703_0842_200ES,1
2G12,102605I_33,1
N49P7,6535_3,1
PCT64-35K,BG505_W6M_C2,1
PGT121,B007_ENV06,1
VRC-PG04,93IN905,1
10-1074,B036_ENV13,1
VRC07-523LS.v34,89_6,1
DH270.6,CH181_12,1
N49P9.3,SC05_8C11_2344,1
10E8,92TH021,1
N6,TSG23Y06A015_V15,1
CH04,928_28,1
10-1074,CH038_12,1
N49P11,CE0682_E4,1
N6LS.C49,HXB2,1
PC39-50G,191084_B7_19,1
VRC07-523LS.v11,3468_V1_C12,1
VRC26.08,89_F1_2_25,1
PGT128,19715820_A10_H2,1
PG16,AIIMS706_70607C,1
HJ16,SC422_8,1
PG16,SC22_16,1
10E8,21369737_G11_F2,1
N6LS.C51,BAL_26,1
N49P11,BJOX010000_06_2,1
10E8v4,7165_18,1
PC39-39C,BAL_01,1
4E10,B013_ENV02,1
VRC03,CNE53,1
4E10,CNE59,1
PGT137,92BR020,1
4E10,BF329,1
PGT121,234_F1_16_57,1
10E8,VRC607_9_00_C9,1
VRC42.01,CH181_12,1
CH03,R18553,1
35O22,C3347_C11,1
Bess1,3817_V2_C59,1
VRC-PG04,93UG077,1
35O22,KER2008_12,1
PC39-50K,0260_V5_C1,1
N6,IDC561_G10,1
VRC42.I3,WITO4160_33,1
10E8-10fH/10fL,ZM55_28A,1
PCDN-38A,T278_50,1
VRC07-523LS.v14,CAAN5342,1
PG16,TRJO4551_58,1
10-1074,ZM215_8,1
PG9,AIIMS706_70607F,1
PGT121,BC02,1
N6LS.C51,A03349M1_VRC4A,1
3BNC117,693_2215_V2_D11_9_BASELINE,1
561_01_18,V704_0128_220_RE_PB001_S,1
DH270.1,P1981_C5_3,1
10E8,BJOX028000_10_3,1
DH511.11P,3415_V1_C1,1
10-1074,FR_2001_49,1
DH270.2,ZM106_9,1
7H6,MUW101091A_EC10,1
10-303,SS1196_1,1
PCIN71P,CAAN5342,1
PCDN-38B,1394_C9G1,1
10-1074,TSG_EHI18,1
PCT64-35D,CNE19,1
VRC42.04,THRO4156,1
PCIN77D,KNH1144,1
VRC03,B036_ENV13,1
10E8-19fH/16fL,ZM55_28A,1
PG16,SC26_EC34,1
3BNC117,91C22_W14_S28_B3,1
10E8,SC21_EC13,1
N6,P1741_A2,1
N6LS.C47,ZM109_4,1
VRC07-523-F54-LS.v3,REJO4541_67,1
7H6,MUW101091A_EC02,1
4E10,1394_C9G1,1
N6LS.C47,BG1168_1,1
VRC02,6535_3,1
PC39-39B,CE1172_H1,1
4E10,KO459_T68_4,1
PGDM21,1394_C9G1,1
VRC07-523-W54-LS.v3,UG024_2,1
PGT151,329_14_B4,1
EN02_04_A06,CT966_E1_7,1
N6,T251_18,1
HERH-b.01,CNE31,1
N6LS.C51,288_38,1
1B2530,6644_V2_C33,1
PGT121,9004SS_A3_4,1
VRC34-pI3,242_14,1
N6LS.C47,0013095_2_11,1
PG9,AIIMS704_70414,1
N6LS.C51,ZM109_4,1
N6,3603_C11_13,1
PGT121,0041_V3_C18,1
PG16,0260_V5_C36,1
VRC-PG04,92RW020_2,1
b6,BAL_26,1
VRC07-523LS.v34,246_F3_C10_2,1
7H6,MUW101273A_EC06,1
2G12,CBJC515_08_23,1
3BNC117,704010069_C6,1
VRC40.01,Q23_17,1
BG18,BJOX002000_03_2,1
VRC07-523-W54-LS.v3,BJOX010000_06_2,1
PGT123,CNE53,1
b12,MI369_A5,1
Bess4,3301_V1_C24,1
VRC42.01,BG1168_1,1
DH270.6,CH119_10,1
1C2-rabbit,26191_2_48,1
4E10,B002_ENV03,1
MinVRC01,BJOX010000_06_2,1
PGT145,SIV_CPZ_EK505,1
TRNM-c.01,T250_4,1
PG16,703010217_B6,1
10E8,CBJC515_05_23,1
10E8,VRC607_11_00_E7,1
HJ16,191821_E6_1,1
10E8,CBJC504_05_08,1
VRC26.08,CAP260_2_00_TA1_1B,1
VRC34.01_Combo1,QH209_14M_A2,1
PG9,CAP266_2_00_E9_H6,1
VRC07-523LS.v14,CNE3,1
Bess4,ZM233_6,1
N6,6146_V7_C23,1
VRC34.01,V703_0472_030S,1
PG9,GX28_31,1
M1214_N1,6240_08_TA5_4622,1
HERH-c.01,HT593_1,1
3BNC117,S32212_164WK_C59,1
3BNC117,702_W5_P_06_12_E2_S21,1
RHA1.V2.01,C4118_9,1
3BNC117,VRC607_5_00_C1,1
PGT137,TRO_11,1
1B2530,6240_08_TA5_4622,1
IOMA,X2278_C2_B6,1
4E10,20883229_C9_H6,1
3BNC117,ZM109_4,1
EN02_01_D03,BI369_9A,1
N6LS.C30,QH209_14M_A2,1
PGT121,CBJC515_05_16,1
VRC08c,25710_2_43,1
BG18,TSG_EHI41,1
VRC41.02,ZM106_9,1
N49P7,CAP307_2_00_24_1,1
DF1W-a.02,3365_V2_C20,1
PGT128,CH0694,1
PGT121,TSG21N01F003,1
8ANC195,9004SS_A3_4,1
EN02_04_A06,704809221_1B3,1
PC39-50K,CNE21,1
J038,CNE58,1
VRC07-523LS.v14,ZM249_1,1
EN01_007,V703_0566_160S,1
PGT121,7190_BL_A3_2,1
10-1074,TSG22Y05A0021_BL21,1
DFPH-a.15,6101_1,1
N6LS.C58,001428_2_42,1
PGT135,CAP210_E8,1
N49P6,T250_4,1
ElsE2,BJOX002000_03_2,1
8ANC195,UG021_16,1
VRC42.01,BR07,1
PCT64-35S,1394_C9G1,1
PG9,KO224_T87_2_4,1
DH511.11P,X2131_C1_B5,1
DH796.1,6040_V4_C15,1
VRC26.08,BJOX002000_03_2,1
VRC40.01,DU151_02,1
HERH-c.01,3589_V1_C4,1
M4008_N1,BF1266_431A,1
PCIN71L,CE2060_G9,1
VRC02,ZM233_6,1
PGT143,X1632_S2_B10,1
VRC-PG04,0702_BM_D1,1
DH511.11P,6095_V1_C10,1
NC-Cow7,Q23_17,1
10E8,92BR020,1
EN02_04_A06,ZM106_9,1
PC39-45A,TRJO4551_58,1
N49P7,6244_13_B5_4567,1
VRC07,SO186_H6_5,1
NC-Cow10,Q461_E2,1
IOMA-HC-DDE,PVO_4,1
10-1074,9343_D0_S45_A5,1
10-1074,693_7989_V2_C4_4_1_BASELINE,1
VRC34.01,186_BT_SGA1,1
VRC07e,246_F3_C10_2,1
PGT123,92RW020_2,1
10E8-10fH/4fL,JRFL,1
3BNC117,CAP84_32,1
IOMA-HC-DDE,R3265_C6,1
PGT142,CNE3,1
DH270 IA3,Q23_17,1
PGT135,BJOX015000_11_5,1
PCIN77D,DU172_17,1
SF5,CNE55,1
VRC07-523LS.v34,0013095_2_11,1
PGT135,89_F1_2_25,1
CH103,CNE58,1
PG16,4_2_J45B,1
N6,CAP244_D3,1
2411a,NKU3006_EC1,1
10E8,SC13_EC21,1
PGT128,235080_3G7_REV,1
PC39-17A,TRO_11,1
DH270min1,MI369_A5,1
Min12A21,C3347_C11,1
4E10,100014I_2_20,1
VRC-PG04,P1981_C5_3,1
PGT121,CAP88_6M_C10,1
DH270 IA2,6101_1,1
10E8,722_G4_16,1
DH270.5,X1254_C3,1
N6LS.C35,CNE3,1
PG9,VC1_E14_110488_024,1
561_01_18,V703_0790_190_RE_PBLIB002_S,1
PGDM21,CNE21,1
GPZ6-a.01,CNE31,1
N49P7,16936_2_21,1
RHA1.V2.02,25710_2_43,1
IOMAexFACEmin,703010217_B6,1
10E8,BJ168_17,1
N49P22,RHPA4259_7,1
N6LS.C58,Q461_E2,1
10E8 IgG mutant 5,BJOX009000_02_4,1
b12,BC17,1
2413c,KNH1209_18,1
LN01,CAAN5342,1
DH270.5,P1981_C5_3,1
4E10,SC29_EC1,1
VRC23,6095_V1_C10,1
N6LS.C58,25710_2_43,1
PCDN-33A,1056_10_TA11_1826,1
10E8,B003_ENV06,1
6561-a.01,CNE20,1
PC39-23A,0815_V3_C3,1
PG9,MS208_A1,1
3BNC117,5257_BL_B12_4,1
N6,KER2018_11,1
N6LS.C49,BB201_B42,1
PGT121,X1193_C1,1
J038,288_38,1
3BNC117,CE1086_B2,1
VRC43.01,R2184_C4,1
PGT151,398_F1_F6_20,1
VRC01g,703010217_B6,1
VRC42.I3,235_47,1
PCIN71M1a,93IN905,1
BG18,TSG21Y02A0012,1
PGT151,V704_2544_140EN02,1
PGT126,SC19_15,1
N6LS.C1,3589_V1_C4,1
VRC07-523LS.v11,QH0515_1,1
ElsE1,3301_V1_C24,1
PG16,3365_V2_C20,1
IOMA,MB201_A1,1
4O20,92RW020_2,1
LJF-0085,25710_2_43,1
N6LS.C58,CNE12,1
EN02_04_A06,MB201_A1,1
VRC03,3305_BM_F6,1
N6LS.C47,703010217_B6,1
HJ16,1054_07_TC4_1499,1
PGT151,HXB2,1
DH270.1,ZM135_10A,1
gVRC-H1dC38/VRC01L,Q23_17,1
EN01_007,CE0682_E4,1
6561-a.01,BF1266_431A,1
CH04,CE0393_C3,1
Ab1271,CE1176_A3,1
VRC07-523-F54-LS.v3,45_01DG5,1
PGT128,7165_18,1
N6LS.C35,T251_18,1
BG18,TSG_EHI13_D6,1
438-B11,JRFL,1
VRC40.01,CNE55,1
PG9,ZM197_7,1
PGT121,DRVI01_0507_15,1
IOMA-HC-DDE,THRO4156,1
DH511_I4,BJOX002000_03_2,1
VRC-PG04,CE2010_F5,1
GPZ6-b.01,YU2,1
ACS117,6041_V3_C23,1
N6LS.C51,CM244_EC1,1
PGT125,93TH305,1
VRC26.26,0921_V2_C14,1
1B2530,3337_V2_C6,1
CH01_UA3,T250_4,1
PGT151,AIIMS706_70607C,1
PG9,BJOX025000_01_1,1
PGT136,NL43,1
BG24,DU172_17,1
DH511.3,KER2018_11,1
PGT121,CAP08_F6,1
VRC41.01,DU151_02,1
VRC24,AC10_29,1
4E10,B01,1
561_01_18,1012_11_TC21_3257,1
VRC24,92RW020_2,1
N49P7,3103_V3_C10,1
PGT128,CT140_140_B6,1
VRC34-pI4,Q23_17,1
10-1074,CAP69_1_12_TA7_1,1
3BNC117,BJOX009000_02_4,1
3BNC117,1HD2_PREINF_051916_A12_S61,1
10E8,SC26_EC05,1
IOMA-HC-DDE,928_28,1
1B2530,704809221_1B3,1
PGT128,1143465_14,1
10E8,ZENV32_0111_5,1
3BNC117,126652V01_EC4,1
N6LS.C1,92RW020_2,1
SF12,SC422_8,1
4E10,YN148R_9,1
438-B11,X2278_C2_B6,1
2413c,UG021_16,1
3BNC117,VRC607_1_35_D11,1
LJF-0024,16055_2_3,1
3BNC117,09GX285,1
10E8,BC06,1
1B2530,WEAU_D15_410,1
HJ16,191084_B7_19,1
MinVRC01,R2184_C4,1
PGT121,B037_ENV16,1
561_01_18,BJOX010000_06_2,1
M1214_N1.2,RHPA4259_7,1
VRC07,TSG22Y03A0031_B31,1
DH270.3,RHPA4259_7,1
N49P9.3,704809221_1B3,1
VRC26.08,21369737_G11_F2,1
VRC43.01,0013095_2_11,1
VRC-PG04,BJOX009000_02_4,1
PGT128,VC5_15_136428_043,1
1B2530,X1254_C3,1
PGZL1,ZM247_V1,1
N6,TSG21N01N018,1
10E8,199_1_C_AE_5,1
N6LS.C35,3326_V4_C3,1
2723-4186,703010217_B6,1
10E8,VRC607_8_00_B4,1
VRC26.16,CM244_EC1,1
gVRC-H1dC38/VRC01L,0013095_2_11,1
PGT151,V704_0445_180_RE_CON_S,1
179NC75,YU2,1
PGT145,3426_V5_C17,1
VRC07-523-W54-LS.v3,X2278_C2_B6,1
EN02_05_B08,BAL_01,1
10E8v4,191821_E6_1,1
IOMA,3468_V1_C12,1
561_01_18,620345_C1,1
VRC-CH31,UG021_16,1
10E8v4,V704_1236_060_ESN1,1
N6LS.C15,KER2008_12,1
DH270.5,TRJO4551_58,1
VRC-PG04b,ZM214_15,1
PGT145,B023_ENV09,1
561_01_18,SO607_B6_9,1
10E8,TSG21N01N015,1
PCT64-35H,92TH021,1
VRC38.08,BG505_W6M_C2,1
MinVRC01,92TH021,1
PGT121,TSG_EHI7,1
LJF-0085,SF162,1
PG16,HN18A_41,1
VRC07-523-F54-LS.v3,Q769_D22,1
DF1W-a.02,RHPA4259_7,1
10E8,B007_ENV06,1
VRC-PG04,A07412M1_VRC12,1
10E8-19fH/16fL,DU156_12,1
HJ16,TH966_8,1
VRC01-30fH/10fL,BAL_01,1
10E8,20358510_01,1
3BNC117,BJOX019000_02_1,1
10-1074,235_47,1
PGT121,GX91_2,1
3BNC117,693_7989_V2_B4_4_BASELINE,1
PGT122,93IN905,1
35O22,249M_B10,1
VRC33.01,UG024_2,1
N60P2.1,SC422_8,1
10E8,15JS01,1
3BNC117,ME178_G6_16,1
PGT121,1HD6K_W8_072616_D6_S65,1
PG9,BC01,1
PGT145,SIV_ASC_RT11,1
4E10,191727_D1_12,1
EN01_007,CNE53,1
N6LS.C30,P0402_C2_11,1
10E8,HN40_40,1
PGT121,TSG_EHI12,1
PGT126,QH0692_42,1
b12,B028_ENV03,1
PCT64-24F,92TH021,1
N6,V703_1789_230_RE_E3A3S,1
VRC07-523LS.v14,242_14,1
DH270min12,DU123_06,1
VRC07-523LS.v34,6101_1,1
VRC-PG04,QH0515_1,1
IOMA,CNE40,1
VRC38.08,KER2018_11,1
DH511.1,DU422_1,1
3BNC117,VRC607_2_00_D6,1
PGT151,CH117_4,1
VRC-PG20,TH976_17,1
VRC-CH31,ZM214_15,1
HERH-a.01,QH209_14M_A2,1
561_01_55,X2278_C2_B6,1
N49P7,C4118_9,1
TRNM-b.01,T255_34,1
PGT145,TSG22Y03A0032_B32,1
10E8,BAL_26,1
PGT126,MUW104349A_ECRH,1
PCIN77D,CNE58,1
DH270.1,286_36,1
PGZL1,94UG103,1
EN02_04_A06,KO870_C2_10,1
PC39-50L,T255_34,1
PC39-28C,1056_10_TA11_1826,1
N6LS.C58,CNE57,1
DJ85-a.01,BJOX010000_06_2,1
RHA1.V2.01,CAP45_G3,1
VRC02,KER2008_12,1
3BNC117,VRC607_11_00_E2,1
2411a,R2184_C4,1
DH270min1,ZM215_8,1
10E8,CAP378_2_00_D2_5,1
8ANC195,ZM214_15,1
VRC26.26,263_8,1
LN01,Q842_D12,1
VRC26.07,KER2018_11,1
MEL-2129,QH0692_42,1
PCDN-38B,92BR020,1
PGT128,EN3D071,1
3BNC117,6113_BL_A5_4,1
N49P9.3,BJOX015000_11_5,1
1C2-rabbit,0330_V4_C3,1
EN02_01_D03,BG1168_1,1
N49P22,T255_34,1
10E8,AC10_29,1
E51,CNE4,1
PGT145,3718_3_11,1
N6LS.C30,26191_2_48,1
MinVRC01,BJOX009000_02_4,1
J038,398_F1_F6_20,1
PG9,GX93_8,1
VRC-CH31,GX33M_25,1
438-B11,BAL_26,1
VRC38.08,C1080_C3,1
SF12,S52725_275WK_C19,1
N6LS.C1,P0402_C2_11,1
PGT121,PG37081_J36,1
PGT128,20721190,1
179NC75,Q842_D12,1
VRC26.14,C1080_C3,1
PGT121,100014I_2_20,1
PCDN-33A,235_47,1
10E8,6540_V4_C1,1
VRC34-pI3,CNE31,1
PC39-17B,ADA,1
PGT143,R1166_C1,1
VRC07-523-F54-LS.v3,ZM197_7,1
PGT128,714910601_39,1
3BNC117,TSG21S01A0003_STMART02,1
PGDM21,X1254_C3,1
DH270.6,CNE12,1
N6LS.C15,JRFL,1
DJ85-a.01,5768_4,1
3BNC117,707_W9_P_C5_S91,1
LN01,X1632_S2_B10,1
VRC26.08,704010083_B8,1
iMab,SIV_CPZ_LB715,1
PGT128,B009_ENV11,1
VRC07-523-W54-LS.v3,DU172_17,1
3BNC117,HXB2,1
VRC26.04,ZM249_1,1
iMab,ZM197_7,1
PGT121,TSG22Y03A0015_B15,1
VRC34-pI3,H086_8,1
561_01_18,CNE30,1
PGT121,714909105_17,1
VRC08,UG037_8,1
PGT128,329_15_A1,1
DH270min12,TV1_29,1
DH511.11P,BS208_B1,1
10E8 IgG mutant 5,CE0393_C3,1
N6LS.C49,CNE58,1
PG9,HN15A_27,1
DH270.6,CNE53,1
3BNC117,6113_BL_A3_4,1
DH270min12,6644_V2_C33,1
3BNC117,VRC607_11_00_E3,1
PGT121,714909105_20,1
2G12,101421I_2_23,1
HERH-c.01,BB201_B42,1
VRC03,6644_V2_C33,1
3BC315,TRO_11,1
10-1074,MUW101091A_EC01,1
N49P7,HT593_1,1
N6,P0402_C2_11,1
N6LS.C49,16845_2_22,1
VRC07-523LS.v11,0815_V3_C3,1
40591-a.01,16055_2_3,1
PC39-55D,X1254_C3,1
PG16,QA790_204I_C1,1
PG9,TSG23Y06E001_V1,1
10E8v4,Q259_17,1
VRC07-523LS.v34,R3265_C6,1
PGT121,GX68_5,1
VRC-PG04,CH117_4,1
10E8-19fH/16fL,ZA012_29,1
PCIN71I1a,92TH021,1
N6,QH0692_42,1
VRC07-523LS.v34,57128_VRC15,1
N6,SHIV_CNE40_JB98_W29_17,1
VRC38.06,Q23_17,1
vFP16.02,KER2008_12,1
IOMA,JRCSF,1
N6LS.C51,Q769_H5,1
VRC-PG04,ZA012_29,1
VRC06b,6838_V1_C35,1
VRC07-523-W54-LS.v3,P0402_C2_11,1
iMab,ZM135_10A,1
35O22,Q461_E2,1
VRC43.01,KO426_T78_10,1
VRC03,AIIMS731_73105B,1
VRC42.I3,X1193_C1,1
EN02_04_A06,KER2008_12,1
VRC07f,398_F1_F6_20,1
PGZL1,CAP45_G3,1
VRC-CH31,SHX346_60,1
N6,S30108_217WK_C42,1
10E8,SC28_EC1,1
3BNC117,FR_2001_49,1
VRC42.I3,6838_V1_C35,1
M4008_N1,62357_14_D3_4589,1
VRC26.08,CAP308_2_00_E11_35,1
PG16,S52354_263WK_C60,1
DF1W-a.02,BG505_W6M_C2,1
10E8,MUW101769A_EC02,1
PCIN71G,62357_14_D3_4589,1
PGT131,92RW026,1
HERH-a.01,CNE56,1
PC39-23D,BAL_01,1
PCDN-38A,TRJO4551_58,1
10E8v4-DS,PVO_4,1
10-996,0013095_2_11,1
N49P18.1,CNE21,1
1B2530,ZM53_12,1
BF520.1,X2278_C2_B6,1
VRC43.01,928_28,1
PC39-55D,CNE53,1
VRC34.01,TSG_EHI55,1
DH270 IA2,Q23_17,1
3BNC117,VRC607_12_00_F1,1
PCT64-35M,T253_11,1
N6LS.C1,ZM55_28A,1
PC39-50I,RHPA4259_7,1
N6,ZM135_10A,1
gVRC-H1dC38/VRC01L,Q168_A2,1
N6LS.C30,Q23_17,1
VRC26.06,BI369_9A,1
CH04,B013_ENV02,1
PGT126,GX54_6,1
10-996,CNE30,1
PG9,DH12,1
N49P7,6631_V3_C10,1
ElsE2,Q23_17,1
VRC07-523LS.v11,BAL_26,1
Ab1485,0815_V3_C3,1
PCT64-18D,ZM249_1,1
10E8,16845_2_22,1
VRC07,CA457_H1_1,1
MEL-2129,RHPA4259_7,1
VRC07-523LS.v14,00836_2_5,1
3BNC117,TSG_EHI44,1
PCIN71D2b,ADA,1
VRC43.01,AC10_29,1
3BNC117,6292_BL_D2_3,1
LJF-0085,001428_2_42,1
179NC75,BJOX028000_10_3,1
VRC26.05,ZM53_12,1
3BNC117,2319_BL_E10_2,1
PGT157,CAP45_G3,1
41328-a.01,Q23_17,1
VRC26.08,CE2052_G10,1
VRC26.16,CAP210_E8,1
N6LS.C51,X2088_C9,1
10E8v4,V704_2834_210_RE_PB001_S,1
PGT154,Q461_E2,1
VRC02,SC422_8,1
VRC34-pI4,C2101_C1,1
VRC42.I3,16936_2_21,1
PGT125,X1193_C1,1
PGT121,CNE10,1
PGT121,TSG_EHIPRE15,1
D5_FI,PVO_4,1
M4008_N1,Q842_D12,1
EN01_007,6240_08_TA5_4622,1
LN01,X1193_C1,1
DH270.6,ZM215_8,1
N6LS.C49,R3265_C6,1
PCIN71O,DH12,1
EN02_05_B08,211_9,1
VRC44.02,KNH1209_18,1
VRC38.01,CH070_1,1
3BNC117,15JS07,1
10-1074,Q259_17,1
3BNC117,653116_6_49YPI_SGA39_NE1,1
PGT121,B01,1
PCIN71M1a,KNH1144,1
PGT121,1536_BL_E11_4,1
PGT135,16845_2_22,1
Bess4,231965_C1,1
DH511.11P,S50252_603WK_C11,1
VRC07-523LS.v11,247_23,1
EN02_05_B08,T280_5,1
2413b,ADA,1
EN02_04_A06,CNE52,1
10E8,CNE58,1
N6,TSG_EHI36,1
DH270.4,TRJO4551_58,1
3BNC117,MUW104349A_EC04,1
gVRC-H1dC38/VRC01L,MB539_2B7,1
10-1074,TSG22Y03A0015_B15,1
iMab,211_9,1
CH103,246_F3_C10_2,1
10E8v4,V704_2834_210_RE_PB002_S,1
N49P19,191084_B7_19,1
VRC-CH31,GX93_8,1
8ANC195,CNE20,1
VRC23,CNE40,1
BG24,ZM197_7,1
DJ85-a.01,6631_V3_C10,1
VRC-PG04,BX08_16,1
N49P7,CE0682_E4,1
7H6,SC13_EC21,1
7H6,MUW101769A_EC04,1
PGT121,MUW100708A_EC11,1
VRC-PG04,0702_BM_H12,1
VRC26.26,DU172_17,1
EN02_05_B08,3415_V1_C1,1
DJ85-a.01,C2101_C1,1
GPZ6-a.01,ZM233_6,1
VRC26.08,X1632_S2_B10,1
NC-Cow1,CAAN5342,1
M1214_N1.2,REJO4541_67,1
PGT121,CAP317_2_00_D4_10,1
10-996,3301_V1_C24,1
PG16,92RW009,1
gVRC-H1dC38/VRC01L,0439_V5_C1,1
VRC07-523LS.v34,A03349M1_VRC4A,1
10E8,CBJC515_05_19,1
4E10,CE2060_G9,1
LJF-0024,BJOX002000_03_2,1
PC39-55D,CAAN5342,1
PGT143,A07412M1_VRC12,1
PC39-50B,ADA,1
4E10,W61D_TCLA_71,1
10E8-2fH/0fL,Q168_A2,1
PGT121,B001_ENV06,1
IOMAexFACEmin,3301_V1_C24,1
1B2530,6811_V7_C18,1
4E10,BJ17A_6,1
PGT158,CNE52,1
4E10,H030_7,1
3BNC117,1HC3_D0_012216_G3_S52,1
VRC07,ZM249_1,1
VRC-CH31,CNE21,1
DH270.1,714909105_17,1
PGT145,1056_10_TA11_1826,1
PGT126,SC14_49,1
Minimal BF520.1,CE1176_A3,1
VRC02,BG1168_1,1
PCIN66B,6480_V4_C25,1
EN02_04_A06,V704_3000_240_RE_PBSGA002_S,1
BG24,6535_3,1
PGT121,VC2_15_130809_025,1
8ANC195,CNE21,1
VRC43.03,ZM55_28A,1
PGT121,94UG114,1
10E8,CAP206_1_B5_Y681D,1
IOMAexFACEmin,CE1086_B2,1
VRC-CH30,KER2018_11,1
35O22,MUW101769A_EC07,1
447-52D,AIIMS709_70915B,1
NC-Cow1,CNE53,1
PCIN71M1a,HXB2,1
N6,20721190,1
VRC08,25711_2_4,1
PCIN71G,CE2010_F5,1
2G12,541_F1_A7_2,1
N49P7,242_14,1
1C2-rabbit,TH966_8,1
VRC42.01,247_23,1
N60P1.1,CE2010_F5,1
N49P7,25711_2_4,1
10E8-10fH/10fL,Q168_A2,1
VRC03,MUW101273A_EC06,1
PGT128,20198102_E9_G1,1
HERH-c.01,PVO_4,1
EN02_04_A06,V703_1848_190_RE_E6D1S,1
PG16,0301_BM_A12,1
PGT128,SO225_H11_12,1
3BNC117,2990_V7_C1_4,1
CH98,NP03,1
10-410,PVO_4,1
561_01_18,V704_1481_220_RE_P002S,1
VRC26.08,1394_C9G1,1
PC39-17A,T250_4,1
DH511.4,246_F3_C10_2,1
PGT121,1394_C9G1,1
DH583,6644_V2_C33,1
BG24,6811_V7_C18,1
561_01_18,V704_1429_090_EN2G,1
DH651.3,25710_2_43,1
4E10,CAP306_2_00_F9_1,1
N49P22,BJOX015000_11_5,1
PC39-39B,6480_V4_C25,1
10E8,SC422_8,1
PC39-39A,6535_3,1
35O22,ZM246F,1
3BNC117,CAP210_E8,1
N49P6,CE1086_B2,1
3BNC117,1HD1_D0_012016_A4_S67,1
VRC01-5fH/6fL,Q769_H5,1
VRC26.26,269_12,1
VRC38.06,C1080_C3,1
NC-Cow1,BG505_W6M_C2,1
GPZ6-b.01,MW965_26,1
CH03,126652V01_EC6,1
10E8,BF1266_431A,1
N6LS.C15,3988_25,1
PC39-55D,3817_V2_C59,1
gVRC-H1dC38/VRC01L,R1166_C1,1
PGT142,CAP45_G3,1
VRC44.02,CAP45_G3,1
b12,BJ175_4,1
LJF-0087,242_14,1
PC39-28E,X2131_C1_B5,1
PGDM12,CNE40,1
N6LS.C47,0815_V3_C3,1
7H6,MUW100708A_EC08,1
VRC40.01,0077_V1_C16,1
HERH-c.01,7165_18,1
PGT126,GX34_21,1
PCIN71L,703010054_2A2,1
VRC07,CAP307_2_00_24_1,1
3BNC117,693_2215_V9_D7_3_REBOUND,1
J038,ZM249_1,1
Bess1,6041_V3_C23,1
DH270min1,X1254_C3,1
PGT145,QB726_70M_B3,1
4E10,SO431_C1_1,1
N49P9.3,CE1172_H1,1
10-1074,TSG21N01N026,1
VRC-PG04,CMU02,1
N49P19,CNE52,1
Ab1485,RHPA4259_7,1
3BNC117,651_LN_C43,1
VRC06b,1006_11_C3_1601,1
VRC07,703010131_1E2,1
N6LS.C49,WITO4160_33,1
GPZ6-a.01,CAP210_E8,1
10E8,AIIMS704_70402,1
VRC34.01,RHPA4259_7,1
N6LS.C49,6540_V4_C1,1
Bess4,BJOX025000_01_1,1
3BNC117,MUW104349A_ECRH,1
PCIN71L,3016_V5_C45,1
SF7,X2278_C2_B6,1
RHA1.V2.01,235_47,1
10E8,BC18,1
b13,JRFL,1
4E10,X1854_C2_10,1
2413a,CNE19,1
N49P18.1,CE0682_E4,1
VRC-CH31,BJYA105_5,1
10E8,X1254_C3,1
561_01_18,V704_1775_030CN_SYNGTOA_567,1
PCIN77B1b,92RW020_2,1
N49P11,X1193_C1,1
DH270.5,CH181_12,1
2413b,MB201_A1,1
4E10,SC14_49,1
VRC-PG04,CNE5,1
PGT126,93TH305,1
PGDM11,X2088_C9,1
VRC34.01,DU172_17,1
CH28,CE0393_C3,1
10-1074,714909105_5,1
VRC38.10,BG505_W6M_C2,1
VRC34.01_Combo1,ZM249_1,1
SF12,T251_18,1
N6LS.C15,ZM55_28A,1
3BNC117,B036_ENV13,1
PGT121,EN1_101603_022,1
VRC08,SF162,1
PCIN71O,DU156_12,1
PC39-50K,3103_V3_C10,1
EN02_04_A06,CE1176_A3,1
VRC07-523LS.v34,Q769_D22,1
LJF-0087,92RW020_2,1
N49P7,ZENV92_1008_8,1
3BNC117,CA240_A5_5,1
N49P7,3817_V2_C59,1
PGT125,98CN006,1
VRC26.11,ZM197_7,1
PG9,BI369_9A,1
PGT121,4236_BL_C5_3,1
N49P19,C1080_C3,1
4E10,100890I_2_4,1
EN02_01_D03,KER2018_11,1
PCT64-35D,C1080_C3,1
N6LS.C30,JRFL,1
PGT135,BAL_01,1
N6,SHIV_CNE40_JB98_W29_21,1
PGT145,19314479_A2_5,1
438-B11,DU156_12,1
N49P11,SC422_8,1
PGT142,92BR025_9,1
VRC-PG04,S30440_173WK_C66,1
PGT145,B41_9032_08_A1,1
PGDM21,CNE17,1
PC39-61A,ADA,1
4E10,CAP330_2_00_F2_41,1
1B2530,C3347_C11,1
N6LS.C35,0013095_2_11,1
Bess4,3817_V2_C59,1
PGT121,TSG22Y02E0037_DE37,1
PGZL1,P0402_C2_11,1
DH270.6,235_47,1
VRC34.01,V704_0575_060_RE_P002S,1
NC-Cow2,703010217_B6,1
VRC26.08,CAP304_2_00_F6_6,1
VRC40.01,TRJO4551_58,1
4E10,CNE21,1
CH106,QD435_100M_A4,1
VRC26.32,ZM197_7,1
PG9,TSG_EHI59,1
iMab,0260_V5_C36,1
VRC08,R1166_C1,1
PGT121,FR_2012_180,1
PC39-50I,DH12,1
PG9,ZENV32_0111_5,1
VRC07-523LS.v14,CNE10,1
PGDM11,A07412M1_VRC12,1
PGT121,6775_BL_E3_3,1
VRC43.01,3016_V5_C45,1
10-1074,CNE21,1
PGT130,Q461_E2,1
4E10,CH117_4,1
VRC07-523-F54-LS.v3,7165_18,1
iMab,SIV_CPZ_TAN13,1
1C2-rabbit,A07412M1_VRC12,1
VRC40.01,BJOX002000_03_2,1
PG16,VC1_E14_110488_041,1
VRC07,TSG22Y05E0043_BL43,1
PGT145,TSG_EHI33,1
VRC07-523LS.v11,R1166_C1,1
VRC07-523LS.v11,DU123_06,1
EN02_04_A06,DJ263_8,1
PGT128,100155M_51,1
EN01_007,V703_1848_190_RE_PBLIB002_S,1
IOMAmin3,CE0682_E4,1
SF5,QH0692_42,1
VRC07-523LS.v11,3016_V5_C45,1
iMab,BF1266_431A,1
VRC34-pI3,ZM106_9,1
2219,BAL_26,1
HGN194,DU123_06,1
N49P9.3,A07412M1_VRC12,1
VRC06b,KER2008_12,1
GPZ6-b.01,TRJO4551_58,1
b12,CNE9,1
N6LS.C58,6322_V4_C1,1
DH270.1,CH038_12,1
N6,6040_V4_C15,1
DH651.2,CE1176_A3,1
VRC07,P0402_C2_11,1
BG18,TSG_EHI34,1
PGT145,330_15_E36,1
4E10,Q461_E2,1
7H6,SC29_EC1,1
DJ85-a.01,CNE57,1
10E8-0fH/4fL,Q769_H5,1
PGT128,VC5_15_136428_186,1
N6,541_F1_A7_2,1
10E8,3415_V1_C1,1
NC-Cow1,A07412M1_VRC12,1
PC39-28C,DH12,1
1C2-rabbit,ZM135_10A,1
VRC08,T257_31,1
PGT121,KNH1144,1
IOMA,3589_V1_C4,1
N6LS.C1,CH119_10,1
10E8,0260_V5_C36,1
NC-Cow1,T251_18,1
PGT145,A03349M1_VRC4A,1
N49P7,NAB9PRE_CL_106,1
VRC01-8fH/10fL,THRO4156,1
CH28,WEAU_D15_410,1
PGT121,AIIMS704_70414,1
PGT153,CNE52,1
PG9,GZ30_6,1
TRNM-f.01,6785_V5_C14,1
PG9,QA255_21P_A15,1
EN02_01_D03,CNE58,1
LN01,SC422_8,1
M4008_N1,JRFL,1
VRC42.01,KNH1209_18,1
VRC03,BG505_W6M_C2,1
PGT128,19157834_V1,1
N6LS.C51,DU172_17,1
VRC26.08,0041_V3_C18,1
PCDN-38A,PVO_4,1
BG505.48,SF162,1
NC-Cow1,T257_31,1
N49P18.1,249M_B10,1
PGT121,91C35_D0_S35_A7,1
ElsE2,1394_C9G1,1
10-1074,16936_2_21,1
7H6,MUW101769A_EC02,1
b12,H079_2,1
VRC07b,398_F1_F6_20,1
iMab,X1254_C3,1
PCIN66B,R3265_C6,1
BG24,ZM249_1,1
EN02_01_D03,6838_V1_C35,1
PG9,92RW024,1
CH02,BJOX009000_02_4,1
N6,FR_2008_67,1
561_01_18,MS208_A1,1
VRC26.19,BG505_W6M_C2,1
VRC41.01,ZM214_15,1
VRC-PG04,APV_17,1
VRC34.01,16936_2_21,1
VRC34.01,TSG22Y03A0032_B32,1
VRC-CH31,100014I_2_20,1
DH270.5,5768_4,1
VRC-PG04,ZENV92_1008_8,1
PGT128,YU2,1
vFP49.02,25710_2_43,1
PC39-23B,JRCSF,1
PG9,HEB46_6,1
10-1074,AIIMS704_70406,1
10E8,CNE56,1
3BNC117,693_1969_V11_C4_1_REBOUND,1
PGT121,VB106_J38,1
VRC08,6631_V3_C10,1
VRC07-523LS.v14,3988_25,1
PGT121,FR_2001_47,1
N49P7,BS208_B1,1
2413c,92RW020_2,1
4E10,CH0694,1
VRC26.32,ZM53_12,1
10-1074,TSG21N01S028,1
DH270 IA1,JRFL,1
PC39-50J,DU422_1,1
TRNM-b.01,P1981_C5_3,1
4E10,BC02,1
N49P6,C2101_C1,1
VRC03b,25710_2_43,1
VRC34-pI4,6838_V1_C35,1
10-1074,1HC3_D0_012016_G2_S34,1
3BNC117,BAL_26,1
PCIN77B1b,RHPA4259_7,1
DH651.2,X2278_C2_B6,1
N6LS.C47,C4118_9,1
LJF-0142,00836_2_5,1
VRC34.01,093_PBMC_SGA4,1
PGT126,APV_6,1
8ANC195,TRO_11,1
3BNC117,2319_BL_A3_2,1
VRC43.01,T253_11,1
PGT121,MUW101769A_EC04,1
4E10,2833264,1
DH270.1,CNE12,1
10E8v4,V704_0911_150SN,1
PGT121,SHIV_CNE40_JD14_W29_17,1
PGT121,102605I_33,1
VRC07,CE2010_F5,1
561_01_18,TSG23Y06A015_V15,1
561_01_18,704010042_2E5,1
EN01_007,0815_V3_C3,1
EN02_05_B08,6811_V7_C18,1
10E8,TSG_EHI34,1
N6,CAP40_2_01_A3_5,1
VRC40.02,DU172_17,1
PG9,B027_ENV01,1
BF520.1,CH119_10,1
PG9,329_14_B1,1
N6LS.C30,269_12,1
EN02_04_A06,CA392_H2_6,1
4E10,928_28,1
2413b,TH976_17,1
AIIMS-P01,BJ412_W6M_S3,1
VRC33.01,CAAN5342,1
4E10,SG3,1
VRC06,6535_3,1
DJ85-a.01,6101_1,1
Bess4,CNE58,1
0.5gamma,QH0692_42,1
VRC26.08,CAP37_1_18_D2_19,1
561_01_18,BF1266_431A,1
17b,CAP206_1_B5_Y681D,1
DH511.5,C1080_C3,1
EN01_01_G04,CH119_10,1
7H6,TRO_11,1
VRC26.08,Q259_17,1
10E8v4,WITO4160_33,1
N6LS.C30,DU422_1,1
PGT121,92RW026,1
10E8,TSG_EHIPRE15,1
N49P9.3,CE2060_G9,1
EN01_007,20198102_E9_G1,1
3BNC117,CE0682_E4,1
PGT151,S30743_346WK_C88,1
VRC40.01,ZM106_9,1
N6LS.C47,KNH1209_18,1
VRC01g,246_F3_C10_2,1
N6LS.C1,398_F1_F6_20,1
PGT125,94UG114,1
PG16,100711I_3_26,1
IOMA,JRFL,1
PC39-23A,JRCSF,1
PC39-28C,3301_V1_C24,1
PGT121,1HC1_D0_061516_A1_S68,1
PCIN71L,TRO_11,1
VRC01-8fH/10fL,BAL_01,1
VRC42.01,0013095_2_11,1
M1214_N2,703010200_1E5,1
VRC07-523LS.v11,CNE8,1
PG9,GX43_2,1
DH651.3,398_F1_F6_20,1
10E8v4,V703_0279_110S,1
PGT121,VC5_15_136428_075,1
VRC24,KER2008_12,1
PGT128,2865_A11_12,1
VRC-PG04b,ZA012_29,1
PG9,CM244_90TH,1
VRC41.01,92RW020_2,1
N6,AIIMS709_70931B,1
10-1074,851891_4_15,1
8ANC195,231966_C2,1
10E8,199_1_C_AA_4,1
N6,CAP290_2_00_23_6,1
VRC40.01,MN_3,1
VRC34.01_Combo1,P1981_C5_3,1
2411a,16055_2_3,1
EN02_05_B08,P0402_C2_11,1
PG9,SIV_CPZ_DP943_2,1
MinVRC01,JRCSF,1
VRC07-523-W54-LS.v3,QH0692_42,1
N6LS.C49,6631_V3_C10,1
3BNC117,SHIV_CNE40_JD14_W29_5,1
PGT128,MGRM_AG_002,1
VRC43.01,3589_V1_C4,1
PCIN71O,92TH021,1
VRC-CH31,YN177_1,1
N6LS.C49,3168_V4_C10,1
PGT121,ZM135_10A,1
DF1W-a.01,96ZM651_02,1
10E8,BC16,1
VRC34.01,V704_0575_060_ESN1A,1
BG18,TSG21N01N026,1
VRC-PG04,3305_BM_C9,1
PCT64-35O,CNE8,1
PGT128,714909105_27,1
PGZL1,1056_10_TA11_1826,1
PGT121,714909105_27,1
VRC40.01,WITO4160_33,1
PG9,100002I_2_1,1
DH651.4,X2278_C2_B6,1
PGT145,MUW101091A_EC01,1
1NC9,PVO_4,1
PGT151,T250_4,1
PGT128,CA240_A5_5,1
PG9,94KE105,1
PGT121,S51928_278WK_C26,1
VRC07,TSG_EHI45,1
VRC07-523LS.v14,703010217_B6,1
PGT121,VC5_15_136428_043,1
4E10,6480_V4_C25,1
35O22,SC21_EC28,1
PGT125,0260_V5_C36,1
PG16,DU422_1,1
VRC07-523LS.v34,703010217_B6,1
3BNC117,BJOX003000_19_1,1
VRC07,286_36,1
3BNC117,AIIMS704_70405,1
PG9,RHPA4259_7,1
DH511.1,ZA012_29,1
PCDN-27D,DU156_12,1
PGT128,QB726_70M_B3,1
LJF-0097,25710_2_43,1
10E8,CBJC515_05_16,1
VRC01-5fH/0fL,Q769_H5,1
8ANC195,5768_4,1
HJ16,16055_2_3,1
DH270.1,Q23_17,1
PGT127,92RW008,1
PCIN71I1a,P1981_C5_3,1
VRC07-523-W54-LS.v3,TV1_29,1
VRC01c,X1632_S2_B10,1
TRNM-b.01,3988_25,1
1C2-rabbit,R2184_C4,1
10E8,89_F1_2_25,1
VRC26.13,CAP256_SU,1
BG24,1056_10_TA11_1826,1
VRC34.01,0077_V1_C16,1
2G12,CBJC515_08_24,1
VRC34.04,Q168_A2,1
Min12A21,191084_B7_19,1
VRC34.01,TSG_EHI26,1
4E10,AIIMS731_73105B,1
PG16,TZBD_02,1
VRC26.26,3365_V2_C20,1
PGT121,1HD4K_W4_062316PL3_B9_S29,1
VRC26.27,DU422_1,1
PG9,VC2_15_140616_124,1
3BNC117,THRO4156,1
VRC02,DJ263_8,1
N6LS.C15,CAAN5342,1
PGDM1402,QH0692_42,1
b12,B019_ENV02,1
1B2530,C4118_9,1
Min12A21,P0402_C2_11,1
7H6,SC26_EC34,1
10E8v4,V703_0013_090ES,1
HJ16,TH023_6,1
A16,CNE17,1
2413a,DJ263_8,1
PGT128,714903902_31,1
PG9,231966_C2,1
PCIN71I1a,BJOX025000_01_1,1
BG18,TSG22Y04A0011_H11,1
2413b,Q259_17,1
561_01_18,CAP291_2_00_H2_15,1
VRC-CH31,REJO4541_67,1
VRC07,CE1086_B2,1
VRC42.01,KER2018_11,1
PGT145,CAAN5342,1
SF5,191955_A11,1
PG16,SC17_32,1
PG16,EN_AE_E11_137088_009,1
PGT128,330_16_D4,1
PGT142,93MW959,1
10E8,CBJC515_08_24,1
DF1W-a.01,Q842_D12,1
4E10,BORI_D9_4D7_1410,1
8ANC195,6095_V1_C10,1
PG9,CAP220_2_00_A8_5B,1
HERH-c.01,Q259_17,1
PGT142,Q842_D12,1
VRC44.02,6644_V2_C33,1
PG9,TSG21N01N029,1
PGT121,693_1969_V2_C3_11_BASELINE,1
PC39-39B,704809221_1B3,1
CH106,Q168_A2,1
10E8,AIIMS706_70604B,1
3BNC117,703_W6_P_06_12_D10_S67,1
561_01_18,KO426_T78_10,1
10E8,R2184_C4,1
N6,6631_V3_C10,1
VRC34-pI4,P1981_C5_3,1
PGDM21,CNE52,1
N49P22,191084_B7_19,1
PGT123,TRO_11,1
IOMA-HC-DDE,25710_2_43,1
N49P11,ZM214_15,1
SF12,S30440_173WK_C66,1
PGT145,SHIV_CNE40_JD14_W29_17,1
VRC26.21,Q259_17,1
RHA10.04,BJOX010000_06_2,1
EN01_007,V703_0203_081_RE_E8A5S,1
PGZL1,JRCSF,1
PCT64-24F,235_47,1
VRC01-30fH/19fL,JRCSF,1
4E10,093_PBMC_SGA4,1
EN02_04_A06,V703_1855_162_RE_PBLIB003_S,1
PC39-23D,YU2,1
DH511_I2,BJOX002000_03_2,1
10E8,CAP224_1_18_C7_3,1
447-52D,BAL_01,1
PC39-23D,ZM135_10A,1
10E8v4-DS,6095_V1_C10,1
3BC315,T280_5,1
3BNC117,693_7989_V9_D9_1_REBOUND,1
PCIN71I1a,CNE30,1
N6LS.C1,C4118_9,1
VRC01-8fH/6fL,JRFL,1
EN02_01_D03,6545_V4_C1,1
PCIN66B,703010200_1E5,1
VRC-PG04,S32615_178WK_C33,1
10-1074,19252094_A5_G2,1
N49P9.3,3415_V1_C1,1
PC39-28A,ADA,1
10-1074,TSG_EHI9,1
DH511.5,BJOX002000_03_2,1
N6LS.C49,6535_3,1
10E8v4,V704_1930_170_RE_C01S_1523A,1
VRC26.14,CAP210_E8,1
PCT64-35M,C4118_9,1
VRC-CH31,CNE17,1
VRC-PG20,6545_V4_C1,1
VRC01-5fH/10fL,92RW020_2,1
N49P19,T257_31,1
CAP248-2B,V703_0217_050E_2A3,1
PGT142,001428_2_42,1
10E8,MUW101273A_EC02,1
4E10,100997I_2_2,1
VRC26.08,ME178_G6_16,1
PGT121,91C34_W12_S1_12_1,1
VRC07,BG505_W6M_C2,1
EN02_04_A06,V703_1453_240_RE_PBLIB002_S,1
447-52D,BX08_16,1
6561-a.01,16055_2_3,1
EN02_04_A06,Q168_A2,1
VRC43.02,CNE59,1
PG9,TSG_EHI6,1
N49P9.3,703010200_1E5,1
MEL-1842,AE01,1
10-1074,6113_BL_A5_4,1
BF520.1,DU422_1,1
PGDM11,CNE20,1
VRC34.01_Combo1,X1632_S2_B10,1
EN01_007,SC05_8C11_2344,1
10E8-10fH/4fL,CAAN5342,1
EN02_04_A06,0984_V2_C2,1
561_01_18,V704_2981_150_RE_P001S_2559A,1
VRC40.01,ZM53_12,1
PCIN77D,6244_13_B5_4567,1
VRC23,3337_V2_C6,1
HJ16,B003_ENV04,1
PCIN71L,RHPA4259_7,1
SF12,SF162,1
10E8v4,V703_0629_150_RE_PBLIB002_S,1
VRC34.01,0330_V4_C3,1
N49P9.3,DU156_12,1
2G12,100052I_2_15,1
SF3,M02138,1
DH511.6,CNE59,1
VRC40.02,CNE20,1
TRNM-b.01,0815_V3_C3,1
PC39-50F,KNH1144,1
VRC-PG04b,QH0515_1,1
VRC-PG04,S51928_278WK_C26,1
10-1074,7190_BL_D10_4,1
2G12,B003_ENV06,1
PC39-61A,89_6,1
3BNC117,0439_V5_C1,1
PCIN71I1a,Q23_17,1
SF10,YU2,1
VRC07-523LS.v14,0439_V5_C1,1
PC39-23A,CE1176_A3,1
PCIN71G,231965_C1,1
V033-a.01,3817_V2_C59,1
561_01_18,3103_V3_C10,1
PCIN71G,001428_2_42,1
PGT128,B027_ENV08,1
VRC26.08,19314479_A2_5,1
3BNC117,Q168_A2,1
EN02_01_D03,3168_V4_C10,1
10E8,CA457_H1_1,1
PGT126,B002_ENV03,1
PGT125,BAL_01,1
VRC-CH32,PVO_4,1
PCT64-35D,92TH021,1
VRC34.01,651_AT_SGA8,1
N6,S52026_432WK_C83,1
10E8v4,V703_1313_040S,1
DH651.8,X2278_C2_B6,1
3BNC117,VRC607_11_00_E5,1
VRC34.03,KER2018_11,1
MinVRC01,TRO_11,1
3BNC117,CA392_H2_6,1
2219,SC422_8,1
VRC03,BB539_2B13,1
PGT128,0439_V5_C1,1
N49P7,CE0665_F2,1
3BNC117,CAP301_2_00_C3_20,1
BG18,6480_V4_C25,1
V033-a.01,MN_3,1
N49P7,CH119_10,1
VRC-CH31,RHPA4259_7,1
DH270min1,CNE21,1
10-1341,6535_3,1
TRNM-c.01,ZM249_1,1
PCIN71C,YU2,1
7H6,ZM55_28A,1
VRC07,CH505_W4_3,1
VRC34.01_Combo1,BAL_01,1
VRC26.08,CNE17,1
VRC34.01_Combo1,MW965_26,1
VRC07c,703010217_B6,1
VRC34.01_Combo1,CAP244_D3,1
PGT145,CAP317_2_00_D4_10,1
PGT131,JRFL,1
10-1074,26191_2_48,1
PC39-39B,DU422_1,1
10-1074,2990_V7_B5_2,1
PG9,100307I_2_7,1
N6LS.C49,UG024_2,1
3BNC117,CAP347_2_00_B1_1,1
PGT135,KNH1209_18,1
VRC-PG04b,6101_1,1
PCT64-35M,MB539_2B7,1
VRC-PG05,CNE14,1
PG9,00836_2_5,1
VRC46.01,ADA,1
561_01_18,V703_0629_150_RE_PBLIB004_S,1
VRC40.02,25711_2_4,1
PG9,19252094_A5_G2,1
PC39-28C,CNE21,1
VRC34.01_Combo1,89_6,1
PGT145,ZENV07_0504_15,1
E70,16055_2_3,1
VRC08,BG1168_1,1
4E10,26191_2_48,1
PGT121,YN112R_8,1
41328-a.01,16055_2_3,1
PC39-23A,SF162,1
EN01_007,CAP308_2_00_E11_35,1
VRC07,CT349_39_16,1
3BNC117,91C34_D0_S15_0_4,1
VRC-PG20,BB539_2B13,1
PGT121,CAP343_2_00_21_2,1
PGT121,SC12_10,1
N6LS.C15,CNE30,1
PGT126,BG505_W6M_C2,1
SF12,BJOX010000_06_2,1
DH796.1,92BR025_9,1
KD-247,89_6,1
EN02_04_A06,V703_1298_080_RE_PBLIB002_S,1
DH511.11P,16936_2_21,1
VRC03,X1854_C2_10,1
2G12,CBJC515_05_25,1
3BNC117,CAP224_1_18_C7_3,1
VRC02,AC10_29,1
DF1W-a.02,ZM233_6,1
PG16,MUW100708A_EC02,1
10-1074,91C35_D0_S19_A4,1
DH511_I3,CH119_10,1
HJ16,T257_31,1
N6LS.C47,CNE31,1
VRC03,0907_V4_C12,1
DH511_I2,CE1176_A3,1
BG24,3415_V1_C1,1
M4008_N1,PVO_4,1
N6LS.C35,X1632_S2_B10,1
VRC-PG04,SC05_8C11_2344,1
PGDM1402,C4118_9,1
PG16,BJ28_13,1
10E8,GZ38_2,1
RHA10.04,CNE21,1
VRC07-523LS.v34,DU422_1,1
N49P7,P0402_C2_11,1
DH270min11,BI369_9A,1
N6LS.C30,T251_18,1
VRC-CH31,B02,1
PGT130,TRO_11,1
RHA10.01,703010217_B6,1
PG16,YN108R_4,1
PCT64-35M,ZM106_9,1
10E8,703010131_1E2,1
3BNC117,3603_C11_13,1
VRC26.16,DU422_1,1
N6LS.C30,PVO_4,1
VRC07-523-W54-LS.v3,3637_V5_C3,1
b12,6952_V1_C20,1
RHA1.V2.03,246_F3_C10_2,1
EN02_04_A06,242_14,1
N6,6838_V1_C35,1
EN02_04_A06,TH976_17,1
2411a,ADA,1
VRC26.07,CM244_EC1,1
RHA10.01,3365_V2_C20,1
DH511_I2,398_F1_F6_20,1
PCIN71I1a,ZM233_6,1
N6,CAP200_B8A,1
PGT121,100504I_20,1
PCIN71G,T251_18,1
N49P6,235_47,1
Ab1271,92RW020_2,1
HERH-c.01,CAP210_E8,1
PG9,B05,1
VRC07-523LS.v11,3301_V1_C24,1
PC39-45B,DH12,1
VRC07,21203310_G7_C3,1
N6LS.C47,191821_E6_1,1
561_01_18,CAP188_1_D1_14_REV,1
35O22,UG037_8,1
PGT121,4_2_J45B,1
PG16,BB201_B42,1
N6LS.C35,BX08_16,1
J038,CNE15,1
VRC07-523-F54-LS.v3,SS1196_1,1
PC39-50E,CAAN5342,1
6070-a.01,X2278_C2_B6,1
ACS117,6545_V4_C1,1
1NC9,BAL_26,1
b12,3415_V1_C1,1
VRC42.01,DU151_02,1
VRC34.01,CAP45_G3,1
Ab1457,X1632_S2_B10,1
PG9,HN6A_40,1
PCIN71I1a,001428_2_42,1
BG18,X2278_C2_B6,1
V033-a.01,CNE15,1
10E8v4,V704_1802_080SN_02,1
VRC26.03,0077_V1_C16,1
3BNC117,S50741_847WK_C12,1
VRC44.02,T278_50,1
b12,100890I_2_4,1
N49P6,A07412M1_VRC12,1
PG9,0301_BM_A6,1
VRC07-523LS.v34,6644_V2_C33,1
2411a,CNE58,1
EN01_007,X1632_S2_B10,1
PGDM21,6244_13_B5_4567,1
HmAb64,SF162,1
VRC07-523LS.v34,3365_V2_C20,1
10-1074,1HC1_D0_070516_F10_S90,1
VRC26.27,T253_11,1
VRC07-523LS.v34,235_47,1
DH270.6,UG037_8,1
VRC07-523-W54-LS.v3,CNE10,1
561_01_18,V704_2901_190_RE_PBLIB002_S,1
PGT121,AIIMS704_70401,1
VRC34-pI3,DU172_17,1
2723-3055,X2278_C2_B6,1
DH270min11,6471_V1_C16,1
10-1074,ZM233_6,1
PG9,CT184_D3_15,1
VRC40.01,BJOX028000_10_3,1
PG9,09GX319,1
10E8,HB5_3,1
SF12,CAAN5342,1
1B2530,KER2018_11,1
N6,6644_V2_C33,1
gVRC-H1dC38/VRC01L,ZM55_28A,1
VRC-PG04,PVO_4,1
VRC40.02,CNE59,1
1C2-rabbit,SC422_8,1
J038,6545_V4_C1,1
EN02_01_D03,WEAU_D15_410,1
4E10,XJ180_16,1
HERH-c.01,UG021_16,1
PC39-50L,1394_C9G1,1
N6LS.C47,KER2008_12,1
N6LS.C1,286_36,1
PGT145,TSG21N01N010,1
Bess4,T250_4,1
N6LS.C1,0077_V1_C16,1
N6LS.C51,TRJO4551_58,1
J038,16055_2_3,1
VRC06b,SF162,1
PGDM11,P1981_C5_3,1
VRC26.13,ZM53_12,1
VRC06b,CNE14,1
PCDN-33A,001428_2_42,1
VRC07-523LS.v11,3873_V1_C24,1
3BNC117,CNE5,1
IOMAexFACEmin,CNE20,1
2413a,CAP256_SU,1
PC39-50D,JRCSF,1
EN02_04_A06,21283649,1
10E8,CH064_20,1
PGT130,RHPA4259_7,1
10-1074,6775_BL_E3_3,1
PG9,AIIMS704_70403,1
4022,ZM109_4,1
10-1074,1536_BL_E6_1,1
VRC43.01,DU156_12,1
PCT64-35E,CAP45_G3,1
VRC38.01,ZM249_1,1
VRC26.08,1245045,1
PG9,BJ22_5,1
3BNC117,TSG21N01N023,1
10-1074,556_F2_3_25,1
HERH-c.01,QH0692_42,1
VRC26.08,DU123_06,1
iMab,191821_E6_1,1
4E10,093_BT_SGA13,1
EN01_007,DU156_12,1
PCIN71D2b,ZM109_4,1
VRC07-523LS.v14,235_47,1
VRC34.01_Combo1,T278_50,1
ACS130,QH0692_42,1
PGT157,DU422_1,1
VRC33.01,CNE14,1
8ANC195,288_38,1
VRC43.02,40512V02_03_RV217,1
10E8,SHIV_CNE40_JD14_W29_14,1
1393A,DJ263_8,1
PC39-28C,CNE17,1
VRC42.01,92RW020_2,1
447-52D,DJ263_8,1
VRC34.01_Combo1,Q23_17,1
EN02_01_D03,6535_3,1
EN02_04_A06,V704_2095_130_RE_CS,1
PC39-28A,BAL_01,1
VRC07-523LS.v34,AC10_29,1
10E8,TSG22Y04A0011_H11,1
N6LS.C35,CNE8,1
PGT151,V703_0629_150_RE_PBLIB003_S,1
1B2530,BR07,1
4E10,09GX286,1
N49P7,CE1086_B2,1
PGT128,BJOX009000_02_4,1
VRC-PG20,PVO_4,1
PG9,CAP340_2_00_B3_16,1
PGT135,92RW008,1
PGT135,98CN009,1
IOMA,6785_V5_C14,1
35O22,CM244_EC1,1
EN01_007,V703_0217_050E_2A3,1
3BNC117,6041_V3_C23,1
1B2530,9004SS_A3_4,1
PCDN-38B,6535_3,1
VRC-PG04b,BG1168_1,1
3BNC117,ZM249_1,1
PGT128,CNE57,1
DH511.1,CNE58,1
VRC07d,CE1176_A3,1
4E10,AIIMS704_70403,1
PGT151,AIIMS706_70607F,1
DH511.1,Q168_A2,1
N6LS.C47,SS1196_1,1
10E8,Q769_D22,1
PCIN71O,ZM135_10A,1
10E8,CT349_39_16,1
PGT126,92RW008,1
PC39-39A,92BR020,1
N6LS.C30,BJOX009000_02_4,1
PGT121,1HD4K_W4_062316PL3_A3_S25,1
PCDN-38A,3103_V3_C10,1
10E8,92US715,1
VRC02,BI369_9A,1
3BNC117,S50901_909WK_C2,1
VRC06,YU2,1
PGT152,231966_C2,1
10E8v4,V703_0629_150_RE_E5A2S,1
VRC34.01_Combo1,TH966_8,1
PGT143,93RW029,1
PCIN66B,JRFL,1
VRC-PG04,191084_B7_19,1
PGT151,BS208_B1,1
HmAb64,TH023_6,1
10-1074,FR_2009_77,1
VRC-PG04b,R1166_C1,1
PG9,VC5_15_136428_008,1
N6LS.C15,TRO_11,1
3019,BX08_16,1
iMab,X1193_C1,1
VRC43.01,CNE5,1
3BNC117,263_8,1
DH511.1,CNE8,1
VRC-CH34,PVO_4,1
VRC01-8fH/10fL,CAAN5342,1
PCDN-33A,ADA,1
VRC07-523-F54-LS.v3,T280_5,1
PG16,AIIMS706_70604B,1
VRC26.16,CAP256_SU,1
GPZ6-b.01,DU151_02,1
10E8-3R,92BR020,1
RHA10.04,X2278_C2_B6,1
CH103,UG037_8,1
3BNC117,B012_ENV02,1
PC39-50I,1394_C9G1,1
VRC26.08,CNE19,1
4E10,EN3C073,1
Ab1271,398_F1_F6_20,1
VRC-CH32,BG1168_1,1
N6LS.C30,6405_V4_C34,1
N6LS.C30,TZA125_17,1
PG9,TSG22Y05A0021_BL21,1
10E8,6644_V2_C33,1
VRC23,CH038_12,1
HERH-c.01,T255_34,1
DFPH-a.15,JRCSF,1
PCIN77D,CNE53,1
561_01_18,706010164_1A7,1
10E8,VRC607_12_00_F11,1
PC39-50I,ZM247_V1,1
VRC08,BJOX010000_06_2,1
10E8,653116_6_49YPI_SGA38_E1,1
LJF-0087,BJOX002000_03_2,1
BG18,TSG_EHI57,1
VRC26.26,TH023_6,1
VRC07-523-F54-LS.v3,PVO_4,1
PCIN71I1a,JRCSF,1
PGT128,SO706_T10B_3,1
N6,SHIV_CNE40_JB98_W29_3,1
PGT121,330_14_A20,1
VRC-PG04,CNE53,1
N6LS.C58,TH966_8,1
DH270.6,CNE19,1
PGT128,B011_ENV04,1
PC39-17C,ZM214_15,1
PCDN-38B,Q23_17,1
VRC07,57128_VRC15,1
A16,B02,1
PGT151,Q23_17,1
PGT151,KER2018_11,1
1C2-rabbit,H086_8,1
N6,2891391_A2_E1,1
10E8,CAP244_D3,1
10E8,B015_ENV04,1
VRC42.03,Q168_A2,1
M1214_N1.2,X1632_S2_B10,1
PGT128,100155M_15,1
561_01_18,TSG23Y06A004_V4,1
N49P23,C4118_9,1
10-1341,TRJO4551_58,1
VRC41.01,JRCSF,1
10E8,SHIV_CNE40_JB98_W29_25,1
PC39-28C,703010200_1E5,1
PGT151,S30725_597WK_C70,1
3BNC117,TSG21N01S028,1
EN02_04_A06,20258279_V2,1
PGT131,92BR020,1
PG9,MUW104349A_ECRH,1
VRC42.01,ZM109_4,1
2G12,CBJC515_06_20,1
VRC07,3016_V5_C45,1
PGT145,CH070_1,1
10E8,SC14_49,1
CH04,SC12_EC5,1
VRC07-523LS.v34,CNE4,1
PCT64-35D,BG505_W6M_C2,1
PCDN-33A,KNH1144,1
N6LS.C58,X2088_C9,1
VRC-PG04,1012_11_TC21_3257,1
EN02_05_B08,9004SS_A3_4,1
VRC38.01,MN_3,1
VRC-PG04b,DU156_12,1
VRC42.I3,THRO4156,1
N6LS.C58,CNE8,1
N6,TSG21N01N015,1
VRC07-523LS.v34,SF162,1
179NC75,TRJO4551_58,1
RHA1.V2.01,CH181_12,1
VRC07-523LS.v14,THRO4156,1
VRC07-523LS.v34,0439_V5_C1,1
N6LS.C1,Q23_17,1
10E8v4,16845_2_22,1
PG9,100046I_3_2,1
DF1W-a.02,0077_V1_C16,1
VRC40.01,BI369_9A,1
PC39-39C,QH0692_42,1
10E8,B004_ENV02,1
3BNC117,1HC1_W4_070116_B8_S30,1
561_01_18,V704_1941_120SN,1
PG16,VC4_15_130811_231,1
VRC-PG04,25710_2_43,1
10E8,247_23,1
PGT128,6811_V7_C18,1
PC39-28B,RHPA4259_7,1
10E8,BC17,1
PC39-28D,DH12,1
PG16,B036_ENV13,1
VRC34.01,V703_0279_110S,1
PG16,VC1_E14_110488_036,1
PCIN66B,PVO_4,1
10E8-3R,16055_2_3,1
PCIN71J2a,DU172_17,1
PG9,126652V01_EC6,1
N6LS.C51,PVO_4,1
N6LS.C49,3988_25,1
PC39-50D,KNH1144,1
VRC07-523LS.v34,DJ263_8,1
VRC26.27,CNE55,1
4E10,CAP269_2_00_F11_1,1
PC39-50I,T255_34,1
CH28,CE1176_A3,1
3BNC117,6095_V1_C10,1
VRC07-523LS.v11,BJOX002000_03_2,1
2413c,CH181_12,1
EN02_04_A06,MN_3,1
NC-Cow1,Q23_17,1
vFP7.04,0077_V1_C16,1
7H6,JRFL,1
PGDM12,191084_B7_19,1
3BNC117,6775_V7_D3_3,1
PG9,CNE10,1
10E8,KO870_C2_10,1
DF1W-a.02,6101_1,1
10E8,SO607_B6_9,1
PG9,VC1_E14_110488_022,1
4E10,079_BT_SGA3,1
PGT145,126652V01_EC3,1
10E8,3718_3_11,1
3BNC117,693_1969_V11_B3_1_REBOUND,1
GPZ6-b.01,JRCSF,1
4E10,CNE3,1
VRC-PG05,C4118_9,1
N6LS.C35,HT593_1,1
4E10,SC28_EC7,1
N6LS.C30,Q769_D22,1
VRC-CH31,BJ17A_6,1
N6,TSG_EHI18,1
CH98,CAP45_G3,1
N60P22,0260_V5_C36,1
VRC-CH31,CH119_10,1
VRC06b,HXB2,1
M1214_N1.2,P1981_C5_3,1
4E10,X2348_C2_8,1
2413b,CAP244_D3,1
N6LS.C51,CNE8,1
PCT64-35D,ZM247_V1,1
VRC07-523LS.v34,C1080_C3,1
gVRC-H1dC38/VRC01L,QH0515_1,1
VRC07,THRO4156,1
PGT121,MUW101273A_EC04,1
PC39-50E,DU156_12,1
PGT121,EN1_101603_029,1
VRC26.03,MI369_A5,1
DH270.5,SS1196_1,1
QA013.2,CH119_10,1
EN02_05_B08,BJOX028000_10_3,1
VRC-CH31,P1981_C5_3,1
VRC38.01,5768_4,1
VRC03,PRB926_04_A9_4237,1
VRC38.01,BG1168_1,1
DF1W-a.01,ZM233_6,1
LJF-0024,001428_2_42,1
BG24,0013095_2_11,1
PC39-23B,6535_3,1
PC39-55D,PVO_4,1
PGT121,HN40_40,1
VRC23,6785_V5_C14,1
VRC40.01,X2131_C1_B5,1
N6LS.C49,BJOX025000_01_1,1
BG24,RHPA4259_7,1
10E8,VRC607_6_00_F12,1
VRC03,HXB2,1
Minimal BF520.1,CH119_10,1
35O22,S50804_770WK_C17,1
N6LS.C1,WITO4160_33,1
PGT128,62357_14_D3_4589,1
PG9,BC05,1
VRC34-pI3,T250_4,1
CH04,ZM233_6,1
PC39-39C,SF162,1
4E10,GX91_2,1
VRC03h,TRO_11,1
PCIN71I1a,3817_V2_C59,1
3BNC117,CE1176_A3,1
10E8,SC19_15,1
PGDM1401,16055_2_3,1
VRC07-523-W54-LS.v3,QH0515_1,1
PGT128,19252094_A5_G2,1
PC39-23A,1056_10_TA11_1826,1
2G12,BR07,1
VRC40.01,MS208_A1,1
b12,TT31P_2F10_2792,1
N6,SHIV_CNE40_JD14_W29_3,1
VRC43.01,BJOX025000_01_1,1
PGT145,AIIMS731_73105B,1
10-1074,6113_BL_B4_3,1
NC-Cow2,398_F1_F6_20,1
N6LS.C58,TH976_17,1
PCIN71P,SS1196_1,1
PC39-50A,92BR020,1
Ab1271,Q23_17,1
PC39-55D,Q842_D12,1
3BNC117,CAP188_1_D1_14_REV,1
VRC-PG04,5768_4,1
17b,ADA,1
VRC07-523LS.v11,SS1196_1,1
SF5,263_8,1
EN02_04_A06,V703_0993_110_RE_CS,1
35O22,BJOX002000_03_2,1
VRC26.27,26191_2_48,1
4E10,6592_V7_C25,1
PCIN71D2b,ZM249_1,1
PG9,TSG21Y02E0011_D11,1
VRC07-523LS.v34,3589_V1_C4,1
VRC07,CAP317_2_00_D4_10,1
VRC07-523-F54-LS.v3,3016_V5_C45,1
4E10,BJ171_13,1
DH511.11P,DU422_1,1
EN01_007,B005018_8_F6_3,1
PCDN-38B,CAAN5342,1
10-1074,2990_V7_B6_2,1
PGT130,6545_V4_C1,1
PG9,Q168_A2,1
PGT121,CAP88_B5,1
VRC01-8fH/10fL,TRO_11,1
PG9,VC5_15_136428_058,1
PGT128,VC5_15_130814_073,1
iMab,T255_34,1
PC39-28E,6244_13_B5_4567,1
PGT125,VLGC_B3,1
DH270 IA1,6101_1,1
VRC01-30fH/19fL,6101_1,1
10E8,YBF30,1
PCDN-22A,DU156_12,1
VRC34-pI4,0439_V5_C1,1
N6LS.C1,DJ263_8,1
VRC34.01,TZBD_02,1
1B2530,191084_B7_19,1
PGT152,Q23_17,1
N49P6,703010054_2A2,1
VRC07-523LS.v14,247_23,1
VRC07,6838_V1_C35,1
VRC41.01,BB201_B42,1
PGT128,VA40774,1
10E8,VRC607_15_00_J15,1
4E10,TZBD_02,1
1B2530,REJO4541_67,1
TRNM-b.01,MB201_A1,1
PGT123,263_8,1
EN02_04_A06,ZM246F,1
10E8,TSG21S01E0033_C33,1
iMab,ZM106_9,1
DH270.5,45_01DG5,1
VRC26.05,ZM197_7,1
VRC26.08,6040_V4_C15,1
IOMAmin3,CNE30,1
VRC26.30,96ZM651_02,1
10-1074,B015_ENV07,1
PGT152,ZM246F,1
N6,TSG21S01E0001_STM01E,1
3BNC117,FR_2012_181,1
VRC02,JRCSF,1
561_01_18,21283649,1
PGT135,3637_V5_C3,1
3BNC117,TSG_EHI63,1
EN02_01_D03,CH070_1,1
3BNC117,9341_W5_S40_B6,1
J038,6540_V4_C1,1
N49P7,Q769_H5,1
HERH-a.01,BG505_W6M_C2,1
PGT121,CAP255_2_00_16J,1
PGT121,693_1969_V11_B12_1_REBOUND,1
PGT128,714903902_25,1
3BNC117,CAP61_F10A,1
4E10,BC11,1
1NC9,REJO4541_67,1
PG9,SC28_EC1,1
VRC26.15,KER2018_11,1
3BNC117,15JS79,1
VRC-CH34,KER2008_12,1
2723-4186,MW965_26,1
PG16,EN1_101603_039,1
SF12,SC05_8C11_2344,1
PCT64-35M,26191_2_48,1
VRC07-523LS.v14,6535_3,1
PG9,BS208_B1,1
3BC315,Q259_17,1
3BNC117,4236_V9_G10_3,1
PGT145,ADA,1
N49P11,89_F1_2_25,1
N49P7,ZENV32_0111_5,1
N6LS.C47,16055_2_3,1
3BNC117,8074_BL_F11_2,1
N6,2869751_A4_D3,1
VRC26.26,CNE7,1
PCDN-22B,DU156_12,1
VRC44.02,CAP256_SU,1
PC39-23D,ADA,1
10-1074,693_7989_V2_F1_2_BASELINE,1
PGT121,BJOX003000_19_1,1
LJF-0024,Q259_17,1
PGT145,PVO_4,1
8ANC195,CNE14,1
LN01,TRJO4551_58,1
VRC-PG20,BB201_B42,1
3BNC117,702_D0_06_19_F7_S91,1
10E8v4,CNE8,1
10E8,VRC607_15_00_J1,1
GPZ6-a.01,45_01DG5,1
PGT126,B024_ENV01,1
VRC06b,ZM53_12,1
3906,MW965_26,1
10E8,620345_C1,1
PC39-61B,CNE21,1
VRC07-523LS.v11,6644_V2_C33,1
VRC34-pI3,CNE58,1
2411a,Q23_17,1
N6,0077_V1_C16,1
EN02_04_A06,6980_V0_C31,1
PGT145,MG505_W0_E1,1
PGT128,ME178_G6_16,1
4E10,GX79_7,1
CH28,CH505_W4_3,1
N49P23,6952_V1_C20,1
BG24,R2184_C4,1
VRC38.03,JRCSF,1
561_01_18,263_8,1
4E10,CAP210_E8,1
VRC44.02,REJO4541_67,1
10E8,B009_ENV07,1
HERH-c.01,Q461_E2,1
PGT145,TSG21S01E0017_STM16E,1
N49P7,CNE19,1
VRC07-523-F54-LS.v3,CNE3,1
10E8,MUW100708A_EC11,1
3BNC117,106_1_C_2_8,1
PGT122,98CN006,1
VRC26.32,3016_V5_C45,1
561_01_18,V703_0514_150ES_F4_V03_024,1
VRC03,ZA012_29,1
VRC07-523LS.v34,16055_2_3,1
PGT128,MB539_2B7,1
O.5,BAL_26,1
PGT121,SC19_15,1
N6,SHIV_CNE40_JB98_W29_6,1
PG16,YN6_23,1
VRC42.01,BJOX010000_06_2,1
PGT145,SC05_8C11_2344,1
3BNC117,191647,1
PGT135,CNE19,1
PGT145,CT072_56_7,1
VRC06,TRJO4551_58,1
DH511.3,X2278_C2_B6,1
DH511.11P,286_36,1
PGDM12,DU422_1,1
VRC07-523-F54-LS.v3,TZA125_17,1
3BNC117,SHIV_CNE40_JD14_W29_1,1
3BNC117,693_7989_V9_B8_14_REBOUND,1
VRC07c,CNE8,1
VRC34.01,TSG21S01A0005_C5,1
EN02_01_D03,MB539_2B7,1
VRC41.01,MS208_A1,1
4E10,H022_7,1
N6LS.C49,BAL_01,1
N49P7,CE1172_H1,1
N6LS.C30,T250_4,1
VRC42.I3,BJOX010000_06_2,1
EN02_04_A06,CAP210_E8,1
VRC34.01,TV1_29,1
VRC42.I3,92RW020_2,1
EN02_05_B08,UG021_16,1
PGT121,2319_BL_H4_4,1
PGT121,VC5_15_130814_073,1
PCIN66B,ZM249_1,1
4E10,BJ28_13,1
PGT145,FR_2011_167,1
8ANC195,MB539_2B7,1
4E10,CAP88_6M_C10,1
PGT145,TSG_EHI21,1
10-1074,WEAU_D15_410,1
VRC-PG20,3168_V4_C10,1
PGT151,SC28_EC7,1
DH511.11P,0921_V2_C14,1
N6LS.C35,6101_1,1
PGT135,CE1176_A3,1
561_01_18,CA392_H2_6,1
TRNM-a.01,16055_2_3,1
iMab,SIV_CPZ_MB897,1
TRNM-b.01,T250_4,1
N6,TSG21N01N014,1
PGT130,001428_2_42,1
10E8v4,6405_V4_C34,1
10E8v4,V704_0985_100SN,1
DH270min11,KO426_T78_10,1
M1214_N1,SC05_8C11_2344,1
3BNC117,1HD8K_D0_062916_F6_S90,1
N6LS.C30,QH0515_1,1
7H6,SC20_EC08,1
DF1W-a.02,T253_11,1
PGT126,MUW100708A_EC02,1
ElsE1,ZM53_12,1
DH511.11P,C1080_C3,1
PGT145,92BR020,1
3BNC117,CAP306_2_00_F9_1,1
2G12,MN_3,1
PC39-45A,ADA,1
HJ16,CAP88_6M_C10,1
DJ85-a.01,CAP45_G3,1
VRC-PG04,DU172_17,1
2411a,A07412M1_VRC12,1
4E10,BJ175_4,1
N6LS.C49,DU172_17,1
VRC34.01,3168_V4_C10,1
35O22,S11456_244WK_C77,1
VRC07,X2131_C1_B5,1
8ANC195,X1254_C3,1
561_01_18,3426_V5_C17,1
RHA1.V2.02,X1632_S2_B10,1
10-1074,TSG22Y02E0035_DE35,1
3BNC117,S52026_432WK_C83,1
10-1074,91C22_W14_S28_B3,1
N6LS.C58,TRJO4551_58,1
VRC41.01,CAP210_E8,1
b13,BS208_B1,1
VRC26.26,6838_V1_C35,1
VRC07-523LS.v34,P0402_C2_11,1
PGT143,REJO4541_67,1
4E10,93MW959,1
PGT141,92RW026,1
1C2-rabbit,BS208_B1,1
SF5,CNE17,1
PGT121,MUW101273A_EC02,1
3BNC117,2319_BL_B3_2,1
PC39-28A,92RW020_2,1
N6LS.C15,DU151_02,1
N49P11,928_28,1
VRC34.01,CAP210_E8,1
DH511.11P,CNE53,1
PGT128,330_16_H2,1
DH511.11P,S51928_278WK_C26,1
N6LS.C30,288_38,1
N6LS.C47,UG021_16,1
HmAb64,BAL_26,1
N6LS.C47,25925_2_22,1
10-1074,093_LN_SGA8,1
N6,ZENV07_0504_15,1
VRC03,Q168_A2,1
VRC07b,TRO_11,1
VRC26.11,DU422_1,1
1C2-rabbit,BJOX002000_03_2,1
10E8,100383I_3_5,1
PGT121,DRVI01_0803_11,1
PGDM1401,CAP45_G3,1
3BNC117,B036_ENV03,1
VRC07-523-F54-LS.v3,92RW020_2,1
PG9,CNE66,1
10E8,1170887_08,1
2413b,92RW020_2,1
VRC-CH30,SG3,1
BG18,TSG_EHI23,1
10-1074,2990_V7_D4_4,1
10E8,AIIMS706_70607A,1
3BNC117,CE0089_G2,1
VRC07-523-F54-LS.v3,KER2018_11,1
N6LS.C35,HXB2,1
CH103,BAL_01,1
4E10,EN3C084,1
PGT121,EN1_120250_095,1
3BNC117,329_15_A1,1
M1214_N1.2,BJOX009000_02_4,1
N6LS.C35,CNE55,1
3BC315,AC10_29,1
gVRC-H1dC38/VRC01L,C1080_C3,1
DH1346,W61D_TCLA_71,1
VRC42.01,25710_2_43,1
PC39-39B,6535_3,1
VRC-PG04b,Q769_H5,1
VRC06,0439_V5_C1,1
10-1074,TRO_11,1
N49P6,6811_V7_C18,1
VRC34-pI3,Q259_17,1
N49P22,C3347_C11,1
N6,DU422_1,1
VRC-PG04,92BR020,1
49G2,REJO4541_67,1
EN02_04_A06,0439_V5_C1,1
10E8,YN6_23,1
DF1W-a.01,0921_V2_C14,1
VRC42.01,R2184_C4,1
10E8v4,V703_1848_190_RE_E6D1S,1
10-1074,FR_2010_74,1
PGZL1,CNE8,1
4E10,SPK_0525_13,1
DH270.5,X1193_C1,1
PG9,6545_V4_C1,1
1C2-rabbit,BAL_01,1
N6LS.C15,DU156_12,1
N6,ZM214_15,1
PGT145,SC12_EC4,1
2413b,C2101_C1,1
V033-a.01,C4118_9,1
PCDN-33A,X2131_C1_B5,1
N6LS.C58,T251_18,1
3BNC117,1HB3_D0_102915_B2_S49,1
vFP16.02,BR07,1
561_01_18,21203310_G7_C3,1
VRC07-523-W54-LS.v3,ZM233_6,1
2413c,CNE56,1
VRC34.01,CAAN5342,1
PCIN71C,MN_3,1
PCIN71P,ZM249_1,1
IOMA,P0402_C2_11,1
3BNC117,VRC607_9_00_C9,1
PGZL1_gVmDmJ,T255_34,1
4E10,CT431_G6_6,1
VRC42.I3,BX08_16,1
PG9,VC5_15_130814_044,1
PGDM21,JRCSF,1
438-B11,3103_V3_C10,1
3BNC117,MUW104349A_EC02,1
N6,93UG065,1
EN02_04_A06,C1080_C3,1
10E8v4,V704_2777_210_SN_01G,1
PGT145,TSG_EHI28,1
35O22,SC21_EC42,1
PGT151,9004SS_A3_4,1
PG16,B008_ENV05,1
VRC-CH31,BF1677F2_613A,1
N49P11,CE2010_F5,1
PC39-45B,DU422_1,1
N6LS.C1,R3265_C6,1
EN02_04_A06,6146_V7_C23,1
N6,V703_0739_110S,1
EN02_04_A06,V703_0805_770_RE_E10C9S,1
PGT128,714909105_20,1
N6LS.C47,Q769_H5,1
VRC03,1054_07_TC4_1499,1
VRC26.18,Q259_17,1
HERH-c.01,QH209_14M_A2,1
4E10,249M_B10,1
PGT145,Q769_H5,1
PG16,B026_ENV05,1
EN02_01_D03,CE0682_E4,1
PC39-61A,TRO_11,1
VRC07,CAP323_2_00_B6_45,1
CH02,126652V01_EC3,1
IOMAexFACEmin,X2278_C2_B6,1
VRC07,KO243_H6_3,1
VRC43.01,SF162,1
PGT121,91C35_D0_S62_A12,1
VRC42.01,BJOX009000_02_4,1
m66.6,CNE56,1
3BC315,BG505_W6M_C2,1
PGT151,T280_5,1
PG9,GX73_29,1
N49P7,R3265_C6,1
CH27,PVO_4,1
PG9,GX33M_25,1
N49P11,3365_V2_C20,1
VRC26.08,CE1086_B2,1
3BC315,SF162,1
PGT142,Q259_17,1
HERH-c.01,3988_25,1
0.5gamma,MOKW,1
3BNC117,693_1969_V2_A9_1_BASELINE,1
J038,CNE19,1
4E10,CBJC504_06_12,1
PGT145,NAB13PRE_CL_9,1
PGT121,DH12,1
10-1074,TSG_EHI57,1
DH517,TRO_11,1
CH103,703010200_1E5,1
N49P7,3337_V2_C6,1
VRC26.26,3718_3_11,1
M4008_N1,REJO4541_67,1
IOMA,MN_3,1
RHA1.V2.01,X2278_C2_B6,1
RHA10.04,3301_V1_C24,1
VRC26.06,THRO4156,1
561_01_18,V704_0652_110_ESN_2472A,1
10E8,CAP45_G3,1
PGT145,704010083_B8,1
10E8v4,1054_07_TC4_1499,1
Ab1485,TRO_11,1
35O22,MUW101769A_EC02,1
VRC07-523LS.v11,CAAN5342,1
PGT121,XJ180_16,1
TRNM-b.01,0330_V4_C3,1
V031-a.01,001428_2_42,1
MinVRC01,CNE58,1
BG18,TSG22Y03A0015_B15,1
VRC34-pI4,C1080_C3,1
VRC07,6952_V1_C20,1
PG9,VC4_15_130811_121,1
N6LS.C35,CNE59,1
VRC40.01,TZBD_02,1
MinVRC01,MN_3,1
PC39-23B,ZM214_15,1
10E8-2fH/0fL,JRFL,1
VRC24,Q168_A2,1
EN02_05_B08,26191_2_48,1
TRNM-b.01,KER2008_12,1
3BNC117,9342_D0_S21_B2,1
IOMA,CE0682_E4,1
VRC-CH31,BG1168_1,1
M1214_N1.2,CNE17,1
DH270.6,CH848_D358_80_06,1
4E10,ZM106_9,1
PG16,VC1_E14_109920_044,1
PGT121,APV_13,1
HJ16,0921_V2_C14,1
VRC-PG20,UG037_8,1
EN02_04_A06,ZM233_6,1
VRC44.02,5768_4,1
6070-a.01,Q842_D12,1
PGT128,6540_V4_C1,1
4E10,ETH2220_11B,1
PG16,SIV_CPZ_MB66,1
DH270.6,QH0692_42,1
HmAb64,BX08_16,1
35O22,CNE14,1
GPZ6-b.01,ZM215_8,1
EN01_007,CNE58,1
10-1074,9342_D0_S15_B7,1
3BNC117,B009_ENV07,1
N6LS.C51,C2101_C1,1
N6LS.C1,BJOX028000_10_3,1
VRC01-30fH/19fL,TRO_11,1
DH511.6,25710_2_43,1
VRC06,X1632_S2_B10,1
10E8,09GX311,1
PGT121,6775_BL_E5_2,1
6070-a.01,6540_V4_C1,1
PCIN71G,BG505_W6M_C2,1
35O22,ZM215_8,1
VRC07e,X2278_C2_B6,1
PGT121,MUW101091A_EC10,1
VRC07-523LS.v34,CH038_12,1
4E10,451_AT_SGA5,1
VRC-CH31,XJ179_47,1
PGDM11,T255_34,1
PG9,234_F1_16_57,1
N6LS.C49,SF162,1
VRC23,CAAN5342,1
VRC-CH31,100890I_2_1,1
10-1074,ADA,1
N6LS.C58,CAP45_G3,1
M1214_N1.2,BJOX015000_11_5,1
VRC34.01,398_F1_F6_20,1
DH270min1,CNE57,1
VRC07-523LS.v34,0077_V1_C16,1
VRC03,REJO4541_67,1
VRC07-523LS.v34,R1166_C1,1
561_01_18,V703_1313_040S,1
PCDN-38A,CAAN5342,1
561_01_18,Q23_17,1
PGT126,BC09,1
EN01_007,P1981_C5_3,1
3BNC117,102_BT_SGA3,1
CH103,SC422_8,1
IOMAmin5,RHPA4259_7,1
N6LS.C15,RHPA4259_7,1
NC-Cow1,CE1172_H1,1
N6LS.C30,DU156_12,1
PC39-50J,ZM214_15,1
PGT121,093_LN_SGA8,1
N49P7,TH023_6,1
MinVRC01,ZM109_4,1
VRC03,AIIMS731_73105H,1
10E8,BJ39_14,1
561_01_18,ZM109_4,1
PC39-17C,JRCSF,1
2219,V704_2095_130_RE_CS,1
VRC07-523LS.v11,X2131_C1_B5,1
IOMA,3365_V2_C20,1
PGT135,MW965_26,1
1C2-rabbit,0921_V2_C14,1
b12,19715820_A10_H2,1
561_01_18,TSG_EHI18,1
N49P18.1,CE2010_F5,1
VRC34.01,V704_2839_140_RE_CS,1
IOMAmin5,CNE21,1
VRC07,CAP340_2_00_B3_16,1
2413c,JRFL,1
VRC33.01,C4118_9,1
N49P22,6244_13_B5_4567,1
PC39-39A,DH12,1
DH796.1,21561324_D3_B5,1
VRC26.15,Q23_17,1
10-1074,B023_ENV09,1
PCT64-35O,CNE53,1
2411a,MB201_A1,1
VRC-PG04b,MW965_26,1
PC39-28B,93IN905,1
VRC-PG20,SS1196_1,1
PGZL1,DH12,1
3BNC117,S51603_618WK_C58,1
BG38,M02138,1
PG9,16845_2_22,1
PGT121,CT966_E1_7,1
DH270.5,CNE30,1
PG16,BC17,1
VRC01-30fH/10fL,TRJO4551_58,1
VRC07,TSG21S01A0014_STM13ART,1
CH02,PVO_4,1
N49P7,JRFL,1
DH511.11P,BR07,1
PGT128,SC422_8,1
iMab,CNE53,1
TRNM-a.01,0815_V3_C3,1
EN02_04_A06,V703_0217_050E_2A3,1
RHA1.V2.01,BJOX002000_03_2,1
b12,6535_3,1
VRC01-8fH/6fL,ZM55_28A,1
3019,MW965_26,1
PGT121,TSG_EHI6,1
3BNC117,15JS102,1
35O22,MUW101769A_EC03,1
PCIN71P,YU2,1
Min12A21,BJOX028000_10_3,1
TRNM-b.01,6471_V1_C16,1
IOMA,UG024_2,1
561_01_18,ZM197_7,1
PGT121,2319_BL_B1_2,1
EN01_007,CE1172_H1,1
N49P7,Q259_17,1
N49P19,PVO_4,1
Ab1289,T250_4,1
PGT123,A07412M1_VRC12,1
PGZL1,CNE30,1
PGT145,CAP323_2_00_B6_45,1
N49P19,CNE8,1
VRC07-523-F54-LS.v3,MB539_2B7,1
N6LS.C15,CH181_12,1
VRC02,T255_34,1
17b,NAB01_PA,1
561_01_55,IDC561_F12,1
DH270.1,ZA012_29,1
PG9,BJ613_E1,1
10E8,VRC607_10_14_D9,1
3BNC117,651_AT_SGA2,1
8ANC195,SF162,1
10-1074,B007_ENV06,1
BF520.1,DU156_12,1
LJF-0085,X2088_C9,1
PGT128,100155M_33,1
438-B11,1054_07_TC4_1499,1
3BNC117,2936_V9_A3_3,1
10E8,235080_3G7_REV,1
VRC08,CNE3,1
HERH-c.01,DU151_02,1
561_01_55,Q259_17,1
PG16,0702_BM_D1,1
N6LS.C49,CNE53,1
VRC07-523LS.v14,DJ263_8,1
10E8,CAP363_2_00_10_3,1
PGT128,KNH1144,1
VRC34-pI4,6644_V2_C33,1
4E10,SC26_EC34,1
PC39-28C,HXB2,1
PGT145,FR_2012_173,1
GPZ6-a.01,CNE19,1
VRC40.02,6535_3,1
PGDM11,211_9,1
N49P7,6040_V4_C15,1
2408c.3,CNE19,1
PGT126,CE1172_H1,1
VRC23b,ZM109_4,1
VRC07-523-F54-LS.v3,6322_V4_C1,1
VRC02,211_9,1
N6LS.C30,T253_11,1
VRC07-523LS.v11,398_F1_F6_20,1
PCT64-35H,CAP45_G3,1
3BNC117,CAP88_6M_C10,1
35O22,BAL_26,1
N6LS.C51,6101_1,1
PCIN71L,CE2010_F5,1
VRC07,BJOX028000_10_3,1
10-1074,TSG22Y03E0010_B10,1
PGT121,MUW100708A_EC09,1
DH851.3,THRO4156,1
bNAb4251,CNE8,1
PG9,GX142_2,1
10E8v4,SS1196_1,1
N6,V703_1848_190_RE_PBLIB002_S,1
10-1074,9252_W12_12Q1,1
PCIN71G,PVO_4,1
N6LS.C47,MB201_A1,1
PGT145,SHIV_CNE40_JB98_W29_27,1
VRC07-523-F54-LS.v3,TV1_29,1
1B2530,JRCSF,1
IOMAexFACEmin,CNE21,1
V033-a.01,BG505_W6M_C2,1
VRC07-523-W54-LS.v3,25925_2_22,1
PG16,25710_2_43,1
PGDM1401,ZM249_1,1
GPZ6-b.01,RHPA4259_7,1
VRC07,19314479_A2_5,1
SF5,ZM109_4,1
VRC41.02,YU2,1
3BNC117,TSG21N01N029,1
N60P31.1,Q769_D22,1
PC39-23A,WEAU_D15_410,1
EN02_04_A06,X2088_C9,1
VRC26.26,ZM106_9,1
PGT121,SHIV_CNE40_JD14_W29_4,1
HERH-c.01,TRJO4551_58,1
DH511.11P,S32615_178WK_C33,1
RHA1.V2.02,703010217_B6,1
EN02_04_A06,6240_08_TA5_4622,1
DH270min12,BI369_9A,1
CH103,CNE4,1
N6LS.C30,KO426_T78_10,1
VRC34.01,TSG21N01N010,1
PGT151,25711_2_4,1
VRC07-523-F54-LS.v3,0077_V1_C16,1
HJ16,ZM214_15,1
VRC42.01,Q769_H5,1
BG24,1394_C9G1,1
3BNC117,B024_ENV01,1
3BNC117,M02138,1
QA013.2,DU156_12,1
HGN194,CH181_12,1
10-1074,6113_V14_A11_1,1
VRC-CH31,SHX335_24,1
10-1074,Q23_17,1
HERH-c.01,JRCSF,1
EN02_04_A06,19157834_V1,1
N49P11,T257_31,1
CH03,9004SS_A3_4,1
PGT121,ME178_G6_16,1
N49P11,ZM109_4,1
PGT121,693_7312_V2_A2_2_BASELINE,1
VRC34.01,TSG21N01N013,1
N6LS.C15,CAP244_D3,1
PGT121,6146_V7_C23,1
PGT128,EN3C088,1
TRNM-b.01,BB201_B42,1
PGT121,CBJC515_06_22,1
2413c,KO426_T78_10,1
N6LS.C35,THRO4156,1
VRC03,CH119_10,1
10J4,JRFL,1
3BNC117,541_F1_A7_2,1
DF1W-a.01,MI369_A5,1
35O22,CNE12,1
J033,WITO4160_33,1
PC39-39C,ADA,1
6070-a.01,ZM249_1,1
VRC07-523-W54-LS.v3,CNE3,1
6561-a.01,CNE15,1
VRC-CH31,GX74_20,1
HERH-a.01,3468_V1_C12,1
PGT152,CNE52,1
PG16,09GX319,1
N6,CT823_B6_1,1
DH270.2,JRFL,1
NC-Cow1,P0402_C2_11,1
VRC07-523LS.v34,CNE31,1
DH511.11P,R3265_C6,1
VRC26.08,CAP225_1_06_A2_18,1
DH651.6,X1632_S2_B10,1
VRC07-523LS.v11,CH181_12,1
EN02_04_A06,ZM214_15,1
561_01_18,CT966_E1_7,1
PGT126,MUW101273A_EC07,1
PC39-50G,T250_4,1
PGT151,V704_1991_230_RE_P001S_1194T,1
CH28,RHPA4259_7,1
VRC08,0260_V5_C36,1
N49P19,ZM53_12,1
561_01_18,235080_3G7_REV,1
EN02_04_A06,BJOX009000_02_4,1
4E10,AIIMS731_73106F,1
1C2-rabbit,UG024_2,1
10E8v4,SC422_8,1
PCDN-38B,704809221_1B3,1
PCDN-27C,SS1196_1,1
PCDN-38B,ZM214_15,1
N49P19,QH0692_42,1
N49P11,16845_2_22,1
561_01_55,CNE20,1
PGT121,1HC2_D0_012016_A5_S39,1
RHA10.04,ZM214_15,1
EN01_007,V703_2539_070_RE_E6F6S,1
VRC26.15,BG505_W6M_C2,1
M1214_N1,6480_V4_C25,1
PGT121,93UG077,1
10E8-3R,Q23_17,1
VRC43.01,96ZM651_02,1
NC-Cow1,6041_V3_C23,1
4E10,CBJC504_09_22,1
HERH-a.01,ZM233_6,1
2G12,20721190,1
PGDM1401,WITO4160_33,1
HERH-a.01,ZM106_9,1
PGT121,186_AT_SGA5,1
PC39-50G,JRFL,1
DF1W-a.01,Q23_17,1
2G12,BC03,1
VRC26.27,ZM214_15,1
DH796.1,CE0665_F2,1
3BNC117,S30440_173WK_C66,1
10E8,ZM55_28A,1
PGDM1402,1394_C9G1,1
VRC34.01_Combo1,BJOX002000_03_2,1
4E10,CBJC504_06_07,1
PG9,FR_2008_66,1
VRC26.03,CM244_EC1,1
PGT126,CNE20,1
CH103,96ZM651_02,1
IOMA,BJOX028000_10_3,1
VRC07-523LS.v34,ZA012_29,1
VRC07-523LS.v11,BAL_01,1
N6,S30743_346WK_C88,1
PGT123,93TH305,1
DH270.6,SC422_8,1
D5_AR,CH119_10,1
HJ16,P0402_C2_11,1
N49P22,16055_2_3,1
PG9,269_12,1
VRC-PG04,JRFL,1
N6LS.C35,CNE53,1
N6,45_01DG5,1
10-1074,2936_BL_E10_2,1
VRC26.14,BG505_W6M_C2,1
3BNC117,TSG21S01E0018_STM17E,1
2G12,B002_ENV03,1
VRC40.01,TH966_8,1
PGT121,SHIV_CNE40_JB98_W29_27,1
PC39-50C,TRJO4551_58,1
VRC42.01,CNE14,1
VRC07-523LS.v11,QH0692_42,1
40591-a.01,9004SS_A3_4,1
N49P11,ZM233_6,1
VRC07,CNE5,1
EN02_04_A06,V703_2769_050_RE_PBLIB002_S,1
LJF-0085,WITO4160_33,1
PC39-50C,6535_3,1
VRC38.01,3718_3_11,1
VRC02,3365_V2_C20,1
10E8v4,JRFL,1
VRC42.04,BAL_01,1
VRC-PG20,ZM55_28A,1
VRC-PG05,254004_P00RC_2,1
Minimal BF520.1,SF162,1
10E8,106_1_C_E3,1
2723-4186,CH119_10,1
MinVRC01,249M_B10,1
PC39-28C,CE1172_H1,1
VRC26.08,2833264,1
PG9,CNE1,1
PGDM13,92BR020,1
2411a,Q769_D22,1
1NC9,CNE59,1
VRC34-pI3,BAL_01,1
2411a,25710_2_43,1
VRC-PG20,247_23,1
PGT128,RHPA4259_7,1
PGT142,T280_5,1
PGT121,CNE12,1
VRC01e,CE1176_A3,1
PC39-50G,0260_V5_C1,1
561_01_18,Q769_D22,1
VRC40.02,16936_2_21,1
10E8v4,ZM109_4,1
PCT64-24E,92TH021,1
DH270.1,ZM215_8,1
438-B11,SC05_8C11_2344,1
10E8,GX45_57,1
561_01_18,V704_2531_140SN,1
PGT128,AIIMS706_70607C,1
iMab,620345_C1,1
VRC07-523LS.v11,TZA125_17,1
N6LS.C58,ZA012_29,1
2411a,288_38,1
PCIN71I1a,YU2,1
PCT64-18D,T255_34,1
VRC26.06,CM244_EC1,1
PGT145,NAB01_C14,1
PGT151,ZM215_8,1
IOMA-HC-DDE,Q842_D12,1
PG9,TSG23Y06A003_V3,1
PGT121,704010083_B8,1
HERH-c.01,269_12,1
V031-a.01,246_F3_C10_2,1
VRC43.01,CAP256_SU,1
EN02_05_B08,CNE58,1
PC39-28E,X1254_C3,1
DH511.4,ZA012_29,1
4E10,263_8,1
N6LS.C30,ZM53_12,1
PGT121,093_LN_SGA6,1
N49P23,ZM197_7,1
PG9,AIIMS731_73105C,1
1B2530,TH966_8,1
PGT128,92TH021,1
b12,6785_V5_C14,1
PC39-50G,6240_08_TA5_4622,1
179NC75,Q769_D22,1
VRC33.01,T255_34,1
PGT145,SIV_CPZ_GAB1,1
10-1074,FR_2009_73,1
561_01_18,CAP244_D3,1
E51,SG3,1
VRC03,CAAN5342,1
VRC26.08,T253_11,1
DH511.3,ZM55_28A,1
PGT121,2319_BL_E12_2,1
PG16,3301_V1_C24,1
3BNC117,09GX332,1
3BNC117,2990_V7_C10_3,1
VRC01-30fH/19fL,BAL_01,1
PCIN71L,92TH021,1
10E8v4,BB539_2B13,1
M1214_N1,CNE5,1
VRC07,21283649,1
3BNC117,6292_V7_H7_4,1
VRC07,0439_V5_C1,1
PCT64-35M,CH181_12,1
VRC07-523LS.v11,M02138,1
N6LS.C15,BJOX002000_03_2,1
AIIMS-P01,330_16_D4,1
N6LS.C49,UG037_8,1
SF10,247_23,1
HERH-b.01,CH117_4,1
VRC08e,CH119_10,1
PG16,4707_BM_F8,1
PCIN71D2b,DU172_17,1
PGT128,VC1_E14_109920_024,1
VRC26.27,X1193_C1,1
PCDN-38A,SF162,1
3BNC117,ZA012_29,1
VRC07,TSG_EHI40_C18,1
EN02_04_A06,V704_2839_140_RE_CS,1
PGT145,249M_B10,1
10-1074,1HD4K_D0_061516_E3_S53,1
N6LS.C15,0921_V2_C14,1
Min12A21,704809221_1B3,1
PGT151,S32224_174WK_C33,1
EN02_04_A06,234_F1_16_57,1
VRC07-523LS.v11,CNE3,1
3BNC117,VRC607_5_28_C7,1
N49P9.3,Q461_E2,1
10-1074,191727_F6,1
CH02,Q23_17,1
PCDN-33A,231965_C1,1
PG9,816769_AA107A_WG8,1
DFPH-a.15,MB539_2B7,1
N6,CAP206_1_B5_Y681D,1
vFP49.02,25711_2_4,1
VRC26.27,CNE7,1
PGT121,398_F1_F6_20,1
Ab1485,92RW020_2,1
PC39-23D,93IN905,1
PG16,EN_AE_E11_137088_274,1
EN02_04_A06,928_28,1
DH511.11P,ZM135_10A,1
VRC-PG20,00836_2_5,1
PGT121,VB97_J15,1
VRC07-523-W54-LS.v3,BR07,1
N49P9.3,CAP210_E8,1
TRNM-b.01,CNE58,1
3BNC117,CAP88_B5,1
10-1074,199_1_C_AE_5,1
CH02,CE1176_A3,1
AIIMS-P01,330_15_E36,1
M4008_N1,CE2010_F5,1
SF5,TRO_11,1
10E8,GX155_55,1
3BNC117,20286961_C1_H8,1
DH511.11P,S5206G5_581WK_C51,1
PGT135,6644_V2_C33,1
VRC07-523LS.v11,3365_V2_C20,1
CH103,QH0692_42,1
N6LS.C58,3589_V1_C4,1
Ab1289,CE1176_A3,1
PGT142,6785_V5_C14,1
PGT121,XJ179_47,1
PGT152,ZM233_6,1
VRC02,1054_07_TC4_1499,1
PG16,AC10_29,1
J038,DJ263_8,1
TRNM-b.01,6838_V1_C35,1
DH270.1,0815_V3_C3,1
VRC40.01,CNE57,1
10E8v4,V704_2524_240ESN_G,1
N6,CAP256_SU,1
PG16,231965_C1,1
561_01_18,TSG_EHI50,1
VRC44.02,CNE21,1
SF12,7165_18,1
N6LS.C49,YU2,1
MinVRC01,BJOX025000_01_1,1
561_01_18,V704_0651_200_RE_PBLIB002_S,1
PG9,20286961_C1_H8,1
PGDM1402,263_8,1
PGT123,BAL_01,1
GPZ6-b.01,HXB2,1
CH103,TRO_11,1
DJ85-a.01,25711_2_4,1
DH270 IA2,CH848_D836_10_31,1
PGT121,9341_D0_S66_B5,1
N49P7,6405_V4_C34,1
N6,20355851_20,1
1B2530,1054_07_TC4_1499,1
VRC40.01,3415_V1_C1,1
PC39-17A,SF162,1
VRC34.01_Combo1,RHPA4259_7,1
CH04,RHPA4259_7,1
561_01_18,V703_0537_110_RE_PBLIB003_S,1
VRC02,NKU3006_EC1,1
VRC43.01,BX08_16,1
SF12,S51434_865WK_C3,1
4E10,20915593,1
PC39-28B,SF162,1
3BNC117,16936_2_21,1
10E8,92RW020_2,1
179NC75,Q461_E2,1
35O22,3988_25,1
PCT64-35M,X1632_S2_B10,1
PG16,GX68_5,1
VRC-PG04b,Q168_A2,1
PGT128,CAP306_2_00_F9_1,1
10-996,3415_V1_C1,1
PG16,AIIMS704_70405,1
PC39-50L,Q842_D12,1
10-1074,AIIMS704_70421,1
N49P19,P0402_C2_11,1
N49P18.1,PVO_4,1
VRC08,Q461_E2,1
E51,57128_VRC15,1
M1214_N2,WITO4160_33,1
VRC-PG20,TRO_11,1
VRC06b,286_36,1
3BNC117,9342_D0_S18_B5,1
N6,C4118_9,1
PCIN71I1a,X2131_C1_B5,1
PCIN71O,TRO_11,1
10E8 IgG mutant 5,X2131_C1_B5,1
IOMAmin3,ZM249_1,1
N49P7,3365_V2_C20,1
VRC34.01_Combo1,CNE15,1
IOMA-HC-DDE,9004SS_A3_4,1
PGT128,714903902_5,1
VRC43.02,KER2018_11,1
EN02_04_A06,DU151_02,1
10-1074,MN_3,1
VRC26.08,19157834_V1,1
PGT123,ZM233_6,1
RHA1.V2.01,DJ263_8,1
PCT64-35O,MS208_A1,1
561_01_18,TSG_EHI29,1
O.5,VC10014_041504_F8,1
561_01_18,DU156_12,1
N49P7,CA146_H3_3,1
VRC-PG04b,Q23_17,1
10E8,CBJC515_08_30,1
PG9,CAP210_TA5,1
VRC34-pI4,001428_2_42,1
561_01_18,CA240_A5_5,1
gVRC-H1dC38/VRC01L,THRO4156,1
b12,BORI_D9_4F8_1413,1
PCIN71I1a,WEAU_D15_410,1
PGT121,5768_4,1
PGT145,CNE7,1
EN02_05_B08,C2101_C1,1
PGT130,B012_ENV02,1
10E8,101421I_2_11,1
PGT145,SC13_EC26,1
b12,21023_B4,1
N6LS.C58,WITO4160_33,1
1C2-rabbit,AC10_29,1
EN02_01_D03,C1080_C3,1
561_01_18,CNE55,1
PGT128,3301_V1_C24,1
PG9,92UG001,1
10-1074,330_15_E36,1
EN02_04_A06,V703_0566_160S,1
3BNC117,6480_V4_C25,1
VRC07-523LS.v14,QH0692_42,1
41328-a.01,3365_V2_C20,1
PG9,VC4_15_130811_226,1
DFPH-a.15,DU172_17,1
PGT145,QB857_110I_B3,1
VRC26.27,A03349M1_VRC4A,1
VRC46.01,REJO4541_67,1
VRC26.28,3016_V5_C45,1
PC39-50J,DU172_17,1
PCDN-38B,BAL_01,1
PC39-28A,93IN905,1
N6,304_F2_1_11,1
SF5,CNE53,1
Min12A21,CNE52,1
VRC-CH31,BF591,1
PGT121,1HD6K_W8_072616_G10_S70,1
VRC26.03,25710_2_43,1
3BNC117,CE0665_F2,1
PGT121,SC12_EC6,1
EN01_007,21492713_B11_E3,1
VRC-CH31,3103_V3_C10,1
EN02_04_A06,3718_3_11,1
PC39-23A,JRFL,1
VRC26.28,KER2008_12,1
VRC03,B026_ENV05,1
VRC34.01_Combo1,T255_34,1
VRC06b,JRCSF,1
PGT121,2990_BL_E2_8,1
4E10,09GX332,1
4E10,816769_AA107A_WG8,1
DFPH-a.15,MW965_26,1
PCIN71G,CNE53,1
VRC07-523-W54-LS.v3,CH119_10,1
PGDM21,6535_3,1
VRC24,MB201_A1,1
10-1074,9255_PRE_B1,1
PG9,VC5_15_136428_186,1
VRC08e,X2278_C2_B6,1
PCIN66B,3301_V1_C24,1
1B2530,6041_V3_C23,1
iMab,ZM109_4,1
N49P11,211_9,1
VRC26.08,6540_V4_C1,1
VRC34.01,3468_V1_C12,1
VRC34.01,3365_V2_C20,1
561_01_18,V704_2684_181_RE_P001S,1
10E8,BJ17A_6,1
PGT145,BB201_B42,1
N49P18.1,703010054_2A2,1
PGT135,6952_V1_C20,1
DH511.11P,BB201_B42,1
PGT128,AIIMS706_70606F,1
561_01_18,CAP363_2_00_10_3,1
3BNC117,91C34_W12_S1_12_1,1
VRC33.01,CNE20,1
J033,X2278_C2_B6,1
1C2-rabbit,001428_2_42,1
3BNC117,TZBD_02,1
b13,UG024_2,1
PG16,T282_3_8_CL82,1
DJ85-a.01,CNE31,1
N6LS.C30,BG1168_1,1
3BNC117,VRC607_9_00_C3,1
N6LS.C1,3168_V4_C10,1
17b,SHIV_CNE40_JB98_W29_1,1
10E8v4,V703_0537_011S_4H1,1
PGT126,DU172_17,1
VRC07-523-W54-LS.v3,6322_V4_C1,1
VRC-PG04,3817_V2_C59,1
PGT121,B020_ENV06,1
EN02_04_A06,MB539_2B7,1
PGT143,VLGC_A1,1
DH270.6,CNE30,1
VRC07-523LS.v11,BJOX009000_02_4,1
EN01_007,V703_0279_110S,1
PG16,SIV_CPZ_TAN10,1
PC39-55D,T250_4,1
DFPH-a.15,3873_V1_C24,1
2408c.3,JRFL,1
VRC07c,CNE55,1
N6,JRCSF,1
VRC34.01,TRJO4551_58,1
PGT145,KO243_H6_3,1
VRC40.01,CH181_12,1
PG9,TH023_6,1
VRC07-523-W54-LS.v3,TRO_11,1
Ab1289,398_F1_F6_20,1
10E8,BJYA109_9,1
N6LS.C30,ZM215_8,1
EN02_04_A06,CH064_20,1
DH511.11P,BL01,1
PGT126,APV_17,1
10E8-10fH/10fL,BAL_01,1
VRC02,R2,1
PCT64-35M,0330_V4_C3,1
10E8,20883229_C9_H6,1
PCIN71C,ZM214_15,1
PCT64-35M,3365_V2_C20,1
J038,0330_V4_C3,1
10-1074,TSG21N01N025,1
gVRC-H1dC38/VRC01L,TZBD_02,1
VRC26.07,ZM53_12,1
561_01_18,V703_1104_100_RE10GS,1
DJ85-c.01,CNE15,1
PGT145,CAP244_D3,1
EN02_05_B08,CAP45_G3,1
PGT130,DU422_1,1
VRC01-8fH/6fL,92RW020_2,1
PGT126,BJ28_13,1
PGT121,1HD1_W4_012616_A6_S94,1
10E8,20198102_E9_G1,1
PGT145,0013095_2_11,1
PG9,4707_BM_F8,1
PGT151,QH209_14M_A2,1
EN02_04_A06,3988_25,1
PCIN71P,92BR020,1
N6,V703_1750_140ES,1
PGT128,X1254_C3,1
1C2-rabbit,16936_2_21,1
VRC40.01,CNE59,1
DH270min12,ADA,1
DH270min1,BX08_16,1
VRC34.01_Combo1,0013095_2_11,1
VRC-PG04,DU156_12,1
DH651.1,CNE55,1
VRC07-523-W54-LS.v3,ADA,1
DH511_I1,CNE8,1
2G12,CNE11,1
N6LS.C35,001428_2_42,1
PC39-17A,MS208_A1,1
HK20,MW965_26,1
PGT125,1012_11_TC21_3257,1
N6LS.C58,MB201_A1,1
VRC-PG04,3415_V1_C1,1
PGT145,92UG031,1
4E10,X1632_S2_B10,1
PGDM11,TRO_11,1
PGDM1404,6535_3,1
10E8,S50216_677WK_C68,1
CH103,HT593_1,1
PGT128,704010083_B8,1
PGT145,703010217_B6,1
VRC07,TSG21N01N015,1
CAP248-2B,V704_1180_070ESN,1
DH270.5,3337_V2_C6,1
M1214_N2.2,YU2,1
EN01_007,1012_11_TC21_3257,1
7H6,MUW101769A_EC03,1
VRC34.01_Combo1,A03349M1_VRC4A,1
N6,MW965_26,1
VRC33.01,BJOX002000_03_2,1
N49P9.3,DU422_1,1
HERH-a.01,3168_V4_C10,1
7H6,B015_ENV04,1
VRC43.02,ZM55_28A,1
561_01_55,T278_50,1
DH796.1,703010131_1E2,1
10-1074,TSG21N01N013,1
DH270min1,UG037_8,1
PGT130,92RW020_2,1
PG9,TSG22Y03A0022_B22,1
PGT128,VC4_15_136377_031,1
DJ85-a.01,25925_2_22,1
2413c,M02138,1
MEL-1842,CNE8,1
VRC02,CNE5,1
PCIN71M1a,ZM249_1,1
N49P7,TH966_8,1
DH270.5,0815_V3_C3,1
VRC26.08,6785_V5_C14,1
PGT127,3301_V1_C24,1
Bess1,249M_B10,1
3BNC117,2319_BL_B2_4,1
10E8v4,THRO4156,1
VRC-PG05,ADA,1
PGT145,SC62_EC108,1
4E10,703010054_2A2_REV,1
PG9,VC5_15_130814_029,1
DH651.4,703010217_B6,1
PGT135,WITO4160_33,1
10E8v4,3168_V4_C10,1
PGT122,CAAN5342,1
VRC38.09,JRFL,1
IOMAexFACEmin,703010200_1E5,1
N49P6,1012_11_TC21_3257,1
DJ85-a.01,286_36,1
2158,DJ263_8,1
PCDN-38B,CNE30,1
4E10,6952_V1_C20,1
PC39-28E,JRCSF,1
10E8,TSG22Y03E0010_B10,1
10E8-0fH/4fL,92RW020_2,1
RHA10.01,1012_11_TC21_3257,1
VRC-PG04,3468_V1_C12,1
PC39-39C,89_6,1
PG9,SIV_MUS1_1085_1_54,1
PG9,SIV_CPZ_BF1167,1
VRC07-523-W54-LS.v3,RHPA4259_7,1
SF12,S50216_677WK_C68,1
VRC26.03,3016_V5_C45,1
VRC42.I3,TRO_11,1
10E8,GX91_2,1
PC39-50K,TRJO4551_58,1
TRNM-a.01,CH117_4,1
ElsE2,235_47,1
PC39-50I,93IN905,1
RHA10.04,TRO_11,1
PG16,7165_18,1
Min12A21,T251_18,1
4E10,100307I_2_26,1
VRC26.08,ZM214_15,1
N6LS.C49,T280_5,1
VRC-PG04,0013095_2_11,1
10E8,VRC607_2_35_A7_2,1
10-1074,569_F1_37_10,1
N6,TH976_17,1
PCT64-18D,CNE53,1
PG9,TSG_EHI28,1
VRC-CH34,Q168_A2,1
BG38,231965_C1,1
PCT64-35E,JRCSF,1
VRC40.02,6785_V5_C14,1
10E8,B003_ENV04,1
DF1W-a.01,BAL_01,1
SF5,CE2060_G9,1
N6,21197826_V1,1
PC39-50L,92RW020_2,1
VRC-PG04,16936_2_21,1
V033-a.01,3415_V1_C1,1
EN02_05_B08,C1080_C3,1
DH796.1,ME178_G6_16,1
N49P18.1,BJOX015000_11_5,1
VRC03,X1632_S2_B10,1
CH103,MN_3,1
561_01_18,3312_D6_2,1
PC39-61A,MS208_A1,1
PGT126,SC05_8C11_2344,1
ACS130,X1632_S2_B10,1
D5_FI,X1632_S2_B10,1
IOMAmin5,Q461_E2,1
V033-a.01,ZM249_1,1
PGT121,B015_ENV04,1
SF5,6041_V3_C23,1
447-52D,CNE40,1
VRC06b,Q769_D22,1
3BC315,CNE10,1
Ab1573,X2278_C2_B6,1
GPZ6-a.01,0077_V1_C16,1
iMab,1056_10_TA11_1826,1
2413a,CNE40,1
35O22,62357_14_D3_4589,1
PGDM1401,3301_V1_C24,1
EN02_04_A06,V704_0847_030_ESN_02C,1
BG24,C4118_9,1
VRC08c,CNE8,1
N6LS.C15,Q259_17,1
VRC07,TSG22Y04A0016_H16,1
PCIN71L,DU156_12,1
PG16,93UG082,1
N6,FR_2008_66,1
HmAb64,6535_3,1
BG18,330_14_A20,1
VRC07-523LS.v11,CNE30,1
PGT128,NAB01_C24,1
N6LS.C35,P0402_C2_11,1
10E8,079_BT_SGA3,1
PGT145,126652V01_EC6,1
N6LS.C47,DU172_17,1
PGT135,BS208_B1,1
IOMAmin5,TRO_11,1
DH270.5,CH848_D1432_5_41,1
DH511.6,6101_1,1
N6LS.C51,BG1168_1,1
PGT121,9342_W20_S58_A3,1
DH511.4,703010217_B6,1
N6LS.C35,5768_4,1
PCT64-24G,94UG103,1
PGT121,CBJC515_05_26,1
DH270min12,BAL_26,1
ElsE1,A07412M1_VRC12,1
J038,DU156_12,1
10E8,BJ33_11,1
PGT128,KO224_T87_2_4,1
PGDM12,211_9,1
DH511.11P,MB201_A1,1
PG9,B036_ENV13,1
VRC-PG20,001428_2_42,1
PC39-61B,263_8,1
PGT143,R2184_C4,1
PGT121,VC2_15_130809_077,1
10-1121,CAAN5342,1
PGT121,TSG22Y03E0023_B23,1
PGDM11,WEAU_D15_410,1
10E8-0fH/4fL,JRFL,1
PC39-23D,CNE17,1
VRC26.27,CAP256_SU,1
EN02_05_B08,3718_3_11,1
PG16,CNE3,1
35O22,T251_18,1
RHA1.V2.01,T255_34,1
7H6,B021_ENV03,1
VRC42.01,SF162,1
4E10,ZM246F,1
VRC-PG20,6838_V1_C35,1
VRC07,CE1176_A3,1
561_01_18,TSG21S01A0003_STMART02,1
10E8v4,R2184_C4,1
PGT121,TSG_EHI59,1
DH270.1,CAP256_SU,1
VRC03,B019_ENV02,1
VRC07-523-F54-LS.v3,6101_1,1
VRC06b,SS1196_1,1
BG24,TRJO4551_58,1
VRC42.01,CNE58,1
PG9,4403_BM_C5,1
1B2530,TRJO4551_58,1
V031-a.01,CE1176_A3,1
10E8-10fH/10fL,KER2018_11,1
PCT64-35M,ZM197_7,1
10E8v4,6631_V3_C10,1
VRC40.02,A03349M1_VRC4A,1
SF12,S52624_272WK_C6,1
N6LS.C58,HT593_1,1
PGT127,93MW959,1
3BC315,CNE53,1
179NC75,TRO_11,1
VRC08,MB201_A1,1
VRC43.01,UG024_2,1
4E10,EN3C061,1
PC39-50D,92RW020_2,1
VRC06b,SC05_8C11_2344,1
VRC-CH30,Q842_D12,1
DH796.1,SO032_A2_8_1,1
DH270.4,DU422_1,1
BG18,TSG_EHI58,1
4E10,SC05_8C11_2344,1
PGT121,TSG_EHI40_C18,1
PGT142,92RW024,1
b12,CE2010_F5,1
N6LS.C15,16845_2_22,1
PCT64-35M,BS208_B1,1
BG18,V703_2117_110_RE_E2A10S,1
N49P7,CH038_12,1
PCIN71M1a,92TH021,1
3BNC117,1HC2_W4_012216_A6_S95,1
3BC315,CM244_EC1,1
VRC03,CNE55,1
VRC08,CNE5,1
Bess1,BJOX002000_03_2,1
561_01_18,V704_2901_190ESN_01T,1
GPZ6-a.01,3988_25,1
561_01_18,CT810_G4_7,1
PGT151,MUW101273A_EC04,1
VRC07,TSG21N01N001CM,1
VRC07-523LS.v14,QH0515_1,1
PGT126,TRO_11,1
VRC34.01,JRFL,1
VRC03,SC12_EC8,1
10E8,093_BT_SGA13,1
PG9,TSG21S01E0017_STM16E,1
VRC42.01,MB201_A1,1
PGT151,V704_0907_130SN,1
4E10,CAP221_B14,1
iMab,T250_4,1
4E10,CNXJ0651_8,1
IOMA,ZM249_1,1
PG9,714903902_31,1
PGT121,B005018_8_F6_3,1
BG505.49,SF162,1
EN02_04_A06,KO459_T68_4,1
N49P18.1,TRJO4551_58,1
PCIN71I1a,R3265_C6,1
PC39-23D,JRFL,1
VRC07-523-W54-LS.v3,R3265_C6,1
PGT145,DU156_12,1
VRC34.01,AIIMS731_73105D,1
2219,V704_1835_150_RE_P001S_2484A,1
VRC03,SC26_EC08,1
N6LS.C58,CE1176_A3,1
PGT145,20927783,1
VRC44.02,Q168_A2,1
VRC34.01_Combo1,96ZM651_02,1
3BNC117,CAP292_2_00_12_4,1
VRC42.01,CAP244_D3,1
BG18,AIIMS704_70405,1
DH511.11P,UG021_16,1
PCT64-35S,T255_34,1
10E8v4,V703_2018_240_RE_E6A1S,1
BG18,P0402_C2_11,1
1C2-rabbit,CNE7,1
PGT121,YU2,1
VRC-PG20,REJO4541_67,1
PGT145,B024_ENV01,1
10-1074,714909105_10,1
DH270.4,100307I_2_7,1
PG9,MJ412_W0M_F2,1
3BNC117,MI369_A5,1
3BNC117,15JS111,1
RHA1.V2.03,25710_2_43,1
VRC34.01_Combo1,T280_5,1
N49P6,BF1266_431A,1
PCT64-24E,CNE19,1
VRC-CH31,GX2010_36,1
PG16,B013_ENV02,1
438-B11,001428_2_42,1
3BNC117,102_AT_SGA5,1
DH511.4,TRO_11,1
VRC03,MUW101769A_EC08,1
PG16,CH119_10,1
N6LS.C35,CNE12,1
3BNC117,2936_V9_B3_2,1
10E8,B001_ENV06,1
EN02_04_A06,703010200_1E5,1
N60P1.1,0815_V3_C3,1
EN02_04_A06,V704_2541_080_RE_P001S,1
PGT121,MUW101273A_EC06,1
iMab,231966_C2,1
PGT135,NAB5PRE_CL_1,1
179NC75,Q23_17,1
PGT130,JRCSF,1
PG9,SC62_EC64,1
IOMA-HC-DDE,CE1086_B2,1
PC39-50L,X2131_C1_B5,1
N6LS.C30,BAL_01,1
7H6,B032_ENV07,1
VRC26.33,CAP210_E8,1
VRC-PG04,704809221_1B3,1
1C2-rabbit,928_28,1
3BNC117,9372_V7_G2_2,1
10E8,DRVI01_0507_14,1
VRC-CH31,BF1266_431A,1
17b,BX08_16,1
VRC33.01,CH181_12,1
PC39-39C,TRO_11,1
VRC-PG05,3365_V2_C20,1
DH796.1,CA240_A5_5,1
N6,DU151_02,1
10E8,CBJC504_09_08,1
VRC01-5fH/6fL,BAL_01,1
PG9,SH6_81,1
PC39-50L,ZM249_1,1
VRC02,Q461_E2,1
N6LS.C1,703010217_B6,1
10E8v4,V704_0575_060_ESN2T,1
VRC-PG04b,398_F1_F6_20,1
N49P7,211_9,1
N49P18.1,C2101_C1,1
2413c,16055_2_3,1
EN02_04_A06,V704_0856_240_RE_PB001_S,1
2557,BX08_16,1
N6,6095_V1_C10,1
N6,CNE16,1
CH02,211_9,1
VRC02,H078_14,1
PGT151,703010200_1E5,1
4E10,CAP301_2_00_C3_20,1
DH511.3,Q769_H5,1
N6LS.C1,235_47,1
DH270.1,CAAN5342,1
VRC07-523-F54-LS.v3,25711_2_4,1
PGT145,AIIMS743_74311A,1
PG16,101984I_21,1
PG9,92TH021,1
VRC26.03,242_14,1
PGT121,693_7989_V2_A2_3_BASELINE,1
VRC44.02,X2278_C2_B6,1
N6,CAP88_6M_C10,1
VRC07,TSG21Y02E0011_D11,1
PG9,92UG031,1
N6LS.C47,TH023_6,1
EN02_04_A06,V703_1194_150_RE_PBLIB002_S,1
b12,SC22_16,1
3BNC117,0404_BM_F3,1
DH270.5,89_6,1
PCIN71C,RHPA4259_7,1
PC39-28B,TRO_11,1
PCIN71P,HXB2,1
1C2-rabbit,263_8,1
VRC07-523LS.v34,CNE53,1
561_01_55,CE1176_A3,1
10-996,QH0692_42,1
LJF-0085,16055_2_3,1
PGT142,3301_V1_C24,1
VRC07-523LS.v11,SF162,1
PGDM1401,DU156_12,1
BG18,TSG21N01N011_C10,1
1-79,NAB01_C21,1
N6,21492713_B11_E3,1
VRC42.I3,263_8,1
N49P9.3,1054_07_TC4_1499,1
PGT130,9004SS_A3_4,1
10E8,CBJC504_06_13,1
PG9,TSG_EHI42,1
PCIN66B,1054_07_TC4_1499,1
PGT121,VLGC_B3,1
PGT121,693_1969_V11_C11_4_REBOUND,1
VRC33.01,RHPA4259_7,1
PG9,3326_V4_C3,1
V031-a.01,620345_C1,1
PC39-50I,0815_V3_C3,1
3BNC117,9004SS_A3_4,1
N49P9.3,CNE21,1
VRC23,NKU3006_EC1,1
PGT145,FR_2012_168,1
PGDM1401,263_8,1
PCIN77C,ZM135_10A,1
4E10,MB539_2B7,1
VRC34-pI4,92BR025_9,1
PGT128,NAB5PRE_CL_1,1
N6LS.C51,0260_V5_C36,1
PG16,CNXJ0651_9,1
10-1074,CH181_12,1
GPZ6-a.01,246_F3_C10_2,1
4E10,RHPA4259_7,1
PGT143,TRO_11,1
VRC07-523-F54-LS.v3,A03349M1_VRC4A,1
N6LS.C1,KNH1209_18,1
3BNC117,079_PBMC_SGA9,1
VRC07-523LS.v11,ZA012_29,1
PGT152,CAP45_G3,1
VRC-PG04,Q23_17,1
35O22,SS1196_1,1
DF1W-a.02,QH209_14M_A2,1
PGT121,3718_3_11,1
PGT145,AIIMS709_70912B,1
IOMAexFACEmin,TRJO4551_58,1
RHA1.V2.01,Q842_D12,1
m66.6,CNE7,1
PCT64-35S,6540_V4_C1,1
VRC07,ZM215_8,1
PCIN71M1a,DU172_17,1
3BNC117,B030_ENV09,1
N49P7,X1254_C3,1
PCT64-35D,6545_V4_C1,1
10-1074,TSG_EHI7,1
DJ85-a.01,6644_V2_C33,1
10-1074,P1741_A2,1
VRC02,REJO4541_67,1
N6,S32615_178WK_C33,1
10E8,AIIMS731_73105H,1
PC39-28A,HXB2,1
N6LS.C47,BS208_B1,1
EN01_007,1394_C9G1,1
N6,TSG22Y04A0005_H5,1
EN02_04_A06,92RW020_2,1
PGT145,T252_7,1
2G12,2759058_F10_B6,1
EN02_04_A06,19252094_A5_G2,1
NC-Cow10,703010217_B6,1
PGT145,TSG22Y05A0018_BL18,1
10E8v4,V704_0746_760_RE_P001S,1
561_01_18,V704_1930_170_RE_C02S_1523G,1
3BNC117,6644_V2_C33,1
N6,SS1196_1,1
vFP16.02,25710_2_43,1
VRC26.03,P0402_C2_11,1
10E8v4,V704_0279_080_RE_PBSGA001_S,1
DH270min12,CNE14,1
VRC07-523-F54-LS.v3,CNE5,1
10E8v4,CAP206_08,1
VRC-PG04b,CNE57,1
VRC-CH31,102407I_2_1,1
N6,703010200_1E5,1
BG18,ZM246F,1
2G12,DRVI01_0803_16,1
O.5,SF162,1
PGZL1,C1080_C3,1
PG9,SC11_59,1
N49P7,20883229_C9_H6,1
M4008_N1,6545_V4_C1,1
2413c,263_8,1
VRC02,0330_V4_C3,1
IOMA,CH181_12,1
10-1074,6113_V14_B5_2,1
iMab,ZM53_12,1
10E8v4,V704_1262_250_RE_CS_2448A,1
PGT121,AIIMS704_70406,1
PGT151,MUW104349A_EC03,1
BG24,CNE58,1
VRC03,SC13_EC26,1
PGT121,3468_V1_C12,1
VRC40.02,ZM249_1,1
BG24,703010200_1E5,1
VRC40.01,ZM249_1,1
10-1074,AIIMS706_70606Z,1
DH1317.9,CNE57,1
TRNM-d.01,RHPA4259_7,1
PGT121,1HD4K_D0_061516_F7_S57,1
PG9,TSG22Y03E0023_B23,1
TRNM-b.01,BG505_W6M_C2,1
PCDN-38B,0260_V5_C1,1
PGT145,CAP308_2_00_E11_35,1
PC39-17A,3103_V3_C10,1
PGT151,0330_V4_C3,1
b12,249M_B10,1
PGT145,JRCSF,1
10E8v4,V704_2544_140EN02,1
4E10,16845_2_22,1
PG9,VC5_15_130814_090,1
PC39-61B,ZM247_V1,1
VRC34.01,V704_2981_150_RE_P002S_2559A,1
1B2530,C2101_C1,1
DFPH-a.15,5768_4,1
10-1074,TSG21N01N031,1
8ANC195,CNE19,1
PC39-55D,DU172_17,1
10E8,102_BT_SGA6,1
PG9,FR_2012_178,1
17b,THRO4156,1
HERH-c.01,THRO4156,1
1B2530,CE1176_A3,1
VRC-CH32,JRFL,1
PCIN71G,6952_V1_C20,1
35O22,P0402_C2_11,1
VRC08,QH0515_1,1
PC39-39B,0815_V3_C3,1
10E8v4,V703_0279_110_RE_PBLIB002_S,1
1-79,JRCSF,1
10-996,6952_V1_C20,1
DH511_I3,CNE8,1
N6,BS208_B1,1
VRC07-523-F54-LS.v3,X2131_C1_B5,1
DH270.6,BAL_26,1
DH851.3,C3347_C11,1
VRC07-523-W54-LS.v3,45_01DG5,1
PGT145,S50514_891WK_C4,1
VRC08d,X2278_C2_B6,1
BG18,9004SS_A3_4,1
VRC42.01,16055_2_3,1
0.5gamma,REJO4541_67,1
VRC40.02,BB201_B42,1
10E8-10fH/10fL,TRO_11,1
PG9,BJYA109_9,1
m66.6,TH976_17,1
N6LS.C47,246_F3_C10_2,1
DH511.11P,WITO4160_33,1
PCIN66B,HXB2,1
GPZ6-b.01,ZM249_1,1
10-1074,TSG_EHI17_B14,1
N6LS.C47,CH181_12,1
N6LS.C51,16936_2_21,1
EN02_05_B08,704809221_1B3,1
35O22,MUW100708A_EC03,1
M1214_N1,MS208_A1,1
N49P18.1,R2184_C4,1
HERH-a.01,92BR025_9,1
PGT145,126652V01_EC5,1
4E10,MUW101091A_EC10,1
PGT126,B021_ENV08,1
VRC43.01,UG037_8,1
IOMAexFACEmin,SC422_8,1
VRC-CH31,CNE15,1
VRC03,BAL_26,1
PG9,CAP341_2_00_C10_18,1
DH270.5,TRO_11,1
VRC26.26,PVO_4,1
VRC-PG04,C1080_C3,1
4E10,079_LN_SGA3,1
BG24,246_F3_C10_2,1
PCIN71L,X1632_S2_B10,1
PGT143,92RW009,1
10E8v4,QH0515_1,1
10-1074,3365_V2_C20,1
561_01_18,V704_1991_230_RE_P002S_1194T,1
VRC42.I3,DU123_06,1
N6LS.C49,CNE20,1
DH651.3,CH119_10,1
VRC33.01,BG505_W6M_C2,1
10-410,TRJO4551_58,1
CH03,B013_ENV02,1
10E8,20104663_E11_D2,1
PG9,X1254_C3,1
35O22,TH976_17,1
PGT121,B025_ENV04,1
PG16,VC4_15_130811_200,1
PGT121,LT1_07_J26,1
DH270min11,16845_2_22,1
10-1074,693_1969_V2_A7_1_BASELINE,1
VRC07,18814602_H8_F3,1
NC-Cow2,TRO_11,1
PG9,SC26_EC34,1
CH04,Q23_17,1
N6LS.C51,16845_2_22,1
PCT64-35M,KER2018_11,1
N6,S32224_174WK_C33,1
EN02_05_B08,928_28,1
PC39-28B,QH0692_42,1
VRC41.01,CNE31,1
561_01_18,V704_2148_260ESN,1
MEL-1842,25710_2_43,1
VRC-CH31,21020_13,1
2411a,ZM53_12,1
10E8,GX83_47,1
4E10,101421I_2_23,1
VRC26.02,ZM197_7,1
N6,783_V0_C51,1
DH270.2,CH848_D949_10_17,1
N6LS.C1,CH070_1,1
VRC26.08,Q461_E2,1
4E10,H079_2,1
VRC41.01,X2088_C9,1
10-1074,92BR025_9,1
VRC07,377_V4_C09,1
3BNC117,91C34_W12_S4_12_2,1
IOMAexFACEmin,WITO4160_33,1
PCIN71G,BJOX010000_06_2,1
EN02_04_A06,V703_0926_070S_2H2,1
VRC07-523LS.v11,ZM135_10A,1
PGT121,NAB9PRE_CL_106,1
VRC-PG20,3718_3_11,1
PCIN66B,0815_V3_C3,1
17b,MN_3,1
3BC315,QH0692_42,1
VRC02,HXB2,1
N49P7,CAP200_B8A,1
3BNC117,693_1969_V2_C11_8_BASELINE,1
PGT145,SC20_EC51,1
PCT64-35O,1394_C9G1,1
PGT121,20258279_V2,1
2G12,2843_P5_1,1
PGT126,GX83_47,1
PGT126,GX45_57,1
PGT121,HEB87_2,1
E51,ADA,1
PG16,SC29_EC1,1
PC39-50J,YU2,1
ElsE2,249M_B10,1
VRC-PG04,3337_V2_C6,1
PC39-28B,DU422_1,1
DH270min11,P1981_C5_3,1
3BNC117,288_38,1
PGT121,SC26_EC40,1
3BNC117,40436V09_03,1
3BNC117,1HD5K_W4_061616_C11_S49,1
35O22,SC28_EC10,1
N6,CE0682_E4,1
CH02,126652V01_EC5,1
VRC06b,MN_3,1
VRC08,398_F1_F6_20,1
VRC42.I3,CNE4,1
N6LS.C15,0260_V5_C36,1
N6,7165_18,1
PC39-23A,CNE20,1
VRC38.01,CNE3,1
PGT123,WEAU_D15_410,1
2C09,BG505_W6M_C2,1
VRC38.01,BI369_9A,1
4E10,0702_BM_B4,1
SF12,R1166_C1,1
PGT145,CE2052_G10,1
4E10,BJOX018000_02_3,1
N49P11,231965_C1,1
PGT121,BJYA119_6,1
BG24,0815_V3_C3,1
VRC42.01,191821_E6_1,1
PGT130,Q769_D22,1
7H6,SC12_EC6,1
VRC43.01,Q769_H5,1
VRC-PG05,247_23,1
PG9,MUW104349A_EC04,1
VRC07,96ZM651_02,1
AIIMS-P01,330_14_A12,1
1C2-rabbit,C4118_9,1
8ANC195,6480_V4_C25,1
PG9,CNE40,1
N6,CA392_H2_6,1
N6LS.C1,MS208_A1,1
10E8-3R,CH181_12,1
PGT126,GX84_59,1
N6,6545_V4_C1,1
PGT152,231965_C1,1
VRC-CH31,0404_BM_F3,1
VRC07-523LS.v11,TH966_8,1
DH270.5,CH070_1,1
10-1074,651_AT_SGA8,1
Bess1,CNE58,1
10E8,101984I_10,1
N60P2.1,Q769_D22,1
1B2530,25710_2_43,1
DH270.2,ZM55_28A,1
VRC26.27,0439_V5_C1,1
2413c,MB201_A1,1
PCT64-18D,CAP45_G3,1
N49P7,MG505_W0M_A2,1
VRC42.01,0077_V1_C16,1
LJF-0087,CE1086_B2,1
BG18,6240_08_TA5_4622,1
PGDM21,SF162,1
BG18,TSG22Y05A0002_BL2,1
PGT121,714909105_10,1
VRC01c,CNE8,1
VRC43.01,X2131_C1_B5,1
VRC03,MW965_26,1
2G12,CBJC515_08_34,1
VRC06b,704809221_1B3,1
VRC34.01,TSG_EHI57,1
10-1074,TSG21S01A0002_STMART01,1
VRC-PG04b,TH976_17,1
gVRC-H1dC38/VRC01L,928_28,1
A16,SF162,1
SF12,S50252_603WK_C11,1
IOMA,CE1176_A3,1
PGT145,CNE55,1
VRC40.02,DU156_12,1
561_01_18,20198102_E9_G1,1
10-1074,BAL_01,1
PGT145,40436V09_03,1
N6,TSG_EHI62,1
PGT130,T257_31,1
VRC07,62357_14_D3_4589,1
DH511.11P,CAAN5342,1
PGT121,MUW100708A_EC08,1
N6LS.C49,CH070_1,1
561_01_18,V704_2777_210_SN_02A,1
10E8,093_LN_SGA8,1
NC-Cow1,BJOX025000_01_1,1
PGT135,VLGC_B3,1
PGT142,CH038_12,1
2413b,A07412M1_VRC12,1
561_01_18,TSG_EHI27,1
b12,XJ179_47,1
SF12,6240_08_TA5_4622,1
DH270.6,3301_V1_C24,1
VRC40.02,CNE58,1
DH511.1,CNE59,1
3BNC117,191084_B7_19,1
VRC02,C2101_C1,1
VRC-CH34,KER2018_11,1
PC39-50G,001428_2_42,1
VRC23b,WITO4160_33,1
1C2-rabbit,269_12,1
N6LS.C49,235_47,1
ElsE1,Q461_E2,1
IOMAmin3,CNE5,1
N6LS.C35,3016_V5_C45,1
SF3,7165_18,1
2411a,YU2,1
EN02_05_B08,CNE40,1
PGT145,TSG22Y04A0005_H5,1
Min12A21,Q769_D22,1
179NC75,HXB2,1
VRC26.03,ZM53_12,1
PGT151,DU151_02,1
VRC26.08,2869751_A4_D3,1
10-1074,2990_BL_F4_2,1
MinVRC01,BF1266_431A,1
PC39-50H,JRFL,1
PCIN71G,92RW020_2,1
LN01,T250_4,1
GPZ6-a.01,ZM55_28A,1
PCDN-38A,235_47,1
10E8,HEB5_10,1
PGZL1,CNE21,1
DJ85-a.01,CNE40,1
179NC75,CNE4,1
VRC40.02,CAP256_SU,1
VRC-PG04b,ZM215_8,1
PCIN71G,1056_10_TA11_1826,1
PCIN71P,92RW020_2,1
PC39-50L,CNE21,1
4E10,40700V03_06,1
N49P6,R1166_C1,1
35O22,SC21_EC12,1
VRC-PG04,249M_B10,1
PGT128,714910601_16,1
561_01_18,V704_1180_070_RE_PBLIB027_S,1
EN02_04_A06,V704_0026_231_RE_PBSGA001_S,1
3BNC117,1HC1_D0_070516_F11_S91,1
N6LS.C49,CNE59,1
VRC07-523-W54-LS.v3,R1166_C1,1
10-1074,CA146_H3_3,1
VRC46.01,3817_V2_C59,1
PC39-28E,92BR020,1
2413a,C4118_9,1
SF12,BAL_26,1
PGT145,EN3C075,1
VRC42.I3,TV1_29,1
b13,6540_V4_C1,1
PCIN71I1a,BF1266_431A,1
VRC-PG04b,6785_V5_C14,1
10E8v4,V703_2805_080ES,1
EN01_007,CNE8,1
438-B11,191084_B7_19,1
N6LS.C1,TH023_6,1
PGT121,MI369_A5,1
VRC-CH31,16055_2_3,1
3BNC117,BG1168_1,1
DH270min11,CH848_D526_25_02,1
TRNM-b.01,703010217_B6,1
VRC07,6785_V5_C14,1
10E8v4,CNE53,1
3BC315,RHPA4259_7,1
VRC26.26,Q259_17,1
N6LS.C47,SF162,1
NC-Cow1,WITO4160_33,1
PC39-23D,DH12,1
VRC07-523-W54-LS.v3,KNH1209_18,1
1C2-rabbit,CH117_4,1
VRC41.01,T280_5,1
GPZ6-a.01,398_F1_F6_20,1
N6LS.C58,THRO4156,1
VRC-PG04,BI369_9A,1
N49P7,CNE8,1
561_01_18,249M_B10,1
2413b,00836_2_5,1
DJ85-d.01,CNE15,1
iMab,SIV_CPZ_BF1167,1
VRC07-523-F54-LS.v3,263_8,1
VRC26.15,PVO_4,1
VRC07-523LS.v34,TRO_11,1
PCT64-35S,CNE53,1
VRC07-523LS.v34,25925_2_22,1
EN02_04_A06,SO405_T24_5,1
PGT121,CAP304_2_00_F6_6,1
PG9,BJ28_13,1
4E10,651_LN_C40,1
VRC26.32,CM244_EC1,1
VRC26.08,6095_V1_C10,1
N6LS.C15,NKU3006_EC1,1
PGT142,92TH021,1
PGT135,186_BT_SGA1,1
PGT143,RHPA4259_7,1
VRC43.01,Q461_E2,1
VRC40.02,THRO4156,1
VRC33.01,BJOX028000_10_3,1
2G12,B04,1
10-996,YU2,1
561_01_18,V704_2560_250_RE_P001S_1602A,1
VRC23,ZM214_15,1
VRC34.01,TSG_EHI20,1
PGT125,ZA012_29,1
PGT128,QB857_110I_B3,1
N6LS.C49,CNE57,1
VRC01i,CNE55,1
VRC38.07,DU156_12,1
DH270min11,CNE21,1
LJF-0034,16055_2_3,1
CH98,REJO4541_67,1
VRC07-523LS.v14,UG037_8,1
N6LS.C30,92RW020_2,1
N6,TSG_EHI44,1
3BNC117,1HD8K_D0_061616_B4_S93,1
ElsE2,MS208_A1,1
PGT121,329_16_C1,1
N49P7,BJOX028000_10_3,1
VRC34.04,BG505_W6M_C2,1
b12,101421I_2_11,1
J038,3817_V2_C59,1
N6LS.C58,X1193_C1,1
2411a,CNE14,1
VRC03,0404_BM_F3,1
PGT145,AIIMS731_73105E,1
PGT121,TSG_EHIPRE8,1
PGT130,CNE30,1
10E8,BJOX002000_03_2,1
PGZL1,1012_11_TC21_3257,1
10E8,BJYA105_5,1
PGT127,BJOX015000_11_5,1
CH103,6535_3,1
DH270.6,X2278_C2_B6,1
8ANC195,Q168_A2,1
PGT128,SIV_CPZ_EK505,1
iMab,WITO4160_33,1
VRC26.27,MB539_2B7,1
PGT126,MUW101091A_EC10,1
VRC07,MS208_A1,1
EN01_007,2865_A11_12,1
PG16,CNXJ09277_7,1
VRC34.01_Combo1,YU2,1
VRC-CH31,0301_BM_A2,1
3BNC117,KO426_T78_10,1
10-1074,91C34_W12_S1_12_1,1
N6,V703_0646_051SN,1
4E10,CH119_10,1
VRC42.I3,57128_VRC15,1
N6LS.C1,BX08_16,1
PGT142,92RW026,1
EN02_01_D03,MI369_A5,1
VRC23,T255_34,1
40591-a.01,CAP256_SU,1
VRC07,6980_V0_C31,1
PGT145,EN3D066,1
PGT142,BB539_2B13,1
VRC02,CH119_10,1
VRC03,6535_3,1
N6,HXB2,1
PCIN66B,92TH021,1
10E8,NKU3006_EC1,1
10-996,X2131_C1_B5,1
VRC07-523-F54-LS.v3,92BR025_9,1
DH796.1,0041_V3_C18,1
PG9,CT431_G6_6,1
DJ85-a.01,BJOX002000_03_2,1
EN02_01_D03,6480_V4_C25,1
41328-a.01,703010217_B6,1
PG9,263_8,1
VRC40.02,CNE56,1
PCT64-24F,ZM247_V1,1
PG16,CNXJ0651_10,1
N6,TSG_EHI23,1
PGT145,MS208_A1,1
N49P7,19252094_A5_G2,1
PG9,SC62_EC72,1
Ab1485,AC10_29,1
CH98,CE0682_E4,1
DH511.4,BJOX002000_03_2,1
PG16,WITO4160_33,1
2413c,ZM53_12,1
BG24,BJOX028000_10_3,1
PC39-23A,SC05_8C11_2344,1
2413a,CNE3,1
N6LS.C51,THRO4156,1
VRC01-30fH/19fL,YU2,1
PG9,25711_2_4,1
561_01_18,V704_2901_170_RE_SGA01_S,1
N6LS.C15,TRJO4551_58,1
PG16,BC04,1
N6LS.C15,16055_2_3,1
10-1074,FR_2008_67,1
PG9,BF329,1
VRC07-523LS.v14,TZA125_17,1
3BNC117,693_1969_V2_A11_1_BASELINE,1
EN02_01_D03,CE1086_B2,1
VRC02,T280_5,1
J029,25710_2_43,1
VRC-PG05,R2184_C4,1
40591-a.01,T250_4,1
IOMAmin3,ZM53_12,1
PCT64-24E,620345_C1,1
VRC07c,25710_2_43,1
VRC07,CNE31,1
1C2-rabbit,BG505_W6M_C2,1
PGT121,AIIMS706_70607C,1
QA013.2,CE1176_A3,1
VRC23,001428_2_42,1
N6LS.C49,6405_V4_C34,1
VRC26.10,3016_V5_C45,1
PC39-45A,DH12,1
10E8,TSG22Y05E0033_BL33,1
VRC34-pI3,CNE30,1
8ANC195,398_F1_F6_20,1
N49P22,ZM53_12,1
PGT127,1394_C9G1,1
PGT125,0815_V3_C3,1
VRC07,CAP237_1_22_B2_2_39,1
HERH-c.01,T251_18,1
PGDM12,263_8,1
DH270min11,ZM135_10A,1
gVRC-H1dC38/VRC01L,89_6,1
DH270min11,CAP256_SU,1
EN02_04_A06,CAP290_2_00_23_6,1
10-1074,3426_V5_C17,1
CH02,191955_A11,1
4E10,0702_BM_D1,1
VRC07-523LS.v11,THRO4156,1
EN02_04_A06,V703_0279_110_RE_PBLIB002_S,1
EN02_05_B08,C3347_C11,1
N6,20883229_C9_H6,1
VRC34.01_Combo1,MI369_A5,1
VRC07-523LS.v11,HXB2,1
BF520.1,SF162,1
VRC08,CH119_10,1
PCDN-33A,Q23_17,1
1B2530,Q769_D22,1
2408c.3,C2101_C1,1
8ANC195,IDC561_G10,1
IOMA-HC-DDE,1006_11_C3_1601,1
10-1074,0260_V5_C36,1
10E8v4,CH181_12,1
VRC26.26,BG505_W6M_C2,1
VRC07,DJ263_8,1
561_01_18,9004SS_A3_4,1
RHA1.V2.01,KER2018_11,1
Min12A21,PVO_4,1
m66.6,3589_V1_C4,1
N6,SHIV_CNE40,1
PCDN-38B,DU156_12,1
PGT145,Q259_17,1
3BNC117,186_AT_SGA1,1
BG18,TSG23Y06E001_V1,1
b12,3514597,1
CH04,B036_ENV13,1
PCT64-18B,WITO4160_33,1
vFP16.02,KO426_T78_10,1
VRC40.02,16845_2_22,1
2G12,2705_P18_1,1
PGT121,AIIMS706_70606A,1
CH103,6540_V4_C1,1
TRNM-c.01,3468_V1_C12,1
10E8,VRC607_11_14_A2,1
7H6,ZA012_29,1
PG16,0702_BM_B9,1
VRC07,CAP260_2_00_TA1_1B,1
VRC07-523LS.v14,CNE58,1
DH270.1,X1254_C3,1
VRC08,DU156_12,1
2411a,CM244_EC1,1
VRC-CH31,YN112R_8,1
VRC40.02,ZM55_28A,1
3BNC117,6113_V14_D8_2,1
IOMAmin3,KO426_T78_10,1
3BNC117,FR_2002_41,1
N6LS.C1,Q168_A2,1
PGT121,57128_VRC15,1
VRC41.01,CNE53,1
J033,CH119_10,1
VRC07,703010217_B6,1
MinVRC01,CNE53,1
PG16,09GX268,1
DH796.1,288_38,1
4E10,09GX310,1
PGT151,235_47,1
N49P9.3,BF1266_431A,1
N6LS.C35,CNE56,1
N6LS.C51,Q461_E2,1
DJ85-a.01,25710_2_43,1
VRC41.01,ZM249_1,1
b12,YN148R_9,1
VRC07-523-F54-LS.v3,HT593_1,1
PGT130,MG505_W0M_A2,1
4E10,CAP382_2_00_D7_19,1
BG24,6480_V4_C25,1
VRC43.01,BG1168_1,1
VRC07-523LS.v34,001428_2_42,1
PGT121,1536_V16_B6_1,1
PCIN71G,X2131_C1_B5,1
PG9,0301_BM_A12,1
561_01_55,CE1086_B2,1
PGT152,CNE19,1
PCT64-35M,CNE8,1
PGZL1_gVmDmJ,BJOX028000_10_3,1
PGT121,GX83_47,1
VRC07,20915593,1
PG9,SIV_CPZ_GAB1,1
DH651.2,TRO_11,1
DH270min1,928_28,1
N49P23,WEAU_D15_410,1
3BNC117,MUW101273A_EC05,1
VRC26.08,20198102_E9_G1,1
PGT121,TSG21N01N031,1
561_01_18,ZM233_6,1
3BNC117,91C34_D0_S7_0_10,1
BG18,6811_V7_C18,1
10-1074,TSG21S01A0014_STM13ART,1
PCDN-33A,PVO_4,1
DJ85-a.01,RHPA4259_7,1
PGT128,EN1_101603_014,1
2723-3055,MN_3,1
3BNC117,15JS75,1
LN01,CAP45_G3,1
PGT145,1394_C9G1,1
4E10,EN3C059,1
DH511.11P,BJOX028000_10_3,1
PCIN71D2b,HXB2,1
b12,T278_50,1
561_01_18,19707346_E8_C6,1
EN02_01_D03,92RW020_2,1
b12,HN6A_40,1
10E8v4,V704_3039_140ESN,1
PC39-61B,928_28,1
10E8,TSG22Y03A0031_B31,1
4E10,H035_18,1
2411a,ZM214_15,1
PGDM11,235_47,1
M1214_N1,AD17,1
PCIN71L,CNE19,1
PCIN66B,QH0692_42,1
M4008_N1,3301_V1_C24,1
PGT122,SF162,1
VRC08,269_12,1
VRC-CH31,3305_BM_F6,1
N6,851891_4_15,1
DH511.11P,6471_V1_C16,1
iMab,C3347_C11,1
b12,MUW101273A_EC07,1
PCT64-24E,C1080_C3,1
PGT128,QA255_21P_A15,1
1C2-rabbit,ZM197_7,1
VRC26.03,6838_V1_C35,1
N6,S50408_1083WK_C40,1
PC39-61A,JRFL,1
PGT145,SIV_GOR_CP2139,1
M1214_N2.2,703010200_1E5,1
VRC34.01,V704_2541_080_RE_P001S,1
DH270min1,92BR025_9,1
2408b,45_01DG5,1
EN01_007,541_F1_A7_2,1
PGT145,TSG_EHI11,1
VRC-PG04b,25711_2_4,1
VRC46.01,CNE4,1
VRC07,TSG22Y04A0003_H3,1
PCIN71I1a,TRJO4551_58,1
3BNC117,693_7989_V9_A11_1_REBOUND,1
4E10,NAB01_C21_REV,1
PG9,705010067_TF,1
PC39-39B,KNH1144,1
PGT121,19157834_V1,1
561_01_55,ZM53_12,1
AIIMS-P01,SF162,1
PCIN77C,RHPA4259_7,1
VRC03g,CH119_10,1
J038,TH023_6,1
PGT135,3103_V3_C10,1
NC-Cow1,62357_14_D3_4589,1
VRC34-pI4,92RW020_2,1
GPZ6-b.01,C4118_9,1
VRC40.02,ZM109_4,1
4E10,BR07,1
8ANC195,TZA125_17,1
PCDN-27D,ZM214_15,1
1NC9,231965_C1,1
VRC23,263_8,1
35O22,B023_ENV09,1
3BNC117,MW965_26,1
PGT121,CAP307_2_00_24_1,1
2G12,BJOX005000_09_2,1
IOMA,CE0393_C3,1
N6LS.C49,3326_V4_C3,1
3BNC117,191882,1
BG24,704809221_1B3,1
PGT145,EN3C073,1
VRC-CH31,HN15A_27,1
EN02_04_A06,CNE31,1
PGT128,VC4_15_136377_060,1
N6,928_28,1
PGT152,0815_V3_C3,1
VRC26.26,928_28,1
PGT126,BJ22_5,1
VRC26.26,CE0682_E4,1
VRC07-523-F54-LS.v3,6838_V1_C35,1
gVRC-H1dC38/VRC01L,SC422_8,1
ElsE1,CNE17,1
N49P7,Q461_E2,1
3BC315,6545_V4_C1,1
10E8v4,BAL_26,1
PCT64-35M,191084_B7_19,1
10E8,6146_V7_C23,1
561_01_18,V703_1060_080S,1
VRC-CH31,DU172_17,1
VRC03,4403_BM_C5,1
PG9,TSG21N01N010,1
iMab,89_F1_2_25,1
VRC44.02,92RW020_2,1
DH511.4,DU156_12,1
10E8,GX28_31,1
VRC07-523LS.v34,6785_V5_C14,1
AIIMS-P01,330_16_H2,1
PCIN71L,CNE58,1
PG16,SC12_EC6,1
3BNC117,5257_V7_D2_1,1
DJ85-b.01,3468_V1_C12,1
EN02_01_D03,3817_V2_C59,1
VRC44.02,Q259_17,1
DH270min1,ZM106_9,1
VRC26.06,AC10_29,1
PGT128,CNE20,1
3BNC117,329_14_B1,1
10E8,MUW101769A_EC08,1
PCDN-27D,TRJO4551_58,1
3BNC117,693_7989_V2_C4_2_BASELINE,1
M1214_N2,231965_C1,1
PCIN71G,1394_C9G1,1
VRC01-8fH/6fL,ZA012_29,1
AIIMS-P01,JRFL,1
8ANC195,ZM246F,1
PGT142,620345_C1,1
VRC02,R2184_C4,1
b12,94UG103,1
VRC07-523-W54-LS.v3,3589_V1_C4,1
N49P22,Q842_D12,1
PGT123,APV_17,1
10-1074,TSG22Y04A0020_H20,1
2219,6535_3,1
N49P6,BJOX028000_10_3,1
BG24,SC422_8,1
M4008_N1,6811_V7_C18,1
EN02_04_A06,CA146_H3_3,1
3BNC117,2936_V9_F2_3,1
VRC03,CNE7,1
1C2-rabbit,T253_11,1
10-1074,TSG_EHI25,1
VRC08,UG024_2,1
10E8 IgG mutant 5,1056_10_TA11_1826,1
VRC06,3873_V1_C24,1
N49P6,T278_50,1
VRC-PG20,CAP244_D3,1
VRC34-pI3,TV1_29,1
DH270.1,CH848_D358_80_06,1
10E8,19715820_A10_H2,1
CH02,REJO4541_67,1
10-996,T278_50,1
CH03,Q842_D12,1
PC39-50E,SS1196_1,1
PG9,98CN009,1
10E8,VRC607_6_28_H7,1
PGT152,1394_C9G1,1
VRC07,CAP221_B14,1
3BNC117,1HC2_D0_012216_D1_S67,1
DFPH-a.15,BI369_9A,1
PGT121,TSG22Y03E0010_B10,1
M1214_N1.2,AD17,1
HERH-a.01,CAP210_E8,1
VRC23,C2101_C1,1
3BNC117,B009_ENV11,1
PGDM21,CE1176_A3,1
DH270.6,89_6,1
VRC-CH31,3873_V1_C24,1
M1214_N1.2,6240_08_TA5_4622,1
ElsE1,T250_4,1
N6,CAP177_1A3,1
DFPH-a.15,T255_34,1
10E8,TSG_EHI45,1
PGDM11,6535_3,1
PC39-61A,93IN905,1
1C2-rabbit,C2101_C1,1
VRC-CH31,100307I_2_7,1
PG16,VC4_15_130811_176,1
N6LS.C35,ZM214_15,1
PCIN71M1a,CAAN5342,1
VRC07-523LS.v34,MI369_A5,1
N49P18.1,T255_34,1
PC39-45B,89_6,1
2408b,KO426_T78_10,1
N60P2.1,Q842_D12,1
VRC34.01_Combo1,16055_2_3,1
PG9,AIIMS709_70931B,1
CH104,Q168_A2,1
2G12,401_F1_8_10,1
1C2-rabbit,PVO_4,1
VRC08,CNE59,1
VRC34-pI4,TRJO4551_58,1
DH270.5,UG037_8,1
PC39-50K,CNE53,1
DH511_I2,X2278_C2_B6,1
4E10,BJOX022000_02_3,1
PGT141,THRO4156,1
PGDM12,S31522_147WK_C20,1
PCDN-27D,89_6,1
10E8-10fH/4fL,TRJO4551_58,1
PCT64-24B,CAP45_G3,1
N49P7,ZM214_15,1
PCIN71G,KNH1144,1
3BNC117,703_W5_P_06_12_D5_S84,1
438-B11,0260_V5_C1,1
2G12,BAL_01,1
PGT152,CE1086_B2,1
PG9,100711I_3_26,1
2408b,Q769_D22,1
N6,TZA125_17,1
PC39-45A,DU422_1,1
PGT121,1HD1_D0_012016_D6_S73,1
PCIN77C,DU156_12,1
iMab,25710_2_43,1
10E8,C1080_C3,1
N6LS.C1,JRFL,1
VRC34.01,V703_0646_051SN,1
vFP7.04,BL01,1
S98,6535_3,1
N6,3589_V1_C4,1
b12,ZM53_12,1
10E8,ZENV91_0505_12,1
PCIN71L,1006_11_C3_1601,1
GPZ6-a.01,TV1_29,1
VRC26.06,3301_V1_C24,1
N6,CNE31,1
HERH-a.01,TV1_29,1
RHA1.V2.01,Q168_A2,1
2411a,26191_2_48,1
EN02_01_D03,ZM233_6,1
VRC26.12,ZM53_12,1
SF12,1006_11_C3_1601,1
PCT64-35M,ZM233_6,1
10E8v4,CAP85_09,1
IOMA,BX08_16,1
VRC33.01,6095_V1_C10,1
N49P6,Q461_E2,1
N6LS.C1,H086_8,1
RHA10.01,BJOX010000_06_2,1
561_01_18,722_G4_16,1
10-1074,CAP136_1_16_E6_1,1
PG9,VC1_E14_110488_021,1
VRC26.26,CE1176_A3,1
DF1W-a.01,0439_V5_C1,1
PCT64-35D,ZM197_7,1
4E10,3169_P4,1
EN01_007,V703_2117_110_RE_E2A10S,1
VRC07-523LS.v34,QH209_14M_A2,1
PGT127,704809221_1B3,1
VRC42.I3,BJOX002000_03_2,1
PCIN71G,CNE19,1
N6,S32212_164WK_C59,1
VRC42.01,6540_V4_C1,1
4E10,ZM214_15,1
VRC07-523LS.v11,CNE5,1
4E10,0041_V3_C18,1
PGT130,94KE105,1
561_01_55,PVO_4,1
561_01_18,V703_2805_080ES,1
10E8,CT184_D3_15,1
PGT128,714903902_11,1
VRC38.01,0330_V4_C3,1
DH270.5,CH848_D358_80_06,1
AIIMS-P01,16936_2_21,1
PC39-45B,JRCSF,1
10E8,YN148R_9,1
VRC07,3603_C11_13,1
vFP16.02,MB539_2B7,1
VRC07-523LS.v14,6838_V1_C35,1
N6LS.C58,CNE21,1
2G12,CBJC515_08_25,1
N6LS.C35,BB201_B42,1
N6LS.C30,3016_V5_C45,1
10E8,SC28_EC10,1
VRC07,2891391_A2_E1,1
VRC40.02,UG037_8,1
VRC-CH31,6811_V7_C18,1
N49P7,DU172_17,1
VRC07-523-W54-LS.v3,ZM135_10A,1
TRNM-b.01,BJOX025000_01_1,1
N49P23,6244_13_B5_4567,1
PCIN77B1b,REJO4541_67,1
PCT64-35M,ZM53_12,1
10E8-10fH/4fL,DU156_12,1
PGDM21,3103_V3_C10,1
M4008_N1,ZM197_7,1
VRC03,H080_23,1
PGT126,6535_3,1
10E8,TSG21N01N017_C18,1
DH270.5,SF162,1
PG9,DJ263_8,1
HERH-c.01,BG1168_1,1
N49P11,CE1176_A3,1
3BNC117,9342_W20_S58_A3,1
VRC26.19,Q168_A2,1
PC39-17B,MN_3,1
gVRC-H1dC38/VRC01L,3337_V2_C6,1
VRC03,ADA,1
10-1074,CNE10,1
GPZ6-b.01,3337_V2_C6,1
DH511.11P,0013095_2_11,1
N49P23,CAAN5342,1
SF5,BJOX015000_11_5,1
PCT64-35M,WITO4160_33,1
PGDM12,X2088_C9,1
N49P9.3,CE1086_B2,1
EN02_04_A06,UG024_2,1
PG16,SC12_EC4,1
PG9,6041_V3_C23,1
VRC07-523-W54-LS.v3,6095_V1_C10,1
4E10,YU2,1
CH103,BG505_W6M_C2,1
2413a,Q259_17,1
10E8v4,6785_V5_C14,1
PGT151,AIIMS706_70606A,1
b12,W61D_TCLA_71,1
3906,ZM109_4,1
N6LS.C30,T280_5,1
IOMAexFACEmin,C4118_9,1
N49P7,CE2052_G10,1
VRC26.27,CH117_4,1
PG16,AIIMS731_73106F,1
VRC06b,6244_13_B5_4567,1
PC39-28D,ZM214_15,1
BG24,MS208_A1,1
PC39-17B,JRFL,1
3BNC117,SHIV_CNE40_JD14_W29_12,1
VRC-PG04,APV_13,1
RHA10.04,001428_2_42,1
10-1074,SC26_EC45,1
HJ16,CH120_6,1
PGT145,MUW104349A_EC04,1
PGT151,6838_V1_C35,1
35O22,SHIV_CNE40,1
N60P1.1,CNE52,1
Min12A21,6244_13_B5_4567,1
PGT128,3312_D6_2,1
TRNM-d.01,242_14,1
3602-870,703010217_B6,1
VRC02,TH966_8,1
PGT123,ZM246F,1
PC39-17B,SF162,1
10E8,TSG_EHI55,1
561_01_55,704809221_1B3,1
b12,783_V1_C21,1
VRC07-523LS.v14,X2131_C1_B5,1
4E10,EN3D059,1
PGDM21,92UG035,1
VRC-PG04b,ZM249_1,1
PGT145,AIIMS743_74311C,1
PG9,BJ3_4,1
10E8,N1_FR_2011,1
PC39-28A,RHPA4259_7,1
VRC07-523-F54-LS.v3,TRO_11,1
1NC9,QH0692_42,1
EN02_01_D03,ADA,1
4E10,YN6_23,1
561_01_55,R1166_C1,1
N6LS.C47,001428_2_42,1
BG24,X2278_C2_B6,1
561_01_55,RHPA4259_7,1
PC39-39B,SC05_8C11_2344,1
15e,BAL_26,1
PG9,EN_AE_E11_T500107_037,1
10E8v4,V704_0826_040SN,1
IOMA,NKU3006_EC1,1
N6,3718_3_11,1
VRC43.01,JRCSF,1
DH511.6,CE1176_A3,1
10-1369,SC422_8,1
VRC07,CNE40,1
PCT64-35D,BJOX009000_02_4,1
35O22,Q23_17,1
10E8v4,V704_2536_030_RE_P003S,1
10E8,6631_V3_C10,1
10-1074,MUW101769A_EC03,1
DH511.11P,CAP210_E8,1
3BNC117,CAP85_09,1
VRC-PG20,5768_4,1
N49P6,Q842_D12,1
DH270min11,ZM106_9,1
179NC75,0013095_2_11,1
N6LS.C51,CH038_12,1
DJ85-a.01,KER2008_12,1
ElsE2,ZM197_7,1
PGT142,247_23,1
PCT64-18D,CNE19,1
VRC34-pI3,CNE4,1
PC39-50F,6535_3,1
PGDM12,S30725_597WK_C70,1
PGT123,93UG077,1
PGT135,0439_V5_C1,1
10E8,CAP330_2_00_F2_41,1
CH103,CH505_TF,1
561_01_18,6952_V1_C20,1
VRC26.08,CE2103_E8,1
VRC40.01,KER2018_11,1
2413b,UG024_2,1
RHA1.V2.03,X2278_C2_B6,1
PC39-50L,SS1196_1,1
PGT145,CAP256_SU,1
VRC34.01,ZM233_6,1
DH511.11P,246_F3_C10_2,1
PGZL1,1394_C9G1,1
10-1074,KO459_T68_4,1
VRC06b,TRO_11,1
VRC43.03,3337_V2_C6,1
PGT135,3365_V2_C20,1
PGT151,CNE17,1
CH98,SF162,1
VRC26.22,ZM53_12,1
PGT127,X2131_C1_B5,1
561_01_18,TSG21S01A0005_C5,1
561_01_18,CE0665_F2,1
N49P7,191955_A11,1
gVRC-H1dC38/VRC01L,BI369_9A,1
PGT121,SHIV_CNE40_JD14_W29_11,1
VRC07,TSG21Y02E0018_D18,1
N6,TSG21S01E0017_STM16E,1
PGT128,VC1_E14_110488_036,1
M1214_N1,TRJO4551_58,1
2G12,100711I_3_26,1
SF12,6405_V4_C34,1
HERH-c.01,CNE58,1
4E10,CBJC504_05_02,1
10-1074,21502011_F12_E2,1
HERH-c.01,6838_V1_C35,1
4E10,BJOX031000_02_2,1
10E8,TSG21S01E0018_STM17E,1
3BNC117,TSG22Y03A0022_B22,1
GPZ6-a.01,25710_2_43,1
PG9,CAP330_2_00_F2_41,1
DH511.6,DU156_12,1
PC39-61A,3103_V3_C10,1
PGT145,Q23_17,1
10E8v4,BB201_B42,1
PGT121,EN1_120250_011,1
PGT126,CNE5,1
N49P7,1006_11_C3_1601,1
PGT145,AMC011,1
PG9,VC4_15_130811_067,1
PGT121,705010198_TF,1
4E10,SC20_15,1
N6,TSG21N01N010,1
N49P19,62357_14_D3_4589,1
VRC03,CH120_6,1
PGZL1,CAAN5342,1
LJF-0087,CH505_TF,1
1B2530,3988_25,1
PGDM1401,CNE21,1
1C2-rabbit,6838_V1_C35,1
PGT135,CNE12,1
3BNC117,91C22_D0_S50_A5,1
179NC75,JRCSF,1
EN02_04_A06,CH119_10,1
VRC07-523LS.v14,BJOX010000_06_2,1
N49P7,ZENV16_1202_7,1
M1214_N2.2,WEAU_D15_410,1
PG9,VC5_15_130814_079,1
GPZ6-b.01,CAP210_E8,1
DH270min11,TV1_29,1
3BNC117,3305_BM_F6,1
VRC07,CH038_12,1
3602-870,X2278_C2_B6,1
VRC07,TSG22Y02E0035_DE35,1
PGT145,TSG21S01A0002_STMART01,1
PGT121,QB726_70M_B3,1
PG9,15JS65,1
RHA1.V2.01,246_F3_C10_2,1
35O22,SC21_EC13,1
E51,BR07,1
561_01_18,C3347_C11,1
179NC75,ZM53_12,1
V033-a.01,X2131_C1_B5,1
561_01_18,703010131_1E2,1
1B2530,Q461_E2,1
4E10,CAP177_1A3,1
10E8,VRC607_10_00_D5,1
PGT121,704809221_1B3,1
PG9,18814602_H8_F3,1
PCDN-38B,SF162,1
VRC26.27,BB201_B42,1
2558,QH0692_42,1
N49P7,CA240_A5_5,1
iMab,TRJO4551_58,1
10E8-19fH/16fL,KER2018_11,1
PGT130,1006_11_C3_1601,1
PCT64-18F,92TH021,1
10-1074,CAP304_2_00_F6_6,1
PCDN-22B,SS1196_1,1
VRC03,0404_BM_G3,1
N49P7,9004SS_A3_4,1
N6,0815_V3_C3,1
DH1317.9,3016_V5_C45,1
CH02,CNE5,1
PC39-28B,89_6,1
PGT142,BS208_B1,1
VRC07,CT431_G6_6,1
10E8v4,CNE10,1
VRC40.01,001428_2_42,1
CH103,WITO4160_33,1
PGT142,CNE40,1
2411a,BG1168_1,1
N6LS.C51,CNE53,1
VRC08,0921_V2_C14,1
SF5,231965_C1,1
iMab,6952_V1_C20,1
DH583,CNE8,1
10-1074,693_1969_V11_B11_2_REBOUND,1
DH270.5,BX08_16,1
M1214_N2,YU2,1
VRC07,CE0682_E4,1
HGN194,RHPA4259_7,1
DH511.11P,PVO_4,1
VRC42.01,T251_18,1
VRC07-523LS.v14,CNE5,1
PC39-50G,SF162,1
N6,R18553,1
b12,57128_VRC15,1
PCIN71I1a,231965_C1,1
N49P9.3,928_28,1
N49P7,A03349M1_VRC4A,1
DH796.1,242_14,1
N6LS.C35,3718_3_11,1
PC39-50B,JRCSF,1
VRC01b,CNE55,1
10-1074,693_7989_V2_B4_5_BASELINE,1
VRC26.06,286_36,1
PG9,714910601_19,1
N49P18.1,DU172_17,1
3BNC117,B020_ENV06,1
A12V163-a.01,Q23_17,1
PG9,KO756_38_TB12,1
PGT155,CNE17,1
ACS125,DU422_1,1
10-1074,X1193_C1,1
PG9,BC13,1
N49P11,Q23_17,1
PGT121,703010200_1E5,1
PGT128,CNE7,1
PCT64-35M,16936_2_21,1
35O22,CAP244_D3,1
10E8,CBJC504_09_05,1
PCDN-33A,X1193_C1,1
N6LS.C1,288_38,1
PCIN71I1a,CAAN5342,1
EN01_007,CE0393_C3,1
DH270.6,0330_V4_C3,1
VRC-CH31,C1080_C3,1
VRC26.08,DU151_02,1
2411a,BAL_01,1
PGT127,BAL_01,1
1C2-rabbit,398_F1_F6_20,1
VRC01f,X2278_C2_B6,1
35O22,B009_ENV11,1
10-1074,AIIMS706_70607F,1
3BNC117,6775_BL_E5_2,1
10E8,CAP256_SU,1
PGT123,93IN905,1
SF12,C2101_C1,1
3BNC117,40100_V01_MN01,1
IOMAmin3,25710_2_43,1
3BNC117,93TH057,1
PC39-28D,89_6,1
PCT64-24F,ZM249_1,1
PG9,0013095_2_11,1
DH511.3,CH119_10,1
4E10,CBJC504_09_05,1
DH511_I3,398_F1_F6_20,1
10E8,ZENV92_1008_8,1
PG16,GX142_2,1
VRC26.26,286_36,1
PGT128,191955_A11,1
DH270min1,KNH1209_18,1
PGZL1,Q23_17,1
PGT143,CE1172_H1,1
VRC07,6041_V3_C23,1
N6,TSG21N01S062,1
E70,CE1086_B2,1
DJ85-a.01,3589_V1_C4,1
HJ16,CNE5,1
VRC07,TSG_EHI55,1
VRC07,CE0089_G2,1
IOMAmin3,398_F1_F6_20,1
PC39-61B,92BR020,1
PCDN-38A,6480_V4_C25,1
PG9,SO225_H11_12,1
PGZL1,REJO4541_67,1
VRC43.03,TRO_11,1
BG18,AIIMS704_70421,1
PG9,09GX330,1
10E8-10fH/4fL,ZM55_28A,1
VRC26.26,CNE19,1
PGT121,PVO_4,1
VRC07-523LS.v11,T257_31,1
4E10,GX2010_36,1
PG9,TSG_EHI33,1
N6LS.C1,MN_3,1
VRC07,MN_3,1
VRC34.01,TSG21N01S062,1
CH103,CNE53,1
HERH-c.01,ZM53_12,1
VRC33.01,NKU3006_EC1,1
N6LS.C30,6535_3,1
IOMAmin5,CE2060_G9,1
3BNC117,SC26_EC40,1
NC-Cow2,CH119_10,1
561_01_18,704810053_2B7,1
N49P7,QH0515_1,1
EN01_007,PVO_4,1
DH511.11P,CNE19,1
EN01_007,6545_V4_C1,1
PG16,QA255_21P_A15,1
VRC42.01,BS208_B1,1
PGT145,AIIMS709_70915B,1
LJF-0024,CH505_TF,1
N49P6,001428_2_42,1
M4008_N1,AC10_29,1
PGT151,CNE19,1
10-1074,AIIMS704_70402,1
VRC34-pI3,BAL_26,1
PG9,DU156_12,1
2557,ZM109_4,1
VRC-CH31,BJ28_13,1
PGT151,079_PBMC_SGA17,1
PG9,TSG22Y05A0002_BL2,1
Ab1271,T250_4,1
PC39-61B,TRO_11,1
4E10,CNE16,1
LN01,3301_V1_C24,1
PCIN71D2b,92RW020_2,1
PGT145,B027_ENV01,1
EN02_04_A06,Q842_D12,1
VRC07-523-W54-LS.v3,UG021_16,1
VRC07-523-W54-LS.v3,DU123_06,1
PGT151,SC28_EC4,1
DH270.1,3337_V2_C6,1
N6LS.C58,UG021_16,1
VRC-PG05,001428_2_42,1
10E8,234_F1_16_57,1
561_01_18,V704_2189_030SN,1
VRC06b,6535_3,1
NC-Cow7,0260_V5_C36,1
CH103,CH505_W4_3,1
VRC03,SC05_8C11_2344,1
EN02_04_A06,V704_2555_240_RE_CON_S_VPUG,1
561_01_18,V704_2777_210_SN_01G,1
CH04,TV1_29,1
PGDM11,CAAN5342,1
DH270min11,SC422_8,1
PG16,288_38,1
PGT128,714909105_15,1
Ab1573,6535_3,1
DH511.11P,ZM214_15,1
VRC07,Q769_D22,1
VRC-CH31,0702_BM_D1,1
N6,21020_13,1
MEL-1872,246_F3_C10_2,1
PGT151,QH0692_42,1
gVRC-H1dC38/VRC01L,ZM109_4,1
VRC07-523LS.v34,398_F1_F6_20,1
PG9,THRO4156,1
561_01_18,CH505_W4_3,1
Min12A21,249M_B10,1
VRC07-523-W54-LS.v3,T280_5,1
IOMAexFACEmin,C2101_C1,1
EN01_007,BJOX015000_11_5,1
10E8v4,V703_0566_160S,1
VRC34-pI4,25710_2_43,1
3BNC117,91C35_D0_S62_A12,1
PCT64-24F,1394_C9G1,1
N49P11,6545_V4_C1,1
10E8v4,V704_0751_190_RE_P001S,1
VRC26.08,CAP307_2_00_24_1,1
DFPH-a.15,BX08_16,1
2411a,3168_V4_C10,1
EN02_01_D03,Q769_H5,1
VRC07-523-F54-LS.v3,ZM53_12,1
VRC07,703010200_1E5,1
HERH-c.01,MB201_A1,1
CH103,6041_V3_C23,1
10-1369,PVO_4,1
iMab,191955_A11,1
Ab1415,6535_3,1
RHA1.V2.01,Q259_17,1
4E10,B021_ENV03,1
PGT122,92RW009,1
PGT128,714903902_42,1
PGT128,CT184_D3_15,1
VRC26.27,0260_V5_C36,1
GPZ6-b.01,3589_V1_C4,1
DH270min11,ZM214_15,1
SF5,R1166_C1,1
LJF-0087,001428_2_42,1
VRC-CH31,ZM135_10A,1
PCIN71G,CAAN5342,1
DH270.5,CH848_D526_25_09,1
3BNC117,TSG_EHI11,1
VRC07-523LS.v14,Q23_17,1
3BNC117,B033_ENV02,1
PGT151,6041_V3_C23,1
561_01_18,V704_0714_720_RE_P003S,1
VRC38.01,H086_8,1
4E10,BJ33_11,1
vFP7.04,Q23_17,1
VRC26.28,Q842_D12,1
VRC26.08,191084_B7_19,1
10-1074,B002_ENV03,1
N49P6,CNE17,1
561_01_55,231966_C2,1
PGT126,100711I_3_26,1
NC-Cow1,CE1176_A3,1
3BC315,BJOX010000_06_2,1
GPZ6-a.01,5768_4,1
VRC42.01,BG505_W6M_C2,1
N6,19157834_V1,1
PGT121,FR_2012_181,1
VRC03,16055_2_3,1
10E8v4,DU123_06,1
2G12,CNE6,1
VRC34-pI4,ZM55_28A,1
PCIN71J2a,ADA,1
MinVRC01,BJOX015000_11_5,1
VRC07-523LS.v34,CE1176_A3,1
4E10,BF703,1
3BNC117,B016_ENV01,1
3BNC117,BF1677F2_613A,1
PG16,QB099_391M_B1,1
CH106,Q842_D12,1
PGT121,GZ187_10,1
3BNC117,4236_BL_A9_1,1
PG9,CAP200_B8A,1
PGT151,SC28_EC10,1
VRC-PG04b,MI369_A5,1
BG18,ZM135_10A,1
N49P18.1,CE1176_A3,1
3BC315,TH023_6,1
VRC07,ME178_G6_16,1
N60P2.1,CAAN5342,1
DF1W-a.01,A03349M1_VRC4A,1
PCT64-18C,WITO4160_33,1
10E8,SC26_EC34,1
10E8,SHIV_CNE40_JD14_W29_4,1
M1214_N1.2,ZM246F,1
LJF-0087,Q168_A2,1
PG16,BJOX025000_01_1,1
PG9,SC12_EC8,1
35O22,CNE57,1
CH98,3016_V5_C45,1
VRC26.08,6980_V0_C31,1
N49P19,WITO4160_33,1
AIIMS-P01,AIIMS704_70401,1
NC-Cow1,703010217_B6,1
N49P19,X1193_C1,1
10-1074,91C34_D0_S33_0_1,1
VRC43.03,JRFL,1
8ANC195,Q769_H5,1
PCT64-24E,DU156_12,1
3BNC117,MUW101769A_EC04,1
PGZL1,CE2060_G9,1
VRC34.01,MB539_2B7,1
10-1074,96ZM651_02,1
PG16,CNE6,1
RHA10.04,6240_08_TA5_4622,1
3BNC117,191727_F6,1
CH98,TRJO4551_58,1
DH270min11,ADA,1
N6,V703_0629_150_RE_PBLIB003_S,1
VRC40.02,CNE12,1
PGT151,AIIMS704_70421,1
VRC23,3326_V4_C3,1
10-1074,TSG21S01E0001_STM01E,1
561_01_18,V704_0904_250_RE_PBLIB001_S,1
PGT145,SHIV_CNE40_JD14_W29_19,1
10-1074,B005_ENV03,1
VRC08,BJOX002000_03_2,1
PGT127,1056_10_TA11_1826,1
DH651.4,398_F1_F6_20,1
PC39-28C,ZM214_15,1
DH270.6,CE1176_A3,1
GPZ6-a.01,BI369_9A,1
VRC07-523LS.v14,Q168_A2,1
4E10,5768_4,1
10-996,3365_V2_C20,1
VRC40.01,ZA012_29,1
DH651.2,703010217_B6,1
VRC07-523LS.v34,X2088_C9,1
VRC01-30fH/19fL,ZA012_29,1
N6,TSG_EHI60,1
RHA10.04,X1632_S2_B10,1
PG9,TSG22Y04A0020_H20,1
N6LS.C15,3337_V2_C6,1
8ANC195,CAP244_D3,1
10E8,3468_V1_C12,1
4E10,CH038_12,1
DJ85-b.01,001428_2_42,1
10-1074,CAP37_1_18_D2_19,1
PGT135,6811_V7_C18,1
VRC07-523LS.v11,CNE31,1
4E10,EN3C045,1
PGT128,EN1_120250_040,1
PGT130,X2131_C1_B5,1
3BNC117,6775_BL_E3_3,1
MEL-1872,398_F1_F6_20,1
10-1074,AIIMS704_70414,1
BG18,TSG21S01E0017_STM16E,1
PGT135,AIIMS704_70405,1
10-1074,6952_V1_C20,1
DH270.1,CH848_D949_10_17,1
PGT142,MB201_A1,1
DH270.1,TRO_11,1
VRC42.01,CNE30,1
VRC23,398_F1_F6_20,1
VRC03,Q769_H5,1
561_01_18,V704_0944_180_RE_CS,1
BG24,P1981_C5_3,1
MEL-1842,RHPA4259_7,1
4E10,SIV_CPZ_GAB1,1
2411a,ZM55_28A,1
VRC34.01_Combo1,CNE7,1
DH270.5,CNE21,1
EN02_04_A06,V704_0445_180_RE_CON_S,1
7H6,MUW101273A_EC03,1
PGT121,693_1969_V2_A7_1_BASELINE,1
V031-a.01,CE0393_C3,1
PGDM21,S32505_230WK_C18,1
VRC34.01,Q259_17,1
LN01,C1080_C3,1
10E8-19fH/16fL,6101_1,1
VRC-CH31,249M_B10,1
N60P1.1,3301_V1_C24,1
PGT121,1HD4K_D0_061616PL1_D4_S83,1
35O22,MB539_2B7,1
10E8,15JS75,1
SF5,CNE58,1
2G12,DRVI01_0507_12,1
BG18,ZM233_6,1
b12,704010069_C6,1
PGT121,6113_V14_E1_2,1
EN02_04_A06,AC10_29,1
N49P18.1,CE0393_C3,1
VRC46.01,HXB2,1
CH02,SC12_EC8,1
4E10,94UG103,1
VRC26.22,Q461_E2,1
VRC07,KER2018_11,1
N6LS.C15,6405_V4_C34,1
VRC01-5fH/10fL,PVO_4,1
561_01_18,V704_2536_030_RE_P002S,1
2411a,CNE53,1
10-1074,DU123_06,1
PGT126,3817_V2_C59,1
N6LS.C51,CNE30,1
PCIN71P,92TH021,1
LN01,620345_C1,1
N6,TSG_EHI50,1
8ANC195,Q461_E2,1
VRC07-523LS.v11,CAP210_E8,1
EN02_01_D03,BAL_26,1
PGT142,MGRM_AG_002,1
VRC34.01,TSG_EHI51,1
10E8,KER2008_12,1
PGT121,101421I_2_23,1
VRC07-523-F54-LS.v3,25710_2_43,1
PGT145,SHIV_CNE40_JB98_W29_21,1
1393A,BAL_26,1
10E8v4,V704_0746_760_RE_P002S,1
PG16,714910601_36,1
2G12,BJYA109_9,1
N6LS.C58,92BR025_9,1
DH1317.9,QH0515_1,1
VRC02,BB539_2B13,1
3BNC117,TSG21S01E0017_STM16E,1
VRC07-523LS.v14,CNE59,1
VRC07-523LS.v14,JRFL,1
IOMA,CNE31,1
LJF-0097,MN_3,1
VRC40.02,CH117_4,1
PGT145,CE2060_G9,1
561_01_18,V704_1654_760_RE_PBLIB001_S,1
PGT121,693_1969_V2_A2_3_BASELINE,1
VRC33.01,Q769_H5,1
N6LS.C47,X2088_C9,1
10E8,VRC607_15_14_A6,1
IOMAmin5,R1166_C1,1
PG9,172950_007,1
PGT126,1394_C9G1,1
EN01_007,CT966_E1_7,1
Ab1485,Q23_17,1
PCIN71G,C1080_C3,1
PGT121,21399975_E2_B3,1
1C2-rabbit,0077_V1_C16,1
PGT152,WITO4160_33,1
4E10,AIIMS704_70402,1
10-1074,B024_ENV01,1
10-1121,SC422_8,1
N6LS.C58,3718_3_11,1
VRC-PG04,ZM215_8,1
VRC-CH32,JRCSF,1
PGT126,BC14,1
N6LS.C30,REJO4541_67,1
DH270min1,MW965_26,1
VRC02,M02138,1
DH651.6,CH119_10,1
PCT64-35M,3326_V4_C3,1
TRNM-c.01,242_14,1
N6LS.C30,BX08_16,1
N6LS.C1,MB539_2B7,1
Bess4,Q769_D22,1
2558,H031_7,1
N49P6,928_28,1
PG9,191084_B7_19,1
8ANC195,ZM106_9,1
VRC-CH31,3637_V5_C3,1
SF12,CNE5,1
N6LS.C35,T255_34,1
10-1074,2305_BL_G2_1,1
DH270min1,Q23_17,1
VRC26.26,SC422_8,1
N6LS.C51,A07412M1_VRC12,1
N6,V703_0629_150_RE_E5A2S,1
N49P9.3,THRO4156,1
VRC07,CA146_H3_3,1
N6,UG024_2,1
PGZL1,1006_11_C3_1601,1
PG9,GX45_57,1
10E8v4,V704_0904_250_RE_PBLIB001_S,1
EN02_04_A06,CNE20,1
2413c,P0402_C2_11,1
VRC03,B012_ENV02,1
N60P2.1,CNE5,1
M1214_N2.2,231965_C1,1
DH511_I2,703010217_B6,1
CH03,B036_ENV13,1
VRC07-523LS.v34,ZM249_1,1
DH270.6,ZM106_9,1
iMab,BJOX015000_11_5,1
VRC44.02,7165_18,1
b12,BJ22_5,1
EN02_01_D03,3873_V1_C24,1
PGDM1401,MS208_A1,1
PGT145,AIIMS706_70606Z,1
10E8,VRC607_6_00_A11,1
561_01_55,191955_A11,1
VRC-PG04,REJO4541_67,1
LJF-0034,00836_2_5,1
Min12A21,92RW020_2,1
VRC-PG04b,JRCSF,1
7H6,B039_ENV02,1
PC39-28D,JRCSF,1
N6LS.C49,CNE14,1
VRC-PG04,RHPA4259_7,1
PG9,TSG_EHI22,1
VRC02,C1080_C3,1
ElsE2,3016_V5_C45,1
VRC08,ZM53_12,1
VRC-CH31,MN_3,1
4E10,NL43,1
PGT125,T250_4,1
N60P1.1,Q842_D12,1
EN02_04_A06,92BR025_9,1
VRC38.02,BG1168_1,1
PGT123,AC10_29,1
4E10,EN3C040,1
VRC23,T251_18,1
N49P19,CE0682_E4,1
10E8-3R,94UG103,1
PGT121,HEB46_6,1
PGT131,93IN905,1
10E8,VRC607_12_00_F2,1
10E8 IgG mutant 5,X1193_C1,1
VRC40.02,0921_V2_C14,1
IOMA,QH209_14M_A2,1
DJ85-a.01,T280_5,1
3BNC117,1HB2_W4_103015_D7_S84,1
PGT130,ZENV32_0111_5,1
HERH-a.01,MW965_26,1
VRC42.01,KO426_T78_10,1
VRC26.11,ZM233_6,1
PG16,CNE49,1
PGZL1,ZM109_4,1
10E8,SO405_T24_5,1
4E10,92TH021,1
PGT128,EN3C028,1
PCT64-24F,MS208_A1,1
PGT121,CNE31,1
N6LS.C30,ZM233_6,1
DH270.5,KER2008_12,1
N49P6,6041_V3_C23,1
PGT151,CNE57,1
2G12,SC12_EC10,1
PGT128,25711_2_4,1
DFPH-a.15,96ZM651_02,1
VRC02,25925_2_22,1
10E8,556_F2_3_25,1
PGT121,191647,1
VRC07,CA392_H2_6,1
PGT121,B027_ENV01,1
916B2,MOKW,1
DH270min12,DU422_1,1
VRC26.26,ZM109_4,1
TRNM-d.01,263_8,1
PCIN66B,0330_V4_C3,1
2413b,CH117_4,1
PGT126,SC26_EC08,1
VRC42.03,ZA012_29,1
17b,NAB01_C24,1
ElsE1,CE0393_C3,1
BG24,CAAN5342,1
M4008_N1,6480_V4_C25,1
VRC42.I3,REJO4541_67,1
N49P18.1,ZM197_7,1
10-1074,SF162,1
2413c,CNE57,1
VRC-PG04,S10906_109WK_C19,1
VRC-PG20,CNE31,1
PG16,GX90_1,1
VRC07,Q23_17,1
8ANC195,269_12,1
EN02_04_A06,CNE40,1
PCIN71G,1054_07_TC4_1499,1
PCT64-35O,ZM249_1,1
PGT130,VLGC_B3,1
VRC07-523-F54-LS.v3,ZM214_15,1
b12,BC04,1
4E10,09GX300,1
PGT135,6095_V1_C10,1
7H6,BAL_26,1
NC-Cow2,X1632_S2_B10,1
DF1W-a.01,CH119_10,1
VRC08,3016_V5_C45,1
M1214_N1.2,CE2010_F5,1
VRC-CH31,DU151_02,1
PC39-28C,X2131_C1_B5,1
VRC07-523LS.v11,25925_2_22,1
J038,TH966_8,1
N6,KER2008_12,1
N6,3365_V2_C20,1
10E8,CAP210_TA5,1
VRC07,TSG21N01S030,1
10E8v4,V704_2560_250_RE_P002S_1602A,1
PGT125,93UG077,1
VRC34.06,DU156_12,1
PGT121,TZA125_17,1
7H6,DU156_12,1
VRC40.01,CH038_12,1
PCIN71M1a,JRCSF,1
N49P22,X1193_C1,1
N49P11,CE1172_H1,1
N6LS.C1,BG505_W6M_C2,1
PC39-61B,X2131_C1_B5,1
4E10,AIIMS704_70406,1
3BNC117,TSG_EHI26,1
PCIN71I1a,92BR020,1
M4008_N1,9004SS_A3_4,1
PCIN71I1a,X1193_C1,1
PG9,CAP129_1_15_B2_13,1
N49P9.3,BJOX009000_02_4,1
PGT130,QH0692_42,1
V033-a.01,BS208_B1,1
561_01_18,21492713_B11_E3,1
10E8v4,UG024_2,1
LJF-0034,CH117_4,1
PG9,100997I_2_18,1
10-1121,QH0692_42,1
N6LS.C35,P1981_C5_3,1
EN02_04_A06,CNE5,1
VRC26.26,C3347_C11,1
PGT151,X1254_C3,1
VRC02,H079_2,1
PGT145,MUW104349A_EC02,1
PG9,2768732_C5_16,1
b12,SC19_15,1
VRC-CH31,BJOX009000_02_4,1
PGT151,SC20_EC51,1
10E8,BC09,1
DH270 IA2,ZM55_28A,1
4E10,2869751_A4_D3,1
PGT121,DRVI01_0507_13,1
PGT126,HB5_3,1
IOMA,3337_V2_C6,1
N6LS.C49,X2278_C2_B6,1
VRC07-523LS.v34,25711_2_4,1
N6LS.C15,CNE53,1
PG9,TSG_EHI40_C18,1
SF12,DU422_1,1
VRC06b,BG1168_1,1
PGT151,V703_1471_190S,1
VRC07-523LS.v34,CNE8,1
O.4,6535_3,1
PCIN71D2b,DU156_12,1
VRC07-523-F54-LS.v3,286_36,1
DH511.6,X2278_C2_B6,1
3BNC117,1056_10_TA11_1826,1
EN02_05_B08,THRO4156,1
PGT151,079_PBMC_SGA9,1
10E8v4,CH119_10,1
PC39-28D,DU422_1,1
VRC23,0260_V5_C36,1
DH511.11P,BAL_01,1
PCIN71L,CNE30,1
VRC26.26,ZM246F,1
N6LS.C49,ZM215_8,1
N6LS.C51,6405_V4_C34,1
DH511.6,CNE55,1
PG9,VC1_E14_109920_045,1
4E10,KER2018_11,1
VRC26.26,TV1_29,1
DH517,X1632_S2_B10,1
3BNC117,BB201_B42,1
DH270 IA1,92RW020_2,1
