antibody_id,virus_id,neut
PC39-55D,SC422_8,0
10-1074,9252_REBOUND_S70_D5,0
PCDN-16B,BG505_W6M_C2,0
VRC41.01,CNE58,0
vFP49.02,0077_V1_C16,0
PGT143,98CN006,0
VRC03,DU123_06,0
830A,B005_ENV03,0
PC39-50C,ZM249_1,0
DH270min11,CAP210_E8,0
VRC34.06,JRCSF,0
VRC-PG05,T257_31,0
DRVIA7,H086_8,0
PCDN-38B,C1080_C3,0
42056-a.01,0013095_2_11,0
44715-a.01,P1981_C5_3,0
ACS130,WITO4160_33,0
vFP49.02,X2088_C9,0
PCDN-27A,REJO4541_67,0
8ANC134,00836_2_5,0
TRNM-b.01,CH070_1,0
8ANC134,T255_34,0
vFP7.04,3988_25,0
Z13e1,CNE3,0
15e,0330_V4_C3,0
PCIN77D,WEAU_D15_410,0
VRC34-pI2 H33P,KER2008_12,0
2408b,NKU3006_EC1,0
PC39-23B,KNH1144,0
VRC34-pI3,00836_2_5,0
2413b,286_36,0
48d,BB201_B42,0
N49P23,T250_4,0
b6,CAP88_6M_C10,0
DH270.6,ZM109_4,0
vFP49.02,6535_3,0
DH270 IA4,Q769_D22,0
VRC26.18,CNE3,0
MinVRC01,DU172_17,0
2F5,CNE40,0
2408b,A03349M1_VRC4A,0
N49P22,BJOX025000_01_1,0
vFP5.01,X2088_C9,0
DH851.2,001428_2_42,0
PC39-61B,YU2,0
VRC44.01,001428_2_42,0
V033-a.01,MW965_26,0
A12V163-b.01,ZM135_10A,0
VRC06,T278_50,0
PCDN-27B,YU2,0
VRC01 UCA,246_F3_C10_2,0
PCT64-35M,6952_V1_C20,0
VRC-PG05,CE1172_H1,0
VRC34-pI2',CNE56,0
PG9,6480_V4_C25,0
VRC26.19,KER2008_12,0
PCT64-24G,TRJO4551_58,0
PGT121,5257_V7_G10_1,0
VRC34.07,6101_1,0
2413a,CNE5,0
T646-a.01,CE1086_B2,0
vFP48.02,BJOX025000_01_1,0
PCIN77D,703010200_1E5,0
VRC06b,ZM246F,0
KD-247,REJO4541_67,0
PGT135,ZM214_15,0
PCDN-38A,Q769_D22,0
DH1317.4,V704_3008_040ESN,0
PCT64-18C,RHPA4259_7,0
DH851.1,6240_08_TA5_4622,0
DH270min12,Q842_D12,0
Z13e1,288_38,0
PCT64-35S,6244_13_B5_4567,0
VRC42.04,ZA012_29,0
PGT121,CE2103_E8,0
3BNC117,SHIV_CNE40_JB98_W29_2,0
ACS130,BJOX009000_02_4,0
VRC46.01,CNE53,0
V033-a.01,ZA012_29,0
DJ85-a.01,NKU3006_EC1,0
VRC34-pI3,NKU3006_EC1,0
PGT142,ZM215_8,0
M1214_N2.2,CNE30,0
PC39-45B,ZM249_1,0
VRC26.25,3637_V5_C3,0
2408b,MS208_A1,0
PGT141,92UG046,0
HmAb64,MI369_A5,0
PCIN71F,REJO4541_67,0
0PV-b.01,CH181_12,0
PGT152,SC05_8C11_2344,0
PC39-50H,92TH021,0
PC39-55C,BG505_W6M_C2,0
VRC-CH34,TV1_29,0
PG9,6631_V3_C10,0
44715-a.01,231965_C1,0
RHA10.04,16055_2_3,0
VRC34-pI3HCpI2LC,CNE19,0
VRC44.01,3988_25,0
vFP20.01,3589_V1_C4,0
DH511.2,CAP308_2_00_E11_35,0
VRC26.27,AC10_29,0
PCT64-35M,DU172_17,0
VRC38.01,3016_V5_C45,0
vFP7.04,Q769_D22,0
PGDM21,CE2010_F5,0
HERH-b.01,T257_31,0
VRC26.25,CNE56,0
vFP52.02,CAP210_E8,0
2F5,CAP308_2_00_E11_35,0
PGT121,2936_V9_A3_3,0
VRC06b,BJOX028000_10_3,0
PGT142,231965_C1,0
DH270 IA4,CNE58,0
DH270min12,UG024_2,0
0PV-b.01,6545_V4_C1,0
IOMAmin3,CE1172_H1,0
VRC44.02,Q461_E2,0
DFPH-a.15,CNE5,0
DJ85-d.01,C4118_9,0
LJF-0109,45_01DG5,0
CAP257-RH1,DU172_17,0
VRC44.02,703010217_B6,0
DH270min12,BG505_W6M_C2,0
N49P23,6540_V4_C1,0
VRC26.26,6811_V7_C18,0
0PV-c.01,6545_V4_C1,0
6070-a.01,89_F1_2_25,0
DH851.2,T257_31,0
DH270.5,T257_31,0
41328-a.01,CE1172_H1,0
8ANC134,QH0515_1,0
VRC34.01,SC422_8,0
2G12,Q842_D12,0
F105,ZM53_12,0
VRC38.01,6480_V4_C25,0
VRC07-523LS.v11,6471_V1_C16,0
VRC38.02,TRO_11,0
N49P9.1,89_F1_2_25,0
HJ16,249M_B10,0
PC39-50I,1054_07_TC4_1499,0
HERH-a.01,26191_2_48,0
PGT121,693_1969_V11_A11_4_REBOUND,0
DH270 IA4,CH848_0000_TF,0
HmAb64,CNE31,0
DF1W-a.02,CNE31,0
2413c,CNE14,0
EN02_05_B08,6952_V1_C20,0
VRC34-pI3HCpI2LC,25710_2_43,0
VRC01 UCA,703010217_B6,0
PGZL1,89_F1_2_25,0
12A12,00836_2_5,0
42056-a.01,Q259_17,0
PGT151,CE2010_F5,0
m66.6,ZM53_12,0
m66,C1080_C3,0
DH270.2,DU172_17,0
VRC26.21,6535_3,0
CAP257-RH1,ZM214_15,0
VRC34.01_Combo1,SC422_8,0
44715-a.01,ZM246F,0
2413c,CH117_4,0
VRC26.06,CNE14,0
PGT121,2990_V7_C2_3,0
VRC43.01,KER2008_12,0
DH851.1,191955_A11,0
PCT64-35B,BJOX015000_11_5,0
VRC08,H086_8,0
PGT130,CNE17,0
V031-a.01,QH0692_42,0
PC39-17C,KNH1144,0
E70,DU156_12,0
VRC34-pI2',286_36,0
A16,MG505_W0M_A2,0
4022,ZM233_6,0
DF1W-a.01,BJOX025000_01_1,0
A12V163-a.01,25711_2_4,0
EN02_05_B08,KER2018_11,0
DH851.2,CNE5,0
VRC26.03,C3347_C11,0
2F5,SO186_H6_5,0
LJF-0024,DJ263_8,0
AIIMS-P01,WITO4160_33,0
b13,00836_2_5,0
M4008_N1,DU422_1,0
2413c,H086_8,0
RHA1.V2.01,Q769_D22,0
DH650.8,703010054_2A2,0
PGT135,MGRM_AG_002,0
PCT64-35O,X2088_C9,0
PC39-17B,KNH1144,0
VRC26.27,CNE10,0
IOMA,16055_2_3,0
Bess4,6811_V7_C18,0
Z13e1,BB201_B42,0
VRC06b,T251_18,0
48d,231965_C1,0
2557,ZM249_1,0
CH12,R3265_C6,0
44715-a.01,211_9,0
PC39-50G,ZM53_12,0
DJ85-a.01,703010217_B6,0
ACS117,89_F1_2_25,0
DJ85-e.01,001428_2_42,0
HmAb64,TRO_11,0
VRC26.02,Q259_17,0
VRC03,MI369_A5,0
DH650.8,231966_C2,0
VRC06b,T250_4,0
RHA1.V2.01,ZM135_10A,0
2F5,21561324_D3_B5,0
VRC26.01,MS208_A1,0
Bess4,62357_14_D3_4589,0
Z13e1,CAP45_G3,0
DH851.4,CNE55,0
VRC34.04,TRO_11,0
10-1074,1HC3_W4_012616_C7_S77,0
DH851.3,DU156_12,0
VRC26.27,CNE30,0
VRC01,714910616_1,0
N49P19,ZM246F,0
PGT123,ZM109_4,0
DH851.1,3817_V2_C59,0
vFP20.01,0013095_2_11,0
b12,263_8,0
VRC26.14,0260_V5_C36,0
VRC34-pI3,Q461_E2,0
PGT135,704809221_1B3,0
NIH45-46,T278_50,0
DF1W-a.01,620345_C1,0
GPZ6-a.01,703010217_B6,0
PCDN-38A,X2131_C1_B5,0
DH511.2,SO225_H11_12,0
ACS101,246_F3_C10_2,0
DH511_I6,CH119_10,0
PGT154,TRJO4551_58,0
VRC03,7165_18,0
VRC26.21,AC10_29,0
HERH-c.01,89_6,0
PGDM1400,569_F1_37_10,0
PCT64-35B,TRO_11,0
42056-a.01,T278_50,0
2F5,CE0089_G2,0
CH235,26191_2_48,0
179NC75,3365_V2_C20,0
VRC26.15,KER2008_12,0
HmAb64,89_6,0
V031-a.01,WEAU_D15_410,0
VRC08c,BJOX002000_03_2,0
VRC44.01,6471_V1_C16,0
T646-a.01,6535_3,0
ACS114,BJOX015000_11_5,0
DF1W-a.02,CH117_4,0
DH270.6,6095_V1_C10,0
PGC14,98CN006,0
PC39-17A,Q23_17,0
VRC34.05,703010217_B6,0
PGDM1400,2319_V7_H3_2,0
HJ16,T280_5,0
PC39-39A,CAP45_G3,0
VRC26.23,TRO_11,0
vFP5.01,BS208_B1,0
ACS125,C1080_C3,0
2408b,TH023_6,0
CH12,BG505_W6M_C2,0
5695-b.01,ZM214_15,0
m66,CNE55,0
PC39-23A,6480_V4_C25,0
VRC34.05,Q461_E2,0
DH796.1,25711_2_4,0
PGT121,20355851_20,0
DF1W-a.01,DJ263_8,0
179NC75,16845_2_22,0
VRC07-523LS.v11,620345_C1,0
DH1317.4,6240_08_TA5_4622,0
2G12,CAP40_2_01_A3_5,0
CH59,SF162,0
PCT64-35D,BJOX025000_01_1,0
F105,Q23_17,0
PCT64-24F,DH12,0
HJ16,CE0682_E4,0
PCDN-16B,CAP45_G3,0
PCT64-18D,T257_31,0
VRC26.07,DU422_1,0
2G12,CE2060_G9,0
VRC26.09,KER2008_12,0
0PV-c.01,0439_V5_C1,0
PCT64-35H,KNH1144,0
HJ16,B007_ENV01,0
2G12,6592_V7_C25,0
CH04,SC422_8,0
PC39-17A,0013095_2_11,0
2G12,B037_ENV02,0
M1214_N2,P1981_C5_3,0
15e,26191_2_48,0
VRC26.27,92BR025_9,0
GPZ6-a.01,16055_2_3,0
CH03,B008_ENV05,0
PC39-50H,REJO4541_67,0
CH44,1054_07_TC4_1499,0
TRNM-d.01,ZM53_12,0
VRC42.I3,CNE5,0
DH851.3,A07412M1_VRC12,0
HmAb64,CNE14,0
A12V163-a.01,MS208_A1,0
PGC14,92UG046,0
CH04,CE1086_B2,0
2C09,CNE56,0
Min12A21,BJOX009000_02_4,0
2557,WITO4160_33,0
VRC26.02,DU422_1,0
HK20,MN_3,0
17b,CH110_2,0
PCDN-16A,DU172_17,0
PC39-50L,1006_11_C3_1601,0
DJ85-a.01,288_38,0
PCT64-35O,QH0692_42,0
PGT128,SHIV_CNE40_JD14_W29_17,0
DH851.3,CE1086_B2,0
bNAb1586,BG505_W6M_C2,0
VRC26.01,CNE55,0
DFPH-a.15,UG024_2,0
2F5,CH0694,0
PC39-28E,ZM135_10A,0
35O22,25710_2_43,0
PCDN-33A,BJOX015000_11_5,0
VRC-PG20,620345_C1,0
VRC38.11,ZM55_28A,0
PC39-50I,MN_3,0
48d,0077_V1_C16,0
4E9C,THRO_C,0
vFP20.01,269_12,0
ACS202,TV1_29,0
PGDM12,231965_C1,0
917B11,ZM233_6,0
VRC33.01,T278_50,0
PC39-50I,CE0393_C3,0
2G12,R2184_C4,0
0PV-c.01,269_12,0
PC39-28E,REJO4541_67,0
A12V163-a.02,CM244_EC1,0
PC39-61B,94UG103,0
DH851.1,BJOX015000_11_5,0
VRC07-523-F54-LS.v3,6540_V4_C1,0
PCT64-35M,QH0515_1,0
PCT64-24G,TRO_11,0
697-D,SC422_8,0
VRC34-pI3,T251_18,0
V033-a.01,16936_2_21,0
VRC44.01,T250_4,0
0PV-c.01,MS208_A1,0
vFP20.01,928_28,0
VRC03,CAP45_G3,0
VRC-CH31,CAP210_E8,0
TRNM-c.01,CH070_1,0
40591-a.01,X1632_S2_B10,0
QA013.4,QD435_100M_A4,0
PC39-28E,TRJO4551_58,0
PGT145,6535_3,0
40591-a.01,CNE21,0
DH270.4,Q769_D22,0
DH650.8,X1632_S2_B10,0
DFPH-a.03,A03349M1_VRC4A,0
vFP52.02,TRJO4551_58,0
V031-a.01,X2131_C1_B5,0
0PV-c.01,X1193_C1,0
PCIN77D,6535_3,0
vFP52.02,JRCSF,0
A12V163-a.02,A03349M1_VRC4A,0
PGT145,VLGC_B3,0
PGT130,B028_ENV03,0
vFP16.02,T250_4,0
2F5,DU123_06,0
M1214_N2,C4118_9,0
DH270.6,T255_34,0
2723-3131,CH119_10,0
PC39-50L,191955_A11,0
A12V163-b.01,Q461_E2,0
PCIN66B,94UG103,0
PGZL1_gVmDmJ,94UG103,0
DH270.2,X1632_S2_B10,0
RHA10.01,6952_V1_C20,0
17b,ZM106_9,0
NC-Cow10,191955_A11,0
VRC34-UCA,YU2,0
VRC-PG05,SF162,0
41328-a.01,Q769_D22,0
DRVIA7,6545_V4_C1,0
CH01,1012_11_TC21_3257,0
J038,26191_2_48,0
CAP257-RH1,SF162,0
447-52D,CH038_12,0
CH03,B028_ENV03,0
PGT136,SC422_8,0
Z13e1,DU172_17,0
PCIN77D,6240_08_TA5_4622,0
DF1W-a.02,CNE20,0
2G12,BC08,0
vFP20.01,CNE31,0
A12V163-a.01,ZM53_12,0
VRC26.30,KER2008_12,0
RHA10.04,928_28,0
VRC26.33,QH0692_42,0
VRC34-pI3,263_8,0
HmAb64,CNE30,0
VRC06b,3468_V1_C12,0
VRC26.23,ZM109_4,0
HK20,700010040_C9_4520,0
TRNM-c.01,C4118_9,0
1C2-rabbit,QH0515_1,0
ACS101,A07412M1_VRC12,0
2408c.3,6101_1,0
VRC34.03,PVO_4,0
VRC26.09,6240_08_TA5_4622,0
CAP228-19F,BAL_26,0
PG16,QH0692_42,0
VRC38.10,TRJO4551_58,0
DH270.1,3637_V5_C3,0
vFP1.01,TV1_29,0
A12V163-b.01,3337_V2_C6,0
HERH-b.01,DU422_1,0
3BC176,CE1172_H1,0
VRC26.03,ZA012_29,0
VRC26.06,25925_2_22,0
42056-a.01,WEAU_D15_410,0
TRNM-d.01,00836_2_5,0
b12,00836_2_5,0
VRC03,3637_V5_C3,0
ACS114,CNE55,0
LJF-0142,YU2,0
5695-b.01,62357_14_D3_4589,0
PGDM12,T278_50,0
VRC-PG04,H086_8,0
M1214_N1.2,CNE20,0
b12,246_F3_C10_2,0
42056-a.01,T251_18,0
VRC41.01,Q259_17,0
PGDM11,CAP210_E8,0
PCT64-24F,HXB2,0
VRC42.I3,KER2008_12,0
PCDN-38B,T255_34,0
PGT125,ZM246F,0
DH1317.4,6101_1,0
DH651.4,BJOX002000_03_2,0
GPZ6-b.01,TRO_11,0
MinVRC01,191955_A11,0
vFP1.01,ZM55_28A,0
PCDN-16A,CAP210_E8,0
PCDN-33A,C4118_9,0
PCIN77D,Q842_D12,0
PGT153,DU422_1,0
41328-a.01,ZM214_15,0
DF1W-a.02,TRO_11,0
DH1317.9,0260_V5_C36,0
2F5,2969249,0
2413a,BJOX028000_10_3,0
m66,3637_V5_C3,0
VRC42.N1,X2088_C9,0
916B2,PVO_4,0
PGT135,92UG038,0
N49P22,DU172_17,0
44715-a.01,REJO4541_67,0
ACS125,CE1086_B2,0
VRC44.01,SS1196_1,0
VRC01-8fH/6fL,DU422_1,0
PC39-23A,C1080_C3,0
PC39-55D,BJOX009000_02_4,0
PGT136,TRJO4551_58,0
BF520.1,BJ613_E1,0
HmAb64,ZM135_10A,0
HGN194,PVO_4,0
PCDN-27C,ZM249_1,0
CAP228-16H,CE1086_B2,0
DJ85-c.01,16055_2_3,0
V033-a.01,6811_V7_C18,0
KD-247,AC10_29,0
DH1317.4,KO459_T68_4,0
0PV-b.01,6471_V1_C16,0
PG16,92UG005,0
PCDN-38B,QH0692_42,0
ACS101,P1981_C5_3,0
PGT145,B002_ENV03,0
A12V163-a.02,TRO_11,0
VRC41.01,Q461_E2,0
VRC33.01,SS1196_1,0
2723-3131,25710_2_43,0
5695-b.01,BJOX028000_10_3,0
10-996,CE0393_C3,0
J029,246_F3_C10_2,0
DH851.2,A07412M1_VRC12,0
vFP53.02,6095_V1_C10,0
3BNC117,VRC607_10_00_D5,0
HJ16,DU151_02,0
2G12,Z258_2012_SGA5,0
VRC01i,X1632_S2_B10,0
Bess4,BJOX015000_11_5,0
m66,BG1168_1,0
DJ85-b.01,QH0515_1,0
2408c.3,92BR025_9,0
DF1W-a.01,7165_18,0
HJ16,MS208_A1,0
vFP5.01,T280_5,0
2F5,BC11,0
VRC34-pI2 H33P,3988_25,0
HmAb64,CH038_12,0
PCDN-27A,PVO_4,0
CAP257-RH1,QH0692_42,0
VRC34.01_Combo1,CH181_12,0
E51,CAP45_G3,0
N49P23,AC10_29,0
916B2,TH966_8,0
DH270min12,CM244_EC1,0
F105,PVO_4,0
vFP48.02,DJ263_8,0
PGDM12,191955_A11,0
Z13e1,R3265_C6,0
b12,CAP225_1_06_A2_18,0
PGDM21,620345_C1,0
GPZ6-a.01,CNE4,0
N49P19,ZM247_V1,0
PC39-50G,Q769_D22,0
CH12,CH181_12,0
ACS101,3103_V3_C10,0
PGT143,R3265_C6,0
VRC26.01,TRJO4551_58,0
DH650.8,Q23_17,0
PGT121,BJOX025000_01_1,0
IOMAexFACEmin,X2088_C9,0
M1214_N1,703010054_2A2,0
VRC34.01,TH966_8,0
PC39-50B,HXB2,0
VRC34-pI3,ADA,0
DJ85-b.01,R2184_C4,0
PGT142,CNE12,0
VRC26.09,DU172_17,0
VRC03,ZM247_V1,0
DH650.8,3103_V3_C10,0
CH02,DU172_17,0
A12V163-a.01,CNE4,0
HERH-a.01,269_12,0
DFPH-a.15,H086_8,0
2F5,BC09,0
PCT64-35S,CE1172_H1,0
PC39-39B,DU172_17,0
DH1317.4,X1632_S2_B10,0
DJ85-d.01,T257_31,0
vFP20.01,CAP210_E8,0
PCT64-24F,001428_2_42,0
vFP49.02,REJO4541_67,0
447-52D,DU123_06,0
PGT137,APV_6,0
VRC26.25,KO426_T78_10,0
VRC34-UCA,BJOX009000_02_4,0
NC-Cow8,Q259_17,0
VRC34-pI3,231965_C1,0
0PV-b.01,REJO4541_67,0
0PV-b.01,0330_V4_C3,0
PC39-39B,Q769_D22,0
PC39-28B,CAP210_E8,0
VRC-PG05,191955_A11,0
VRC26.06,QH0692_42,0
DFPH-a.15,QH0692_42,0
LJF-0087,DU123_06,0
PGT121,BL01,0
VRC24,7165_18,0
A12V163-a.02,MW965_26,0
VRC01,714910601_45,0
PCT64-35E,6535_3,0
17b,ZA012_29,0
PGT135,VLGC_A1,0
DH650.8,CNE20,0
PGT121,1HC2_W4_012216_A10_S1,0
PCIN66B,6952_V1_C20,0
vFP49.02,BB201_B42,0
N49P19,T278_50,0
0PV-b.01,CNE7,0
NIH45-46,ZM246F,0
5695-b.01,SC422_8,0
PCDN-27D,92BR020,0
40591-a.01,T251_18,0
bNAb1586,CNE8,0
PGDM11,REJO4541_67,0
b12,CNE65,0
2408c.3,X1632_S2_B10,0
PC39-50K,X2088_C9,0
VRC26.08,H086_8,0
PC39-28E,CNE8,0
M1214_N2.2,Q23_17,0
HERH-b.01,3637_V5_C3,0
N49P22,T250_4,0
m66.6,CH181_12,0
VRC38.10,ZA012_29,0
m66,Q769_D22,0
vFP48.02,BB539_2B13,0
10-996,BJOX028000_10_3,0
DF1W-a.02,16055_2_3,0
0PV-b.01,CNE55,0
O.5,QH0692_42,0
VRC26.25,16845_2_22,0
2557,TRJO4551_58,0
10-996,T257_31,0
CH02,QH0692_42,0
PCT64-18D,89_6,0
VRC26.03,ZM109_4,0
M1214_N1.2,BF1266_431A,0
2408b,Q842_D12,0
PGT121,CM244_EC1,0
VRC26.23,ZM135_10A,0
2F5,CAP221_B14,0
vFP5.01,TH966_8,0
F105,SC422_8,0
DH270 UCA,6101_1,0
DH270 IA1,X1632_S2_B10,0
Z13e1,CH070_1,0
DH270.1,UG021_16,0
M1214_N1,ZM135_10A,0
2F5,CE1172_H1,0
PCDN-27B,QH0692_42,0
PC39-23A,BJOX028000_10_3,0
PGT135,T255_34,0
IOMAexFACEmin,246_F3_C10_2,0
VRC34-UCA,286_36,0
EN01_007,9004SS_A3_4,0
HERH-a.01,CNE3,0
PC39-61B,001428_2_42,0
PCT64-35M,6480_V4_C25,0
PGT121,191955_A11,0
PC39-28E,Q769_D22,0
LJF-0097,CE1086_B2,0
VRC38.01,TRO_11,0
LJF-0109,T250_4,0
PC39-28C,X2088_C9,0
CH103,M02138,0
N49P7.1,620345_C1,0
PCDN-38A,263_8,0
VRC26.05,TRO_11,0
PCIN71L,DU422_1,0
12A12,CNE12,0
15e,CH120_6,0
3BC176,ZM53_12,0
GPZ6-a.01,R2184_C4,0
PCIN77D,89_6,0
41328-a.01,CNE30,0
Ab1289,BJOX002000_03_2,0
PC39-50G,94UG103,0
VRC34-UCA,6644_V2_C33,0
VRC34.01,6631_V3_C10,0
VRC34.01_Combo1,16845_2_22,0
TRNM-b.01,TH966_8,0
2413b,QH0515_1,0
VRC26.08,SC422_8,0
DH1317.9,569_F1_37_10,0
RHA10.01,BF1266_431A,0
PGT152,X2088_C9,0
1B2530,T280_5,0
VRC26.27,SF162,0
PGT121,1536_V16_B7_3,0
HmAb64,KNH1209_18,0
RHA10.01,191084_B7_19,0
HERH-b.01,R2184_C4,0
41328-a.01,X2088_C9,0
DH563,CNE59,0
VRC26.25,CNE14,0
830A,HXB2,0
PGDM21,16845_2_22,0
0PV-a.01,6095_V1_C10,0
VRC26.12,Q23_17,0
ACS101,3016_V5_C45,0
PCT64-35N,PVO_4,0
PCDN-27B,ZM135_10A,0
DH270 IA4,DU156_12,0
2G12,CNE21,0
830A,B027_ENV01,0
DH1317.4,234_F1_16_57,0
6561-a.01,T278_50,0
2F5,SHIV_CNE40_JB98_W29_28,0
3BC315,16845_2_22,0
b12,CAP200_B8A,0
42056-a.01,SC422_8,0
vFP7.04,TRJO4551_58,0
VRC26.13,REJO4541_67,0
BG505.36,QC406_70M_F3,0
RHA10.01,R2184_C4,0
VRC23,T257_31,0
PC39-17A,X1632_S2_B10,0
DH1317.4,ZM106_9,0
PC39-55D,T278_50,0
2408b,MN_3,0
vFP48.02,UG024_2,0
12A21,BL01,0
A12V163-b.01,QH209_14M_A2,0
0PV-b.01,T251_18,0
1F7,WITO4160_33,0
NIH45-46,UG024_2,0
DH1317.9,V704_0026_231_RE_PBSGA001_S,0
2F5,98_F4_H5_13,0
PC39-50G,REJO4541_67,0
HERH-a.01,HT593_1,0
VRC38.05,TRO_11,0
LJF-0085,CNE55,0
VRC40.02,6545_V4_C1,0
VRC26.23,PVO_4,0
1F7,94KE105,0
PCDN-33A,16845_2_22,0
DH1317.9,H029_12,0
IOMAmin3,6545_V4_C1,0
VRC26.02,TRJO4551_58,0
40591-a.01,AC10_29,0
10-1074,1HD8K_W4_070116PL3_C6_S63,0
2413c,DU151_02,0
PCT64-35M,92BR020,0
N49P23,211_9,0
b13,QH209_14M_A2,0
CH59,CM244_EC1,0
DH270min12,T251_18,0
PGT157,89_F1_2_25,0
0PV-a.01,231965_C1,0
VRC26.05,AC10_29,0
DFPH-a.03,6101_1,0
179NC75,CNE19,0
VRC26.08,C3347_C11,0
m66,7165_18,0
DH796.1,BX08_16,0
m66.6,16055_2_3,0
DH270.1,246_F3_C10_2,0
447-52D,16055_2_3,0
Z13e1,BJOX009000_02_4,0
10-1074,8074_BL_E8_1,0
DH650.8,T257_31,0
PC39-55B,92TH021,0
vFP7.05,6545_V4_C1,0
vFP7.05,6095_V1_C10,0
T646-a.01,CE2010_F5,0
A12V163-b.01,BJOX002000_03_2,0
CH12,6101_1,0
A12V163-a.02,BJOX028000_10_3,0
VRC26.08,RHPA4259_7,0
DH796.1,0815_V3_C3,0
PCIN71G,C4118_9,0
PC39-61A,1054_07_TC4_1499,0
2C09,3365_V2_C20,0
CH27,1054_07_TC4_1499,0
DH270.1,6540_V4_C1,0
DH1317.4,3988_25,0
PGT152,6952_V1_C20,0
vFP48.02,246_F3_C10_2,0
vFP7.05,BJOX025000_01_1,0
vFP48.02,T280_5,0
vFP53.02,YU2,0
PC39-50K,211_9,0
2G12,BJ17A_6,0
LJF-0109,CH181_12,0
vFP7.04,246_F3_C10_2,0
8ANC195,191955_A11,0
N49P23,CAP45_G3,0
DF1W-a.01,CAP45_G3,0
vFP52.02,620345_C1,0
VRC46.01,BI369_9A,0
VRC33.01,KER2008_12,0
VRC26.27,HT593_1,0
42056-b.01,ZM247_V1,0
VRC26.03,BR07,0
vFP20.01,3168_V4_C10,0
PC39-28E,191084_B7_19,0
VRC42.03,ZM106_9,0
N49P22,ZM246F,0
PCT64-35C,89_6,0
VRC26.25,CNE10,0
VRC06b,6540_V4_C1,0
CH02,6480_V4_C25,0
PGT127,0330_V4_C3,0
PGT151,ZM246F,0
179NC75,BJOX009000_02_4,0
TRNM-b.01,R3265_C6,0
vFP53.02,TV1_29,0
CH01,1006_11_C3_1601,0
17b,6405_V4_C34,0
PCDN-27A,RHPA4259_7,0
vFP16.02,T280_5,0
b12,ZA012_29,0
PCIN71L,191821_E6_1,0
VRC26.08,Q842_D12,0
N6LS.C51,6471_V1_C16,0
48d,CNE53,0
PC39-23A,3016_V5_C45,0
PCDN-27D,MN_3,0
CH02,B028_ENV06,0
CH03,B030_ENV09,0
N49P22,CAP45_G3,0
V031-a.01,BJOX002000_03_2,0
PGZL1,BAL_26,0
PCT64-35G,001428_2_42,0
DFPH-a.01,CH038_12,0
LJF-0142,7165_18,0
PCIN71B,DU172_17,0
NC-Cow8,BJOX002000_03_2,0
PGT126,ZM233_6,0
PGT121,1HD9K_D0_070816_C3_S35,0
F105,ZM135_10A,0
HmAb64,X1632_S2_B10,0
vFP52.02,QH209_14M_A2,0
VRC34.05,KER2018_11,0
vFP7.05,M02138,0
vFP5.01,191821_E6_1,0
DF1W-a.02,CNE7,0
2411a,JRCSF,0
PC39-50K,CE0393_C3,0
PCT64-35B,BF1266_431A,0
447-52D,ZM233_6,0
42056-b.01,231965_C1,0
V033-a.01,CNE7,0
vFP53.02,A07412M1_VRC12,0
VRC26.09,BAL_26,0
PC39-50G,C3347_C11,0
b13,CNE58,0
b13,ZM109_4,0
VRC38.01,M02138,0
VRC26.07,CNE3,0
LJF-0034,25710_2_43,0
VRC06,DJ263_8,0
PC39-50J,MN_3,0
b13,CH070_1,0
vFP20.01,6545_V4_C1,0
CH02,B016_ENV01,0
VRC26.04,ZM214_15,0
CH12,YU2,0
GPZ6-a.01,CM244_EC1,0
VRC38.01,BJOX015000_11_5,0
PC39-17A,T278_50,0
PCT64-35S,6240_08_TA5_4622,0
0PV-c.01,ZA012_29,0
2413c,CH070_1,0
PC39-39C,HXB2,0
IOMAmin5,CNE58,0
vFP7.05,703010217_B6,0
ACS122,Q259_17,0
DH1317.4,703010217_B6,0
VRC01,CE1172_H1,0
35O22,MS208_A1,0
VRC03,3016_V5_C45,0
GPZ6-a.01,191821_E6_1,0
49G2,TRJO4551_58,0
697-D,REJO4541_67,0
VRC-PG04b,6644_V2_C33,0
b13,Q23_17,0
PC39-55C,CNE8,0
2G12,ZM106_9,0
PCT64-35H,ADA,0
DH796.1,21197826_V1,0
VRC34-UCA,AC10_29,0
HERH-a.01,CNE14,0
HERH-c.01,BI369_9A,0
2413a,0077_V1_C16,0
0PV-a.01,X2088_C9,0
VRC38.10,CNE58,0
HmAb64,16845_2_22,0
ACS202,BS208_B1,0
DF1W-a.01,TH966_8,0
0PV-b.01,T278_50,0
M4008_N1,CE0393_C3,0
2413c,JRCSF,0
PCT64-35E,DU156_12,0
PGT128,231965_C1,0
PCT64-35G,CE2060_G9,0
PC39-28E,249M_B10,0
PCT64-18B,ZM249_1,0
M1214_N2.2,CNE19,0
447-52D,CH119_10,0
10-1074,BJOX015000_11_5,0
DH270.6,3589_V1_C4,0
447-52D,CNE10,0
PGT121,9372_BL_C5_2,0
PGT156,PVO_4,0
LJF-0087,263_8,0
PCT64-35D,A07412M1_VRC12,0
17b,BI369_9A,0
EN01_007,249M_B10,0
A12V163-b.01,C4118_9,0
A12V163-a.01,UG024_2,0
DH1317.9,V704_2095_130_RE_CS,0
RHA10.01,1006_11_C3_1601,0
PGZL1_gVmDmJ,16055_2_3,0
PGT156,TRJO4551_58,0
PGDM1400,1HB2_D0_102615_B11_S13,0
PCIN71N1a,92BR020,0
b12,CA146_H3_3,0
PCT64-35M,ZM135_10A,0
PCDN-22C,TRJO4551_58,0
LJF-0109,KNH1144,0
PC39-61B,BG505_W6M_C2,0
HmAb64,BR07,0
VRC26.12,C1080_C3,0
PCIN71F,ADA,0
ACS125,WEAU_D15_410,0
VRC26.03,MN_3,0
PCT64-24E,BJOX015000_11_5,0
35O22,191084_B7_19,0
DJ85-c.01,C1080_C3,0
10-996,Q769_D22,0
PC39-50G,ZM246F,0
DFPH-a.01,CNE7,0
N49P23,ZM249_1,0
V033-a.01,TRJO4551_58,0
2G12,CNE28,0
PCT64-24F,89_6,0
CH103,MI369_A5,0
VRC38.01,1012_11_TC21_3257,0
ACS117,6405_V4_C34,0
VRC26.14,KER2008_12,0
PCT64-35F,SS1196_1,0
VRC01,714910601_21,0
PGT121,CNE56,0
CH01,21020_13,0
Z13e1,ZM215_8,0
SF12,703010217_B6,0
VRC34-pI4,BR07,0
VRC34-UCA,ZM135_10A,0
VRC38.01,CNE30,0
LJF-0087,ZM135_10A,0
PC39-28C,R3265_C6,0
48d,KO426_T78_10,0
DH851.2,6480_V4_C25,0
LJF-0097,703010217_B6,0
TRNM-b.01,PVO_4,0
F105,16055_2_3,0
DH796.1,269_12,0
b12,2969249,0
Ab1573,SHIV_AD8EO,0
0PV-b.01,M02138,0
HJ16,QH0515_1,0
PG9,QH0692_42,0
vFP52.02,45_01DG5,0
DH851.3,6240_08_TA5_4622,0
PGT128,NL43,0
ACS130,DU172_17,0
b12,B025_ENV04,0
2G12,X2558_A3,0
vFP53.02,CNE53,0
DH851.3,928_28,0
PG16,UG021_16,0
0PV-a.01,BJOX010000_06_2,0
PCIN71G,6545_V4_C1,0
IOMA,DU123_06,0
b13,CNE10,0
PGT142,QH0692_42,0
N49P9,CNE21,0
VRC26.20,CM244_EC1,0
PC39-39B,CNE58,0
VRC26.25,R3265_C6,0
PCDN-38B,CNE5,0
M4008_N1,Q769_D22,0
DH270min12,M02138,0
PC39-50D,HXB2,0
PGT121,0439_V5_C1,0
41328-a.01,BJOX010000_06_2,0
PC39-45A,ZM135_10A,0
A12V163-a.02,Q259_17,0
HK20,6240_08_TA5_4622,0
DH272,6540_V4_C1,0
VRC26.27,CNE14,0
VRC44.02,CNE53,0
DJ85-c.01,X2088_C9,0
BF520.1,BF535_A1,0
VRC38.01,T255_34,0
4E10,YBF39,0
V031-a.01,25710_2_43,0
PCDN-33A,CE2060_G9,0
PCT64-35I,SS1196_1,0
GPZ6-a.01,R3265_C6,0
VRC26.09,703010200_1E5,0
DH851.1,928_28,0
0PV-a.01,CNE53,0
VRC34.01,263_8,0
VRC23,6545_V3_C13,0
RHA1.V2.01,QH0515_1,0
J038,CNE21,0
42056-b.01,6405_V4_C34,0
M1214_N2,R3265_C6,0
48d,X2088_C9,0
15e,1054_07_TC4_1499,0
DH851.1,PVO_4,0
3BNC117,VRC607_14_14_H6,0
J038,CNE56,0
M4008_N1,CNE30,0
DH851.2,703010217_B6,0
A12V163-a.01,CNE58,0
VRC06f,CNE55,0
PGT121,693_7312_V7_D8_8_REBOUND,0
PCT64-35S,191084_B7_19,0
6561-a.01,BJOX002000_03_2,0
42056-b.01,CE2060_G9,0
N49P23,6545_V4_C1,0
b12,GX28_31,0
HmAb64,T280_5,0
PGT130,B009_ENV07,0
10-1074,1HC1_W4_070516PL2_B4_S96,0
VRC34-pI2',0077_V1_C16,0
F105,0013095_2_11,0
2G12,A03349M1_VRC4A,0
VRC34.01_Combo1,00836_2_5,0
3906,BX08_16,0
A12V163-a.02,3337_V2_C6,0
2413a,T255_34,0
Bess4,AC10_29,0
VRC26.03,6471_V1_C16,0
ACS125,Q259_17,0
DF1W-a.01,0330_V4_C3,0
41328-a.01,703010054_2A2,0
2G12,98CN009,0
PC39-45A,CAP210_E8,0
0PV-c.01,928_28,0
2F5,CT823_B6_1,0
PGT123,231966_C2,0
VRC44.02,N90_08B6,0
447-52D,ZM109_4,0
VRC26.27,BX08_16,0
0PV-b.01,DU151_02,0
VRC06b,620345_C1,0
447-52D,6322_V4_C1,0
VRC26.16,RHPA4259_7,0
DF1W-a.01,R3265_C6,0
2408c.3,CH119_10,0
DF1W-a.01,C4118_9,0
PC39-28C,CE2060_G9,0
PC39-39C,MN_3,0
Ab1457,BJOX002000_03_2,0
b13,269_12,0
2408b,RHPA4259_7,0
35O22,620345_C1,0
1NC9,T250_4,0
RHA10.04,T278_50,0
2G12,T255_34,0
VRC03,CNE3,0
DF1W-a.01,X2131_C1_B5,0
2158,6535_3,0
916B2,QF495_23M_D1,0
LJF-0142,TRJO4551_58,0
V031-a.01,T251_18,0
VRC26.25,288_38,0
2408c.3,TH966_8,0
DF1W-a.02,TV1_29,0
VRC26.06,6540_V4_C1,0
DF1W-a.02,H086_8,0
PGT135,62357_14_D3_4589,0
PC39-61B,Q259_17,0
A12V163-b.01,ZM53_12,0
T646-a.01,6405_V4_C34,0
DJ85-a.01,TRJO4551_58,0
PGT145,B005582_7_G7_8,0
VRC-PG04b,CNE12,0
m66.6,DU123_06,0
2F5,CA146_H3_3,0
VRC33.01,BB201_B42,0
Z13e1,Q461_E2,0
IOMA,0815_V3_C3,0
PCIN77B1b,DU172_17,0
179NC75,KO426_T78_10,0
PGT121,6292_V7_C8_1,0
Z13e1,BF1266_431A,0
VRC26.04,AC10_29,0
Ab1303,246_F3_C10_2,0
VRC42.05,ZA012_29,0
CH04,6545_V4_C1,0
DH270.5,3016_V5_C45,0
HmAb64,CNE59,0
vFP48.02,928_28,0
VRC44.01,3016_V5_C45,0
VRC38.11,DJ263_8,0
LJF-0024,7165_18,0
ElsE2,PVO_4,0
10-1074,1HD1_W4_012016_C12_S94,0
VRC34.05,CNE56,0
8ANC195,BAL_26,0
b12,SO186_H6_5,0
VRC26.03,CNE57,0
PGT143,NL43,0
VRC34-UCA,Q23_17,0
8ANC195,62357_14_D3_4589,0
PGT142,98CN006,0
DRVIA7,JRCSF,0
DH851.3,ZM53_12,0
F105,BB539_2B13,0
2219,B016_ENV02,0
4E10,410_F2_1_30,0
DJ85-c.01,3468_V1_C12,0
179NC75,CNE53,0
DJ85-a.01,6785_V5_C14,0
VRC34-pI2,CNE19,0
O.3,ZM109_4,0
DFPH-a.03,CNE56,0
VRC34-pI4,TH966_8,0
DH563,TH966_8,0
b12,541_F1_A7_2,0
DJ85-d.01,ZM53_12,0
PC39-45B,KNH1144,0
vFP48.02,ZM215_8,0
PC39-17A,ZM135_10A,0
VRC-PG04b,92BR025_9,0
VRC26.08,CNE3,0
VRC26.06,Q461_E2,0
41328-a.01,BF1266_431A,0
2F5,SHIV_CNE40_JD14_W29_11,0
2G12,1012_11_TC21_3257,0
2F5,703010131_1E2,0
3BC315,C4118_9,0
HERH-a.01,TH023_6,0
CAP257-RH1,BAL_26,0
VRC26.12,TRO_11,0
0PV-a.01,246_F3_C10_2,0
VRC34.01_Combo1,PVO_4,0
m66.6,BAL_26,0
0PV-b.01,6322_V4_C1,0
M1214_N2.2,CAP210_E8,0
CH12,0815_V3_C3,0
N49P22,BJOX028000_10_3,0
VRC34-pI3,7165_18,0
VRC26.01,16845_2_22,0
vFP5.01,ZA012_29,0
PC39-17A,BJOX028000_10_3,0
DJ85-b.01,26191_2_48,0
vFP52.02,BJOX025000_01_1,0
DH851.1,CAP210_E8,0
PC39-50D,92TH021,0
TRNM-c.01,ZM135_10A,0
Ab1368,T250_4,0
35O22,B021_ENV03,0
42056-a.01,T257_31,0
A12V163-b.01,TRJO4551_58,0
35O22,SHIV_CNE40_JD14_W29_20,0
2557,HXB2,0
VRC-PG05,TRJO4551_58,0
vFP7.04,6540_V4_C1,0
916B2,X1632_S2_B10,0
DH270 IA3,DU422_1,0
PCT64-24B,DU172_17,0
179NC75,X2088_C9,0
PGT145,CE1086_B2,0
VRC26.20,AC10_29,0
Z13e1,WITO4160_33,0
PC39-28C,CAP45_G3,0
VRC01,7165_18,0
VRC06,6405_V4_C34,0
2G12,YBF38,0
17b,3589_V1_C4,0
VRC38.01,0439_V5_C1,0
PGT153,X1632_S2_B10,0
A16,BC07,0
179NC75,269_12,0
DH475,X1632_S2_B10,0
PG9,714903902_32,0
PGT135,26191_2_48,0
44715-a.01,TRO_11,0
PCIN71F,89_6,0
VRC34.05,CNE12,0
vFP7.04,DJ263_8,0
EN02_05_B08,MW965_26,0
DH270.5,CM244_EC1,0
HK20,T257_31,0
5695-b.01,211_9,0
10-996,191955_A11,0
VRC26.08,DU172_17,0
VRC26.01,3817_V2_C59,0
447-52D,DU172_17,0
DH796.1,BB201_B42,0
F105,6405_V4_C34,0
EN02_05_B08,0077_V1_C16,0
vFP20.01,16845_2_22,0
LJF-0097,0815_V3_C3,0
2G12,703010217_B6,0
PGT151,SS1196_1,0
VRC06,T255_34,0
VRC-PG04,211_9,0
vFP7.04,CNE53,0
m66,CNE14,0
VRC26.26,3468_V1_C12,0
vFP52.02,MN_3,0
N49P9,T250_4,0
2408c.3,ADA,0
SF5,1006_11_C3_1601,0
A12V163-b.01,3988_25,0
41328-a.01,BJOX025000_01_1,0
PCT64-18C,DU156_12,0
vFP7.04,TV1_29,0
917B11,THRO_C,0
PG9,CNE12,0
VRC38.01,CE1172_H1,0
PGDM21,93UG082,0
A12V163-b.01,KER2008_12,0
M1214_N2,BF1266_431A,0
VRC42.I3,6405_V4_C34,0
VRC42.03,Q23_17,0
VRC34-UCA,6540_V4_C1,0
916B2,QA790_204I_E2,0
N49P7.2,620345_C1,0
CH235.12,X2088_C9,0
Ab1456,BJOX002000_03_2,0
PGT152,BF1266_431A,0
ACS202,UG024_2,0
1F7,94UG103,0
vFP16.02,KNH1209_18,0
DFPH-a.03,CNE14,0
BF520.1,CNE8,0
PCT64-35D,703010200_1E5,0
A12V163-a.02,SF162,0
A12V163-a.02,CNE21,0
Bess1,SC422_8,0
ACS130,BJOX002000_03_2,0
PGDM1400,NAB9PRE_CL_106,0
A12V163-a.01,ZM249_1,0
PGT126,BL01,0
PCT64-35E,92BR020,0
4E9C,QH359_21M_C1,0
DH270min12,CH117_4,0
40591-a.01,3817_V2_C59,0
PGT145,CNE12,0
DH270min11,3468_V1_C12,0
2158,ZM214_15,0
VRC-PG04b,0077_V1_C16,0
PCT64-24F,Q769_D22,0
N49P18.1,231965_C1,0
2G12,CAP323_2_00_B6_45,0
2408b,0077_V1_C16,0
2G12,928_28,0
ACS122,CNE55,0
2557,JRCSF,0
2413a,CNE12,0
PCIN77B1b,ZM135_10A,0
HmAb64,KER2008_12,0
PCDN-38B,3817_V2_C59,0
LJF-0142,26191_2_48,0
Z13e1,T250_4,0
5695-b.01,1006_11_C3_1601,0
6561-a.01,KO426_T78_10,0
vFP52.02,X1632_S2_B10,0
0.5gamma,WITO_C,0
A12V163-a.01,Q259_17,0
ACS114,ZM246F,0
F105,DU422_1,0
DJ85-d.01,Q259_17,0
2413c,ADA,0
b12,20358510_01,0
PCDN-27A,ZM135_10A,0
DH851.1,A07412M1_VRC12,0
VRC38.11,DU172_17,0
KD-247,ZM233_6,0
DH270.6,HXB2,0
b12,X1854_C2_10,0
48d,703010217_B6,0
PCDN-38B,BG505_W6M_C2,0
4E9C,YU2,0
2413a,25925_2_22,0
CAP257-RH1,BJOX010000_06_2,0
PGT123,Q461_E2,0
F105,0330_V4_C3,0
b12,TH023_6,0
PCT64-24E,T255_34,0
Ab1303,X1632_S2_B10,0
1361,DU422_1,0
vFP5.01,3016_V5_C45,0
DH1317.9,H022_7,0
vFP52.02,DU123_06,0
2408c.3,16845_2_22,0
J038,PVO_4,0
DH1317.4,KO426_T78_10,0
DFPH-a.03,UG024_2,0
CH12,CNE14,0
44715-a.01,MS208_A1,0
RHA10.01,CNE53,0
b12,KO756_38_TB12,0
VRC-PG20,6471_V1_C16,0
6561-a.01,KER2008_12,0
447-52D,ZM249_1,0
m66,X2088_C9,0
PCDN-38A,BG505_W6M_C2,0
VRC34.05,DJ263_8,0
48d,ZM106_9,0
PG9,100155M_9,0
N49P18.1,Q259_17,0
2408c.3,R3265_C6,0
2F5,CH119_10,0
DFPH-a.01,6095_V1_C10,0
2G12,CNE12,0
PC39-23D,CNE8,0
6561-a.01,89_F1_2_25,0
DH851.2,REJO4541_67,0
VRC03,AC10_29,0
DH650.8,BJOX028000_10_3,0
E51,T250_4,0
PGT137,92TH021,0
VRC34-pI3HCpI2LC,BL01,0
0PV-a.01,WITO4160_33,0
CH02,21020_13,0
PCT64-35K,PVO_4,0
vFP7.04,H086_8,0
17b,H080_23,0
VRC-PG05,T280_5,0
2G12,ZM135_10A,0
b12,CT140_140_B6,0
CH235,3988_25,0
NC-Cow5,0260_V5_C36,0
Z13e1,3365_V2_C20,0
DF1W-a.01,X1193_C1,0
F105,263_8,0
PCT64-18D,ZM246F,0
15e,DU123_06,0
DFPH-a.15,ZM109_4,0
447-52D,16845_2_22,0
2G12,6480_V4_C25,0
DH270min12,26191_2_48,0
VRC26.09,ZM135_10A,0
A12V163-b.01,QH0692_42,0
PCT64-35N,SC422_8,0
2G12,705010185_TF,0
PCDN-38A,CNE58,0
DF1W-a.02,ZM214_15,0
VRC34.01,MS208_A1,0
PCIN77D,ZM247_V1,0
DH270min1,0330_V4_C3,0
T646-a.01,X1632_S2_B10,0
DH1317.4,V704_0026_231_RE_PBSGA001_S,0
b12,YN177_1,0
48d,3589_V1_C4,0
DH270min11,191821_E6_1,0
2G12,19715820_A10_H2,0
E51,CH038_12,0
vFP7.04,T250_4,0
DH1317.9,V704_0726_080SN,0
PC39-23D,16055_2_3,0
PGT142,191821_E6_1,0
PCT64-35G,CNE30,0
35O22,6095_V1_C10,0
b12,216_F2_E3_5,0
VRC26.25,CNE31,0
M1214_N1,DU156_12,0
VRC34.05,0077_V1_C16,0
179NC75,CNE8,0
PGDM1400,91C34_D0_S15_0_4,0
42056-a.01,6244_13_B5_4567,0
PC39-61A,CE2010_F5,0
ACS202,0439_V5_C1,0
PGT135,ZENV91_0505_12,0
PGZL1,KNH1144,0
vFP7.04,R2184_C4,0
ACS122,3103_V3_C10,0
ACS117,CH119_10,0
PGDM1400,1HD4K_D0_061516_F7_S57,0
PCDN-33A,CE2010_F5,0
VRC26.16,ZM135_10A,0
DH1317.9,X1632_S2_B10,0
VRC26.32,Q259_17,0
CH12,00836_2_5,0
2G12,93UG082,0
PCIN71L,C4118_9,0
PCT64-35I,HXB2,0
DH270min1,620345_C1,0
vFP7.05,6644_V2_C33,0
E51,ZM55_28A,0
CAP257-RH1,BX08_16,0
2413c,T280_5,0
PGT127,93RW029,0
PGT130,620345_C1,0
BF520.1,246_F3_C10_2,0
VRC26.03,YU2,0
A12V163-a.02,CNE56,0
VRC34.05,6535_3,0
DFPH-a.15,BJOX028000_10_3,0
2411a,0077_V1_C16,0
VRC-PG04,DU123_06,0
DH270min12,CNE4,0
PGT121,CNE59,0
PC39-55C,T250_4,0
DH270.5,BR07,0
SF5,CNE20,0
2408b,6644_V2_C33,0
O.4,DJ263_8,0
HmAb64,R2184_C4,0
8ANC131,T250_4,0
5695-b.01,6244_13_B5_4567,0
PC39-28E,1006_11_C3_1601,0
VRC44.02,246_F3_C10_2,0
T646-a.01,WITO4160_33,0
3BNC117,B028_ENV03,0
ACS101,CE1086_B2,0
VRC33.01,CNE10,0
ACS202,ZM215_8,0
LJF-0024,ZM135_10A,0
DH650.8,ZM233_6,0
17b,TRO_11,0
2158,ZM249_1,0
VRC38.06,ZM55_28A,0
CH02,B037_ENV02,0
PGZL1_gVmDmJ,A07412M1_VRC12,0
F105,191821_E6_1,0
VRC34.01,6095_V1_C10,0
2408c.3,6644_V2_C33,0
PGT128,CE2010_F5,0
PGT157,BF1266_431A,0
2G12,9004SS_A3_4,0
CH59,427299_C12,0
PGDM1400,CAP220_2_00_A8_5B,0
PGT131,PVO_4,0
IOMA,269_12,0
b13,R2184_C4,0
2408c.3,REJO4541_67,0
PGT128,93UG070,0
2413c,928_28,0
vFP16.02,ZM53_12,0
PGT145,98_F4_H5_13,0
PCT64-35B,REJO4541_67,0
PG16,3637_V5_C3,0
DH511.2,X2088_C9,0
PGDM12,WITO4160_33,0
DH851.2,6545_V4_C1,0
2413b,BJOX009000_02_4,0
vFP7.05,A03349M1_VRC4A,0
CH235,6101_1,0
vFP5.01,CNE21,0
PC39-61A,928_28,0
PGDM21,UG024_2,0
PCDN-33A,ZM53_12,0
PCT64-18C,HXB2,0
2557,DJ263_8,0
N49P19,Q259_17,0
VRC-PG05,CE0682_E4,0
m66,QH0515_1,0
4E10,YBF38,0
DH1317.4,R2184_C4,0
4E10,YBF37,0
42056-b.01,PVO_4,0
RHA1.V2.01,T251_18,0
6561-a.01,AC10_29,0
447-52D,1006_11_C3_1601,0
PCT64-35S,263_8,0
PGT121,1536_V15_C11_2,0
LJF-0097,YU2,0
35O22,ZENV92_1008_8,0
48d,6322_V4_C1,0
N49P19,ZM233_6,0
ACS202,NKU3006_EC1,0
PC39-50J,BG505_W6M_C2,0
VRC34.01,CNE7,0
ACS130,Q842_D12,0
TRNM-b.01,6322_V4_C1,0
VRC26.01,CH070_1,0
PGT123,T278_50,0
m66,TRJO4551_58,0
VRC34.01_mm28,6535_3,0
PCT64-35M,CE1172_H1,0
ACS125,6240_08_TA5_4622,0
VRC41.01,C1080_C3,0
179NC75,CNE7,0
2G12,704010083_B8,0
10-1074,2305_V7_G9_2,0
VRC44.02,DU422_1,0
VRC23b,ZM233_6,0
40591-a.01,BJOX015000_11_5,0
2408b,6471_V1_C16,0
916B2,ZM214_15,0
10-1074,1HD2_PREINF_051916_B4_S62,0
6561-a.01,X1193_C1,0
b13,3637_V5_C3,0
3BNC117,VRC607_4_28_F2,0
EN02_05_B08,SS1196_1,0
5695-b.01,CNE19,0
M1214_N2,Q461_E2,0
GPZ6-b.01,T280_5,0
PC39-50D,MN_3,0
VRC26.13,C1080_C3,0
PC39-50B,CAP210_E8,0
0PV-c.01,Q461_E2,0
2413b,CAP210_E8,0
PGT130,CAP210_E8,0
DF1W-a.01,ZM53_12,0
830A,B030_ENV09,0
0PV-d.01,6405_V4_C34,0
N6LS.C1,6471_V1_C16,0
PGT151,6095_V1_C10,0
vFP20.01,CNE12,0
PC39-39B,HXB2,0
40591-a.01,TRO_11,0
VRC41.01,NKU3006_EC1,0
PGT142,MN_3,0
m66,KER2018_11,0
M1214_N2.2,BJOX015000_11_5,0
8ANC195,C3347_C11,0
VRC34.05,X2131_C1_B5,0
HERH-a.01,A07412M1_VRC12,0
TRNM-c.01,620345_C1,0
vFP49.02,QH0692_42,0
49G2,DU156_12,0
10-1074,CAP45_G3,0
PCT64-24F,SC05_8C11_2344,0
447-52D,6471_V1_C16,0
DH1317.9,19707346_E8_C6,0
ACS130,231966_C2,0
J044,SF162,0
DFPH-a.15,703010217_B6,0
CAP228-16H,MN_3,0
PC39-28C,BJOX009000_02_4,0
VRC07e,BJOX002000_03_2,0
VRC34-pI3,QH0692_42,0
VRC34.04,6101_1,0
ACS125,CNE5,0
6561-a.01,MI369_A5,0
VRC26.07,3016_V5_C45,0
PCIN71B,YU2,0
VRC26.18,Q769_D22,0
PGT125,SC422_8,0
PCIN77D,CNE21,0
48d,6785_V5_C14,0
IOMAmin3,BJOX015000_11_5,0
10-1074,1HD8K_W4_070116PL4_E1_S86,0
17b,H078_14,0
1-79,Q23_17,0
VRC34-UCA,BAL_26,0
GPZ6-b.01,BB201_B42,0
2413a,CH070_1,0
PGDM1400,ZM135_10A,0
2413c,231965_C1,0
SF5,928_28,0
PGT128,BJOX025000_01_1,0
A12V163-a.01,R3265_C6,0
VRC33.01,SC422_8,0
A12V163-a.01,BR07,0
VRC06b,CH038_12,0
NIH45-46,3016_V5_C45,0
HmAb64,0013095_2_11,0
PGT155,89_F1_2_25,0
5695-b.01,6811_V7_C18,0
vFP53.02,269_12,0
VRC07-523-F54-LS.v3,T278_50,0
17b,6322_V4_C1,0
VRC06b,DU422_1,0
M1214_N1.2,X2131_C1_B5,0
N6LS.C58,6545_V4_C1,0
2408b,CNE57,0
vFP7.04,3468_V1_C12,0
V031-a.01,BJOX015000_11_5,0
DF1W-a.02,CH181_12,0
VRC26.18,REJO4541_67,0
917B11,WITO4160_33,0
CAP257-RH1,BL01,0
CH103,89_F1_2_25,0
GPZ6-a.01,6471_V1_C16,0
2F5,GX84_59,0
PGT128,A07412M1_VRC12,0
DFPH-a.15,DU422_1,0
35O22,CNE31,0
CH04,249M_B10,0
CH02,B036_ENV03,0
PGDM1400,693_7989_V9_A4_1_REBOUND,0
DH851.2,T255_34,0
2G12,3812_V6_C05,0
2G12,DU422_1,0
VRC26.06,CH070_1,0
PG16,B036_ENV03,0
vFP53.02,6322_V4_C1,0
0PV-b.01,BX08_16,0
ACS202,246_F3_C10_2,0
DJ85-d.01,16845_2_22,0
VRC26.32,REJO4541_67,0
M1214_N2.2,703010054_2A2,0
vFP16.02,CNE5,0
PC39-17A,3016_V5_C45,0
PGT123,CE2060_G9,0
VRC42.I3,26191_2_48,0
DRVIA7,DRVI01_0912_2,0
CH12,6631_V3_C10,0
VRC34.01_Combo1,TH023_6,0
ACS114,CE0393_C3,0
PC39-23A,C4118_9,0
2G12,93UG070,0
GPZ6-b.01,CNE14,0
VRC38.01,6471_V1_C16,0
m66,CH070_1,0
vFP16.02,R2184_C4,0
DJ85-e.01,QH0515_1,0
vFP53.02,00836_2_5,0
M1214_N1,6952_V1_C20,0
CAP257-RH1,CNE59,0
A12V163-b.01,6535_3,0
vFP48.02,C3347_C11,0
RHA10.01,PVO_4,0
2G12,CT823_B6_1,0
PC39-61A,191084_B7_19,0
PGT130,UG021_16,0
GPZ6-a.01,BX08_16,0
VRC26.08,231965_C1,0
PGDM1400,89_6,0
VRC26.06,25710_2_43,0
PGT143,6244_13_B5_4567,0
N49P22,CE2060_G9,0
12A21,DRVI01_0507_14,0
DH851.3,Q769_D22,0
b13,ZM106_9,0
vFP52.02,3016_V5_C45,0
DF1W-a.01,CNE59,0
CH235,SS1196_1,0
VRC01.23LS,H086_8,0
PGT145,BG1168_1,0
VRC44.01,CNE55,0
VRC26.06,CNE8,0
vFP49.02,3589_V1_C4,0
VRC42.I3,X2088_C9,0
NC-Cow4,246_F3_C10_2,0
VRC44.01,3637_V5_C3,0
J038,0439_V5_C1,0
ACS202,CNE40,0
PGDM1400,SO431_C1_1,0
VRC06f,BJOX002000_03_2,0
PGZL1_gVmDmJ,CE1172_H1,0
VRC26.25,3468_V1_C12,0
A12V163-a.01,MW965_26,0
DH796.1,6022_V7_C24,0
447-52D,B039_ENV02,0
CH01,3103_V3_C10,0
PGT142,CNE30,0
6070-a.01,CNE8,0
vFP1.01,UG021_16,0
DFPH-a.15,CNE12,0
VRC42.02,25711_2_4,0
VRC44.01,246_F3_C10_2,0
PGDM21,BJOX028000_10_3,0
DJ85-b.01,T257_31,0
PC39-28A,ZM249_1,0
42056-b.01,R2184_C4,0
PCT64-35G,P1981_C5_3,0
b13,SC422_8,0
DH851.1,6480_V4_C25,0
VRC38.01,NKU3006_EC1,0
A12V163-b.01,HXB2,0
A12V163-a.01,6095_V1_C10,0
VRC34.04,DU422_1,0
2G12,HN6A_40,0
PGT142,Q769_D22,0
TRNM-b.01,ADA,0
DFPH-a.03,T251_18,0
DH796.1,CAP225_1_06_A2_18,0
40591-a.01,CAP45_G3,0
PC39-28C,1006_11_C3_1601,0
2F5,CNE16,0
PC39-50C,CAP45_G3,0
DH511_I6,CNE8,0
0PV-a.01,QH209_14M_A2,0
VRC38.05,BG505_W6M_C2,0
b12,T280_5,0
V031-a.01,1054_07_TC4_1499,0
VRC26.08,CNE31,0
41328-a.01,6545_V4_C1,0
V033-a.01,6095_V1_C10,0
2408c.3,TV1_29,0
PGDM1400,191647,0
VRC40.02,KER2008_12,0
PCDN-38B,CE0393_C3,0
2413c,BB201_B42,0
CH04,R2184_C4,0
10-1074,8074_BL_D10_2,0
VRC26.13,ZM233_6,0
PCT64-35D,0013095_2_11,0
2C06,3365_V2_C20,0
GPZ6-b.01,CNE21,0
PGT135,CAP45_G3,0
ElsE1,PVO_4,0
VRC26.22,RHPA4259_7,0
15e,16055_2_3,0
PGT121,1536_V15_A12_4,0
m66.6,Q461_E2,0
DH851.3,3016_V5_C45,0
PGT122,92UG031,0
TRNM-f.01,620345_C1,0
HGN194,WEAU_D15_410,0
A12V163-b.01,89_6,0
VRC26.18,AC10_29,0
VRC38.02,C1080_C3,0
VRC33.01,620345_C1,0
vFP1.01,CNE30,0
CH01,A03349M1_VRC4A,0
DFPH-a.03,BS208_B1,0
HERH-a.01,TH966_8,0
42056-b.01,CNE17,0
2G12,B025_ENV04,0
42056-b.01,R3265_C6,0
VRC26.26,T278_50,0
PGT128,B035_ENV05,0
VRC38.08,PVO_4,0
10-1074,1HC1_W4_071216_F7_S69,0
VRC03,DU151_02,0
VRC26.02,BG505_W6M_C2,0
VRC46.01,3365_V2_C20,0
PCDN-16B,MN_3,0
49G2,TRJO_C,0
PCT64-35O,BJOX025000_01_1,0
DH563,ZM55_28A,0
LJF-0034,CNE31,0
PC39-28C,Q769_D22,0
3BNC117,CAP206_08,0
2F5,3312_D6_2,0
PGT152,1012_11_TC21_3257,0
PC39-39B,T257_31,0
4E10,BJ613_E1,0
DH851.3,ZM109_4,0
VRC26.03,288_38,0
1361,ZM53_12,0
DH796.1,191955_A11,0
IOMA-HC-DDE,T257_31,0
447-52D,BJOX028000_10_3,0
PCT64-35S,62357_14_D3_4589,0
8ANC195,92BR025_9,0
F105,BL01,0
PC39-61B,CNE19,0
A12V163-a.01,KO426_T78_10,0
b12,BJ412_W6M_S3,0
PCT64-35I,SC422_8,0
vFP7.04,89_6,0
DF1W-a.01,CNE57,0
10E8-0fH/4fL,ZM106_9,0
TRNM-f.01,TRJO4551_58,0
ACS114,16055_2_3,0
vFP5.01,CNE5,0
CH235,ADA,0
PCIN71B,DU156_12,0
TRNM-f.01,TRO_11,0
2G12,CNE20,0
3BNC117,VRC607_8_14_B10,0
vFP7.04,C1080_C3,0
VRC26.01,DU151_02,0
M4008_N1,T250_4,0
10E8 IgG mutant 5,191084_B7_19,0
VRC33.01,6405_V4_C34,0
2413a,231965_C1,0
42056-a.01,CNE30,0
m66.6,92BR025_9,0
CH44,DU172_17,0
LJF-0142,263_8,0
DFPH-a.03,191821_E6_1,0
HJ16,CE1086_B2,0
PCT64-35S,RHPA4259_7,0
PGZL1_gVmDmJ,6811_V7_C18,0
PCT64-24E,CE1172_H1,0
b12,6545_V4_C1,0
VRC26.30,DU172_17,0
T646-a.01,620345_C1,0
PCT64-18D,1012_11_TC21_3257,0
HmAb64,T250_4,0
b12,CNE12,0
PGT135,92UG001,0
M1214_N2,BJOX015000_11_5,0
ACS114,ZM233_6,0
VRC34.01,6471_V1_C16,0
VRC26.24,REJO4541_67,0
PGT155,X1632_S2_B10,0
Y498,X1632_S2_B10,0
M4008_N1,BJOX015000_11_5,0
5695-b.01,191084_B7_19,0
2G12,CE2052_G10,0
TRNM-e.01,QH0515_1,0
ACS117,6244_13_B5_4567,0
M1214_N2.2,MS208_A1,0
A12V163-a.02,6631_V3_C10,0
DF1W-a.01,CH070_1,0
VRC26.31,TRO_11,0
VRC03,B035_ENV05,0
DH851.1,191084_B7_19,0
HGN194,001428_2_42,0
M1214_N1,C1080_C3,0
Bess4,SC422_8,0
PCT64-24B,92BR020,0
PCDN-22B,SC422_8,0
vFP7.04,WITO4160_33,0
2413c,3637_V5_C3,0
DH270.1,6471_V1_C16,0
DJ85-a.01,T257_31,0
42056-a.01,R2184_C4,0
LJF-0142,16845_2_22,0
2557,CAP45_G3,0
VRC26.20,CAP45_G3,0
m66,3589_V1_C4,0
DH796.1,Q842_D12,0
b13,NKU3006_EC1,0
VRC33.01,ZA012_29,0
CH02,B032_ENV07,0
916B2,ZM135_10A,0
PC39-50K,0013095_2_11,0
PCT64-24F,R3265_C6,0
m66,ZM249_1,0
PCT64-18F,HXB2,0
48d,CH070_1,0
CH02,001428_2_42,0
ACS117,DU156_12,0
HERH-c.01,CNE14,0
TRNM-b.01,CNE12,0
35O22,SHIV_CNE40_JB98_W29_10,0
DH270.6,R3265_C6,0
VRC26.05,191821_E6_1,0
A12V163-a.02,C4118_9,0
M1214_N2.2,X1632_S2_B10,0
PGDM1400,CNE57,0
T646-a.01,CNE55,0
A12V163-b.01,191821_E6_1,0
PGT121,20417927_07,0
vFP53.02,DU172_17,0
LJF-0024,KO426_T78_10,0
ACS114,BJOX028000_10_3,0
F105,DU172_17,0
DFPH-a.03,QH0692_42,0
VRC44.01,6095_V1_C10,0
PCT64-24G,DU172_17,0
VRC-PG04b,CNE7,0
2F5,ZM53_12,0
VRC06,ZM109_4,0
6561-a.01,WITO4160_33,0
DH270min1,HT593_1,0
HERH-a.01,M02138,0
TRNM-e.01,CNE5,0
PC39-50I,62357_14_D3_4589,0
DF1W-a.02,TRJO4551_58,0
DFPH-a.15,SF162,0
VRC42.I3,C4118_9,0
HERH-c.01,6535_3,0
Ab1461,25710_2_43,0
VRC26.09,SF162,0
F105,BG505_W6M_C2,0
2F5,YN6_23,0
PG9,CE1086_B2,0
10-1074,1536_V16_A9_2,0
LJF-0142,C4118_9,0
PCT64-35S,REJO4541_67,0
PCIN71I1a,DU422_1,0
HERH-a.01,Q769_D22,0
44715-a.01,BJOX009000_02_4,0
IOMAmin5,CE2010_F5,0
CAP257-RH1,TV1_29,0
HGN194,CH115_12,0
PCT64-35G,249M_B10,0
40591-a.01,703010054_2A2,0
179NC75,BS208_B1,0
vFP48.02,ZM249_1,0
2G12,KO870_C2_10,0
42056-b.01,T255_34,0
PCDN-38B,191821_E6_1,0
V031-a.01,Q769_D22,0
VRC26.32,RHPA4259_7,0
vFP5.01,6540_V4_C1,0
VRC-CH31,H086_8,0
vFP53.02,CNE3,0
PGT128,CAP210_E8,0
2413a,6405_V4_C34,0
2G12,GX34_21,0
DH270min1,BS208_B1,0
15e,25925_2_22,0
PCDN-33A,BG505_W6M_C2,0
PGT121,2936_V9_D3_3,0
ACS114,T257_31,0
1B2530,R3265_C6,0
V033-a.01,231966_C2,0
A12V163-b.01,Q842_D12,0
VRC26.03,X2088_C9,0
GPZ6-a.01,25711_2_4,0
Bess1,BJOX025000_01_1,0
DJ85-d.01,3168_V4_C10,0
DH796.1,ADA,0
VRC-CH31,1054_07_TC4_1499,0
DH270.5,R2184_C4,0
vFP7.04,DU172_17,0
15e,MW965_26,0
VRC34-UCA,CNE20,0
GPZ6-b.01,620345_C1,0
A12V163-a.01,3468_V1_C12,0
0PV-b.01,AC10_29,0
PGT121,2305_V7_G2_2,0
VRC-PG04b,TV1_29,0
EN02_05_B08,CNE7,0
RHA1.V2.01,ZM55_28A,0
DJ85-a.01,WITO4160_33,0
VRC26.26,89_6,0
2413c,DJ263_8,0
VRC26.08,211_9,0
vFP20.01,BAL_26,0
vFP48.02,Q461_E2,0
VRC34-UCA,T257_31,0
42056-b.01,246_F3_C10_2,0
HERH-c.01,001428_2_42,0
b12,98_F4_H5_13,0
DH851.1,703010217_B6,0
VRC06,T251_18,0
b12,CNE19,0
CH103,DU151_02,0
RHA10.01,TRJO4551_58,0
Ab1303,Q23_17,0
vFP49.02,7165_18,0
vFP48.02,YU2,0
VRC34-UCA,BJOX010000_06_2,0
44715-a.01,T251_18,0
10-1074,9343_W8_S52_B2,0
DFPH-a.03,CNE55,0
T646-a.01,BJOX015000_11_5,0
0PV-b.01,BJOX025000_01_1,0
AIIMS-P01,CAP45_G3,0
PCIN71O,DU422_1,0
vFP16.02,246_F3_C10_2,0
PCIN77C,HXB2,0
VRC26.26,BR07,0
b12,HN18A_41,0
DH270.1,BL01,0
M1214_N1,CE1172_H1,0
M1214_N1,CAP45_G3,0
PC39-50K,703010054_2A2,0
VRC26.29,0260_V5_C36,0
m66.6,89_6,0
PGT121,9342_W20_S52_A2,0
DH270min12,KO426_T78_10,0
NC-Cow3,Q259_17,0
GPZ6-b.01,6644_V2_C33,0
b12,BJYA105_5,0
b12,GIL,0
VRC33.01,3718_3_11,0
PGT121,92UG038,0
J033,X1632_S2_B10,0
2F5,SHIV_CNE40_JD14_W29_20,0
vFP7.05,3988_25,0
2G12,CAP343_2_00_21_2,0
PCT64-35D,YU2,0
DH796.1,ZM53_12,0
M1214_N2,Q259_17,0
PCT64-35E,QH0692_42,0
vFP7.04,286_36,0
VRC34.05,7165_18,0
PGDM1400,92BR020,0
VRC44.01,ZM55_28A,0
IOMAexFACEmin,BJOX009000_02_4,0
PGT158,BF1266_431A,0
DH650.8,Q769_D22,0
PC39-28C,BG505_W6M_C2,0
PG16,6101_1,0
vFP49.02,0330_V4_C3,0
PGT157,T251_18,0
DH270.1,CNE40,0
DH851.1,6535_3,0
447-52D,CH114_8,0
VRC26.01,CNE53,0
VRC01,V704_0445_180_RE_CON_S,0
F105,BS208_B1,0
40591-a.01,6240_08_TA5_4622,0
DH796.1,CAP177_1A3,0
VRC-CH32,ZM106_9,0
ACS130,C4118_9,0
PCT64-18C,BG505_W6M_C2,0
Bess1,T251_18,0
CH12,KNH1209_18,0
Z13e1,X2088_C9,0
vFP16.02,CNE30,0
42056-b.01,3365_V2_C20,0
PGT136,MGRM_AG_002,0
DJ85-a.01,CNE10,0
CH01,WEAU_D15_410,0
PGT141,6535_3,0
gVRC-H1dC38/VRC01L,BL01,0
V033-a.01,26191_2_48,0
0PV-a.01,SS1196_1,0
PGT121,KO426_T78_10,0
2G12,XJ50_6,0
vFP1.01,DU123_06,0
CAP257-RH1,7165_18,0
17b,PRB926_04_A9_4237,0
PC39-39B,620345_C1,0
DH650.8,1054_07_TC4_1499,0
2G12,6785_V5_C14,0
VRC34.05,MW965_26,0
447-52D,BB539_2B13,0
PGT121,2990_V7_C1_4,0
A12V163-a.01,3637_V5_C3,0
PCT64-35E,MN_3,0
DH1317.4,KO870_C2_10,0
PGZL1,6545_V4_C1,0
VRC26.12,ZM109_4,0
CH03,B036_ENV03,0
F105,MW965_26,0
PGT130,B037_ENV02,0
DH270.1,HXB2,0
PCT64-24A,CAP210_E8,0
Bess4,PVO_4,0
A12V163-a.01,PVO_4,0
0PV-a.01,UG024_2,0
EN02_05_B08,0013095_2_11,0
PCT64-24E,249M_B10,0
2F5,16845_2_22,0
N49P22,TRJO4551_58,0
DFPH-a.15,3637_V5_C3,0
PGDM11,R2184_C4,0
PGT121,693_7312_V7_F9_1_REBOUND,0
2413c,ZM55_28A,0
DH270 UCA,DU156_12,0
DH270min12,6405_V4_C34,0
PGT156,Q461_E2,0
8ANC131,6631_V3_C10,0
PC39-50A,SS1196_1,0
DJ85-d.01,3016_V5_C45,0
vFP7.05,X2088_C9,0
HmAb64,BL01,0
PC39-50L,3016_V5_C45,0
PCT64-35N,TRO_11,0
6561-a.01,CNE8,0
HJ16,B006_ENV02,0
10E8 IgG mutant 5,WITO4160_33,0
0PV-c.01,CM244_EC1,0
b13,6644_V2_C33,0
VRC26.27,TRJO4551_58,0
CH12,T255_34,0
PGDM1400,CNE10,0
HJ16,CAP210_E8,0
vFP48.02,16055_2_3,0
HERH-a.01,C4118_9,0
PCIN71B,ZM135_10A,0
DJ85-a.01,6535_3,0
DJ85-b.01,3637_V5_C3,0
NC-Cow1,231965_C1,0
DH270.1,191821_E6_1,0
GPZ6-b.01,6471_V1_C16,0
RHA10.04,CE1172_H1,0
179NC75,6095_V1_C10,0
DH796.1,3988_25,0
PGDM1400,693_2215_V9_C11_1_REBOUND,0
VRC42.N1,92BR025_9,0
2G12,0260_V5_C36,0
2408c.3,SS1196_1,0
RHA1.V2.01,ZM109_4,0
0PV-a.01,CNE12,0
44715-a.01,6244_13_B5_4567,0
1393A,SC422_8,0
8ANC134,6540_V4_C1,0
DJ85-b.01,CH070_1,0
IOMAmin3,ZM233_6,0
2G12,CNE56,0
HJ16,P1981_C5_3,0
CH106,BJOX002000_03_2,0
12A21,DRVI01_0912_5,0
vFP5.01,NKU3006_EC1,0
PC39-50A,MN_3,0
DFPH-a.03,6405_V4_C34,0
0PV-d.01,CNE56,0
PGT127,R2184_C4,0
DH270 IA2,6540_V4_C1,0
VRC38.01,6240_08_TA5_4622,0
LJF-0085,R2184_C4,0
CH103,BL01,0
PC39-39B,REJO4541_67,0
DJ85-c.01,Q259_17,0
VRC24,ZM214_15,0
PCT64-18F,QH0692_42,0
SF5,X1193_C1,0
vFP1.01,6095_V1_C10,0
4E9C,WITO4160_33,0
6561-a.01,001428_2_42,0
VRC26.09,X2088_C9,0
PCT64-24F,DU172_17,0
VRC43.01,PVO_4,0
M4008_N1,MS208_A1,0
VRC44.01,3365_V2_C20,0
A12V163-b.01,SS1196_1,0
BG505.23,QD435_100M_A4,0
PGT130,B028_ENV06,0
CAP228-16H,CAP228_2_00_51J,0
A12V163-b.01,CNE30,0
VRC38.04,YU2,0
PG9,100155M_15,0
10-1074,H086_8,0
VRC34-pI4,263_8,0
TRNM-b.01,6535_3,0
VRC26.06,CNE5,0
M4008_N1,T257_31,0
0PV-a.01,P1981_C5_3,0
CAP257-RH1,6545_V4_C1,0
PCIN77D,REJO4541_67,0
vFP1.01,45_01DG5,0
2F5,B027_ENV01,0
2G12,410_F2_1_30,0
DH651.3,X1632_S2_B10,0
8ANC195,1012_11_TC21_3257,0
vFP49.02,X2131_C1_B5,0
vFP20.01,T255_34,0
vFP5.01,ZM233_6,0
b12,CAP308_2_00_E11_35,0
2411a,H086_8,0
PCDN-22B,TRJO4551_58,0
VRC06,6095_V1_C10,0
3BC315,6535_3,0
CH28,CAP206_1_B5,0
b12,HN40_40,0
ACS202,SC422_8,0
DFPH-a.03,6322_V4_C1,0
GPZ6-a.01,CNE55,0
DFPH-a.01,3817_V2_C59,0
ElsE2,704809221_1B3,0
DF1W-a.02,CNE19,0
1C2-rabbit,T257_31,0
TRNM-b.01,C3347_C11,0
Min12A21,ZM233_6,0
VRC03,DU422_1,0
Z13e1,3168_V4_C10,0
DFPH-a.01,0260_V5_C36,0
PGT121,BG1168_1,0
0PV-b.01,288_38,0
SF5,CNE30,0
vFP52.02,DU156_12,0
vFP53.02,T278_50,0
HERH-a.01,CM244_EC1,0
CH02,B025_ENV04,0
b12,20721190,0
2158,CH120_6,0
1-79,ZM249_1,0
VRC06b,ZM135_10A,0
2411a,ZM106_9,0
VRC06,CH117_4,0
42056-b.01,CNE20,0
PCT64-35E,DU422_1,0
DH851.3,211_9,0
m66,BAL_26,0
17b,3718_3_11,0
DRVIA7,DRVI01_0803_16,0
DH650.8,BF1266_431A,0
PGT130,NL43,0
HJ16,UG021_16,0
Z13e1,704809221_1B3,0
DH270.5,BS208_B1,0
CH01,ZA012_29,0
b12,0260_V5_C1,0
vFP49.02,6631_V3_C10,0
ACS122,T255_34,0
PCT64-24E,231965_C1,0
A12V163-a.02,ZM135_10A,0
VRC34.05,CNE19,0
VRC38.06,DU422_1,0
DF1W-a.02,BJOX002000_03_2,0
VRC46.01,CNE21,0
DH796.1,3718_3_11,0
LJF-0024,CNE5,0
830A,B037_ENV16,0
LJF-0097,KO426_T78_10,0
17b,KO426_T78_10,0
PC39-23C,94UG103,0
PGT145,CAP343_2_00_21_2,0
10-1074,8074_V7_G10_1,0
GPZ6-a.01,QH0515_1,0
vFP7.05,X1632_S2_B10,0
ACS130,AC10_29,0
VRC34.01,C4118_9,0
VRC26.27,CNE57,0
m66,6644_V2_C33,0
PGT128,ZM109_4,0
2413c,X2088_C9,0
DH796.1,CT072_56_7,0
DF1W-a.01,25711_2_4,0
VRC06,3589_V1_C4,0
VRC38.10,ZM106_9,0
CAP228-16H,SF162,0
PCT64-24F,CAP210_E8,0
2413a,SC422_8,0
PCIN77D,BJOX028000_10_3,0
DF1W-a.02,16936_2_21,0
41328-a.01,6952_V1_C20,0
vFP52.02,DU422_1,0
VRC33.01,MW965_26,0
T646-a.01,CNE21,0
40591-a.01,CNE19,0
PGT130,6952_V1_C20,0
0PV-a.01,0439_V5_C1,0
vFP1.01,REJO4541_67,0
GPZ6-a.01,CNE5,0
CH12,0260_V5_C36,0
PGT128,T251_18,0
PGT145,CAP174_1_06_F3_1B,0
CH02,B027_ENV08,0
V033-a.01,X2088_C9,0
PC39-23A,0013095_2_11,0
DH270 IA3,PVO_4,0
PCT64-35S,1054_07_TC4_1499,0
VRC23,7165_18,0
Bess4,3103_V3_C10,0
3BNC117,VRC607_14_00_H3,0
15e,0439_V5_C1,0
15e,CAP45_G3,0
PGT137,92RW009,0
ACS114,CE0682_E4,0
LJF-0142,231965_C1,0
2413c,BJOX010000_06_2,0
VRC26.33,TRJO4551_58,0
40591-a.01,231965_C1,0
2G12,SO405_T24_5,0
VRC26.25,ZA012_29,0
J044,BJOX002000_03_2,0
DH650.8,PVO_4,0
48d,AIIMS731_73105B,0
ACS130,703010217_B6,0
PCIN71I1a,89_F1_2_25,0
PG9,CAP255_2000_008WPI_4D,0
DH851.2,1006_11_C3_1601,0
2G12,BF1266_431A,0
447-52D,00836_2_5,0
0PV-b.01,WITO4160_33,0
N49P23,R3265_C6,0
DFPH-a.03,QH0515_1,0
VRC06,CAP45_G3,0
8ANC195,ZM215_8,0
VRC-PG04,6322_V4_C1,0
17b,CNE17,0
DH270min12,BJOX028000_10_3,0
VRC34-pI3,SS1196_1,0
b12,CNE3,0
VRC26.06,R2184_C4,0
PC39-55D,CNE8,0
VRC38.01,CNE31,0
Z13e1,ZM53_12,0
LJF-0109,CH038_12,0
A12V163-a.01,KNH1209_18,0
ACS101,231966_C2,0
A12V163-a.02,BL01,0
PGT128,CE0393_C3,0
3BNC117,VRC607_14_00_H5,0
DH851.2,Q23_17,0
PCIN71B,SS1196_1,0
VRC34.07,ZM106_9,0
A12V163-a.02,3016_V5_C45,0
vFP16.02,ZM55_28A,0
2G12,249M_B10,0
DH717.3,3016_V5_C45,0
HGN194,Q842_D12,0
F105,25925_2_22,0
Bess1,TRJO4551_58,0
PC39-50K,1006_11_C3_1601,0
2F5,CNE49,0
PCT64-35E,ZM214_15,0
PCIN66B,CE0682_E4,0
DJ85-b.01,T251_18,0
2F5,VLGC_B3,0
ACS202,3365_V2_C20,0
ACS114,ZM247_V1,0
DH270min1,BB539_2B13,0
PGT130,ZM109_4,0
2408b,A07412M1_VRC12,0
0PV-a.01,3468_V1_C12,0
N6LS.C15,TV1_29,0
VRC44.01,26191_2_48,0
VRC34.03,DU422_1,0
2F5,YBF39,0
VRC26.26,1054_07_TC4_1499,0
2G12,21502011_F12_E2,0
17b,WEAU_D15_410,0
PCDN-33A,REJO4541_67,0
2219,25710_2_43,0
ACS117,CNE17,0
0PV-a.01,T278_50,0
VRC07-523LS.v32,BL01,0
VRC38.03,BG1168_1,0
VRC44.01,Q259_17,0
VRC-PG04b,H086_8,0
PGT126,93RW029,0
ACS122,703010200_1E5,0
N49P22,9004SS_A3_4,0
DH851.2,CE1086_B2,0
2909,YU2,0
PCT64-18C,DH12,0
NC-Cow9,191955_A11,0
DH1317.4,0815_V3_C3,0
VRC01,DRVI01_0803_14,0
DFPH-a.15,UG021_16,0
44715-a.01,6480_V4_C25,0
VRC26.24,AC10_29,0
VRC26.27,BJOX010000_06_2,0
2408b,6535_3,0
DH851.1,263_8,0
vFP5.01,JRCSF,0
LJF-0087,CNE55,0
IOMA,7165_18,0
PCT64-35M,928_28,0
PGZL1_gVmDmJ,ZM247_V1,0
VRC44.02,N90_08A25,0
PC39-50J,TRJO4551_58,0
N49P22,ZM109_4,0
ACS101,RHPA4259_7,0
LJF-0085,3637_V5_C3,0
PCDN-27D,WITO4160_33,0
0PV-b.01,A03349M1_VRC4A,0
PGT151,CNE5,0
IOMA-HC-DDE,X2131_C1_B5,0
VRC38.01,16845_2_22,0
A12V163-a.02,Q769_D22,0
DF1W-a.02,6545_V4_C1,0
VRC34.01,HT593_1,0
VRC26.26,3168_V4_C10,0
ACS202,Q23_17,0
vFP20.01,CNE5,0
42056-b.01,3016_V5_C45,0
VRC44.01,CH181_12,0
VRC42.04,ZM106_9,0
2558,ZM249_1,0
A12V163-a.02,CAP210_E8,0
ACS125,ZM233_6,0
CH04,SS1196_1,0
IOMA-HC-DDE,R2184_C4,0
PCDN-27B,CAP210_E8,0
DH796.1,CH070_1,0
2C09,3168_V4_C10,0
VRC38.07,ZA012_29,0
PCT64-24A,ADA,0
DH270.6,BR07,0
PGT145,CAP136_1_16_E6_1,0
M1214_N2.2,T255_34,0
VRC03,A07412M1_VRC12,0
PC39-55D,191955_A11,0
HGN194,6240_08_TA5_4622,0
M1214_N1,0013095_2_11,0
M1214_N2,001428_2_42,0
2G12,HUB199_1,0
PGT153,TRJO4551_58,0
3BNC117,6540_V4_C1,0
PGT142,6101_1,0
IOMAmin5,246_F3_C10_2,0
PG9,B035_ENV05,0
0PV-c.01,16936_2_21,0
vFP49.02,KNH1209_18,0
48d,TH966_8,0
PGT128,3468_V1_C12,0
RHA1.V2.01,BAL_26,0
1393A,H029_12,0
VRC34-pI4,CNE59,0
VRC26.26,BL01,0
CH01,CNE40,0
vFP20.01,CNE7,0
DH796.1,286_36,0
VRC41.01,BG505_W6M_C2,0
NC-Cow4,CNE8,0
PCT64-24G,92BR020,0
b12,CAP69_1_12_TA7_1,0
DFPH-a.03,SS1196_1,0
916B2,QD435_100M_A4,0
DH1317.4,ZM214_15,0
PGT143,ZM246F,0
VRC26.19,QH0692_42,0
DJ85-b.01,MS208_A1,0
7H6,B006_ENV02,0
Z13e1,Q23_17,0
PGT137,JRCSF,0
916B2,QF495_23M_A1,0
vFP7.04,Q259_17,0
PCDN-33A,ZM135_10A,0
DFPH-a.15,CNE8,0
48d,P1981_C5_3,0
5695-b.01,X1632_S2_B10,0
3BC315,3817_V2_C59,0
VRC33.01,3016_V5_C45,0
DJ85-a.01,CNE20,0
PGT154,T251_18,0
4E9C,QH0692_42,0
1F7,VLGC_B3,0
A12V163-a.01,CH070_1,0
vFP5.01,A03349M1_VRC4A,0
DH270.1,CNE4,0
PC39-50G,C1080_C3,0
VRC44.02,6540_V4_C1,0
2408c.3,231965_C1,0
40591-a.01,ZM247_V1,0
PC39-50K,CNE30,0
VRC01i,TRO_11,0
PGZL1,6811_V7_C18,0
2F5,SHIV_CNE40_JB98_W29_17,0
NC-Cow1,CNE20,0
8ANC134,6785_V5_C14,0
4E10,B006_ENV02,0
VRC34.01_Combo1,REJO4541_67,0
NC-Cow7,CNE8,0
PGT142,Q461_E2,0
VRC-PG20,UG024_2,0
830A,25710_2_43,0
DF1W-a.02,25925_2_22,0
PCDN-22A,ZM135_10A,0
35O22,NAB13PRE_CL_9,0
3BC315,HXB2,0
PCT64-35M,ZA012_29,0
PC39-28A,KNH1144,0
PC39-28C,211_9,0
DH1317.4,556_F2_3_25,0
6070-a.01,CNE19,0
48d,CNE10,0
VRC26.26,RHPA4259_7,0
PC39-17A,ZM246F,0
vFP1.01,16055_2_3,0
b12,GZ187_10,0
2558,TRO_11,0
E51,6101_1,0
DH851.2,T250_4,0
vFP49.02,CH038_12,0
VRC26.13,Q769_D22,0
PC39-50E,SC422_8,0
2408b,CNE55,0
N49P7.2,6545_V4_C1,0
NC-Cow1,CAP210_E8,0
DH651.8,246_F3_C10_2,0
DFPH-a.03,DU123_06,0
VRC38.10,BG1168_1,0
DF1W-a.02,288_38,0
PG9,CNE56,0
DH796.1,JRCSF,0
HJ16,620345_C1,0
m66,TRO_11,0
10-1074,CE0682_E4,0
3BC315,BJOX028000_10_3,0
A12V163-b.01,WITO4160_33,0
HERH-b.01,DU123_06,0
VRC26.06,QH209_14M_A2,0
m66,CNE4,0
N49P22,62357_14_D3_4589,0
DH270min12,BJOX009000_02_4,0
PC39-55C,0013095_2_11,0
2G12,XJ180_16,0
PCT64-35M,3637_V5_C3,0
vFP52.02,CNE57,0
PG16,CNE1,0
2F5,R3265_C6,0
vFP48.02,CNE10,0
VRC26.25,BJOX025000_01_1,0
VRC26.13,RHPA4259_7,0
DH851.2,R3265_C6,0
CH12,Q23_17,0
42056-b.01,703010217_B6,0
DF1W-a.02,BJOX025000_01_1,0
AIIMS-P01,CAP210_E8,0
PGT135,NAB9PRE_CL_106,0
vFP52.02,0439_V5_C1,0
HK20,DJ263_8,0
N49P22,MS208_A1,0
1B2530,6631_V3_C10,0
PGT123,6545_V4_C1,0
2G12,CAP301_2_00_C3_20,0
PGT135,BJOX010000_06_2,0
VRC41.01,CNE55,0
PC39-55B,ZM135_10A,0
NC-Cow1,P1981_C5_3,0
VRC26.09,CNE3,0
DFPH-a.03,DU156_12,0
CH235.12,UG021_16,0
Ab1456,Q23_17,0
DH851.3,6811_V7_C18,0
PCIN71I1a,Q842_D12,0
1B2530,UG024_2,0
PG9,714909105_14,0
PC39-39A,HXB2,0
Bess1,703010200_1E5,0
2F5,P2059_B12,0
PCT64-35O,R2184_C4,0
3BNC117,SHIV_CNE40_JB98_W29_21,0
TRNM-e.01,C1080_C3,0
DF1W-a.01,YU2,0
VRC23,ZM233_6,0
VRC40.02,6405_V4_C34,0
SF5,CAP45_G3,0
V031-a.01,1006_11_C3_1601,0
PCT64-24A,DU156_12,0
VRC-PG20,UG021_16,0
2408b,7165_18,0
8ANC195,6545_V4_C1,0
VRC26.30,Q769_D22,0
PGT151,703010217_B6,0
VRC38.04,DU156_12,0
6561-a.01,246_F3_C10_2,0
N49P18.1,6952_V1_C20,0
VRC26.07,Q461_E2,0
PGDM12,C3347_C11,0
IOMAexFACEmin,T278_50,0
HJ16,AC10_29,0
vFP5.01,ZM106_9,0
VRC34-pI4,CH181_12,0
CH02,B012_ENV02,0
41328-a.01,9004SS_A3_4,0
PGT121,9372_BL_C3_3,0
917B11,YU2,0
Ab1461,DU422_1,0
NC-Cow6,25710_2_43,0
vFP7.05,25925_2_22,0
m66.6,3468_V1_C12,0
CH04,B021_ENV08,0
PC39-50G,X1632_S2_B10,0
VRC26.21,QH0692_42,0
Min12A21,Q842_D12,0
ACS202,T250_4,0
M1214_N2.2,CE1086_B2,0
VRC26.21,BG505_W6M_C2,0
PGDM11,T251_18,0
DF1W-a.02,92BR025_9,0
VRC26.20,C1080_C3,0
Z13e1,CNE58,0
PGT125,0013095_2_11,0
VRC26.26,CH119_10,0
PGT145,B015_ENV04,0
PCT64-24E,X2131_C1_B5,0
Min12A21,BJOX010000_06_2,0
VRC38.04,DJ263_8,0
b12,SC14_49,0
Bess4,WITO4160_33,0
A12V163-a.01,BJOX009000_02_4,0
DH1317.9,AC10_29,0
VRC-PG04b,CNE3,0
DH650.8,CE2060_G9,0
CH01,SF162,0
ACS117,704809221_1B3,0
PGT135,3817_V2_C59,0
VRC38.07,6540_V4_C1,0
447-52D,B009_ENV11,0
PGT145,92UG038,0
2408b,CH117_4,0
DJ85-d.01,001428_2_42,0
CH04,B025_ENV04,0
42056-b.01,249M_B10,0
ElsE2,6244_13_B5_4567,0
VRC42.I3,3365_V2_C20,0
VRC26.24,DU156_12,0
PGT142,6644_V2_C33,0
1-79,ZENV92_1008_8,0
EN02_05_B08,6535_3,0
V031-a.01,703010054_2A2,0
b12,B04,0
b12,BJ168_17,0
PGDM1400,CAP188_1_D1_14_REV,0
DF1W-a.01,ZM109_4,0
E51,MS208_A1,0
ACS114,BJOX025000_01_1,0
VRC26.25,X2088_C9,0
3BNC117,VRC607_10_14_D8,0
VRC34-UCA,H086_8,0
VRC26.06,BB539_2B13,0
VRC03,3718_3_11,0
VRC34-UCA,CNE7,0
35O22,ZM135_10A,0
F105,CNE19,0
2408b,263_8,0
EN02_05_B08,92BR025_9,0
PGT121,6631_V3_C10,0
vFP52.02,ZM215_8,0
6070-a.01,BJOX015000_11_5,0
PC39-55D,BJOX010000_06_2,0
ACS125,6811_V7_C18,0
ElsE1,703010054_2A2,0
b13,JRCSF,0
PGT135,Q259_17,0
12A12,191955_A11,0
DH270min12,269_12,0
VRC42.N1,BB539_2B13,0
vFP5.01,TV1_29,0
TRNM-a.01,PVO_4,0
GPZ6-a.01,PVO_4,0
b13,T278_50,0
1B2530,CAP45_G3,0
VRC26.27,6644_V2_C33,0
0PV-a.01,Q259_17,0
EN02_04_A06,211_9,0
VRC26.06,C1080_C3,0
VRC24,RHPA4259_7,0
CH12,A03349M1_VRC4A,0
VRC44.01,Q461_E2,0
CH103,KER2008_12,0
VRC34.05,MN_3,0
IOMA,ZM55_28A,0
vFP1.01,X2131_C1_B5,0
DH270min12,T278_50,0
vFP7.04,REJO4541_67,0
PCIN77C,SS1196_1,0
PGT135,CM244_EC1,0
vFP52.02,RHPA4259_7,0
vFP5.01,SS1196_1,0
PGT128,NAB13PRE_CL_9,0
CAP257-RH1,BJOX009000_02_4,0
vFP5.01,X1632_S2_B10,0
HJ16,6480_V4_C25,0
PGZL1_gVmDmJ,0330_V4_C3,0
DH650.8,1006_11_C3_1601,0
PCDN-22A,QH0692_42,0
PCT64-24F,928_28,0
VRC26.26,CE2010_F5,0
VRC46.01,6101_1,0
vFP48.02,ZM135_10A,0
PGT135,263_8,0
VRC38.01,ZM233_6,0
PGT125,CNE58,0
PCDN-27D,CAP210_E8,0
PG9,714909105_7,0
PGT125,T257_31,0
b12,BC07,0
HJ16,ZM233_6,0
EN02_05_B08,MN_3,0
DH1317.4,V704_1706_050SN,0
42056-a.01,703010054_2A2,0
VRC33.01,BJOX025000_01_1,0
PGT128,SHIV_CNE40_JD14_W29_3,0
2413a,BS208_B1,0
vFP20.01,DU422_1,0
3BNC117,6322_V4_C1,0
DH272,X1632_S2_B10,0
LJF-0034,246_F3_C10_2,0
VRC38.01,269_12,0
DJ85-a.01,A03349M1_VRC4A,0
CAP257-RH1,ZM106_9,0
48d,928_28,0
vFP7.05,UG024_2,0
HmAb64,191821_E6_1,0
PC39-61A,CNE8,0
35O22,SHIV_CNE40_JB98_W29_21,0
PCT64-35K,YU2,0
DH1317.4,25710_2_43,0
VRC44.01,CNE21,0
DH270min11,R3265_C6,0
VRC41.01,TH966_8,0
40591-a.01,ZM246F,0
NC-Cow6,CNE8,0
PCT64-35M,00836_2_5,0
VRC38.01,CNE57,0
PGT152,BJOX025000_01_1,0
A12V163-b.01,928_28,0
PCT64-35O,6244_13_B5_4567,0
RHA1.V2.01,BB539_2B13,0
PG9,SF162,0
VRC01 UCA,KO426_T78_10,0
VRC44.02,CNE8,0
PGT153,231966_C2,0
Bess1,CE0393_C3,0
VRC34.01,0013095_2_11,0
916B2,DU422_1,0
VRC42.05,KER2018_11,0
N49P19,703010054_2A2,0
PGT121,5257_BL_A3_2,0
PCT64-35G,WEAU_D15_410,0
DF1W-a.02,3817_V2_C59,0
17b,ZM214_15,0
VRC26.25,UG021_16,0
IOMA,6405_V4_C34,0
2C06,HXB2,0
DH1317.9,CAP200_B8A,0
vFP7.05,X2131_C1_B5,0
DH1317.4,CE0665_F2,0
VRC-PG04b,620345_C1,0
0PV-b.01,0439_V5_C1,0
m66,00836_2_5,0
HJ16,B027_ENV08,0
2F5,3301_V2_C6,0
ACS125,PVO_4,0
ElsE1,ZM247_V1,0
A12V163-a.01,ADA,0
GPZ6-a.01,0260_V5_C36,0
PCT64-24G,89_6,0
A16,DU422_1,0
DJ85-c.01,Q461_E2,0
VRC44.01,6405_V4_C34,0
1B2530,DJ263_8,0
PGT124,9004SS_A3_4,0
PC39-50G,0330_V4_C3,0
DH270min12,MW965_26,0
DH851.3,Q461_E2,0
447-52D,Q23_17,0
PGT127,REJO4541_67,0
DF1W-a.02,620345_C1,0
PGT121,C1080_C3,0
DFPH-a.01,CNE59,0
PG9,93UG077,0
HJ16,3337_V2_C6,0
DH270.5,Q259_17,0
CH02,TRO_11,0
T646-a.01,703010217_B6,0
M1214_N2.2,X1193_C1,0
PC39-55B,CAP210_E8,0
A12V163-a.01,ZA012_29,0
2F5,P1655_C8_B5,0
Y498,RHPA4259_7,0
b13,3718_3_11,0
PC39-39B,ZM109_4,0
PC39-17A,CE0393_C3,0
PCDN-38B,T251_18,0
PCT64-24H,PVO_4,0
vFP7.05,BG1168_1,0
2F5,BF1266_431A,0
vFP7.04,T257_31,0
15e,T278_50,0
PCT64-35M,703010200_1E5,0
VRC07d,BJOX002000_03_2,0
SF5,0260_V5_C36,0
DH270.1,H086_8,0
4E10,20355851_20,0
10-1074,9372_BL_E7_1,0
2F5,21261106_C12_H2,0
DFPH-a.03,CNE12,0
DH650.8,C3347_C11,0
DH270 IA4,6540_V4_C1,0
A12V163-a.02,UG021_16,0
3BC315,DU172_17,0
PGT155,231966_C2,0
PC39-61A,6545_V4_C1,0
PC39-17B,SS1196_1,0
N49P22,6540_V4_C1,0
VRC26.03,25711_2_4,0
IOMAmin5,T250_4,0
HGN194,T251_18,0
6070-a.01,CNE55,0
vFP1.01,WITO4160_33,0
HmAb64,PVO_4,0
2F5,703010217_B6,0
0PV-b.01,SS1196_1,0
VRC34.05,ADA,0
PC39-28E,ZM53_12,0
HJ16,JRCSF,0
VRC-PG05,X1193_C1,0
2408b,CNE12,0
PCT64-18D,T278_50,0
DFPH-a.01,191821_E6_1,0
A12V163-a.01,BJOX028000_10_3,0
PGT142,ZM109_4,0
447-52D,BB201_B42,0
F105,92TH021,0
40591-a.01,CE2010_F5,0
vFP7.04,92BR025_9,0
vFP7.04,BAL_26,0
LJF-0109,16845_2_22,0
44715-a.01,1012_11_TC21_3257,0
179NC75,QH209_14M_A2,0
2723-3131,246_F3_C10_2,0
2413b,620345_C1,0
VRC34-UCA,7165_18,0
CH01,CH038_12,0
PC39-50C,YU2,0
0PV-c.01,CNE3,0
A16,CNE59,0
BF520.1,Q769_B9_PNS79D,0
VRC34-UCA,0260_V5_C36,0
VRC-PG05,9004SS_A3_4,0
2G12,BJYA119_6,0
N49P22,CNE30,0
GPZ6-a.01,6535_3,0
CAP257-RH1,CNE4,0
2413b,DU156_12,0
DH1317.9,TRO_11,0
DF1W-a.02,KO426_T78_10,0
DH851.1,3365_V2_C20,0
PC39-23B,SC422_8,0
1B2530,KER2008_12,0
DH851.4,CH848_0000_TF,0
ACS117,CE1172_H1,0
2G12,X558_8_B12_6,0
PC39-17A,263_8,0
2408b,620345_C1,0
PGDM1400,1HD4K_W4_062316PL3_B9_S29,0
CH235,CNE4,0
GPZ6-b.01,BJOX028000_10_3,0
E51,6471_V1_C16,0
17b,231965_C1,0
3BC315,T255_34,0
V033-a.01,QH209_14M_A2,0
PC39-28C,1054_07_TC4_1499,0
vFP48.02,3016_V5_C45,0
VRC26.21,6405_V4_C34,0
ACS130,CNE58,0
VRC44.02,ZM233_6,0
RHA1.V2.01,6631_V3_C10,0
PCDN-22C,TRO_11,0
2158,RHPA4259_7,0
2219,H029_12,0
VRC01-0fH/0fL,DU422_1,0
179NC75,89_6,0
PGDM1400,1HC1_D0_070516_F10_S90,0
ACS125,RHPA4259_7,0
vFP7.05,001428_2_42,0
VRC34.01_Combo1,C3347_C11,0
PGT135,89_6,0
HERH-c.01,X2088_C9,0
ACS202,MI369_A5,0
LJF-0142,CH119_10,0
VRC34-UCA,CH070_1,0
2G12,CAP174_1_06_F3_1B,0
VRC38.03,ZA012_29,0
VRC43.01,T251_18,0
Y498,25710_2_43,0
PC39-28E,T255_34,0
4E9C,ZM214_15,0
PCDN-33A,Q461_E2,0
PC39-50J,SC422_8,0
3BC315,26191_2_48,0
RHA1.V2.01,3337_V2_C6,0
VRC38.02,CNE58,0
2F5,GX75_20,0
b12,CAP220_2_00_A8_5B,0
VRC34.01,3016_V5_C45,0
T646-a.01,ZM109_4,0
LJF-0097,Q769_D22,0
10E8 IgG mutant 5,191955_A11,0
VRC26.24,SC422_8,0
VRC-PG04,X2088_C9,0
PC39-50E,ZM249_1,0
DH851.3,PVO_4,0
VRC38.08,X1632_S2_B10,0
VRC38.01,6322_V4_C1,0
ACS101,BF1266_431A,0
0PV-a.01,16055_2_3,0
E51,CNE31,0
m66,DU172_17,0
447-52D,CNE55,0
M4008_N1,ZM247_V1,0
ACS114,TRJO4551_58,0
2413c,KER2008_12,0
PG16,ZM135_10A,0
PGDM12,89_F1_2_25,0
IOMAmin5,DU172_17,0
10-1074,2305_V7_G2_2,0
VRC06b,CE1086_B2,0
1393A,TH023_6,0
DH796.1,YU2,0
b12,3337_V2_C6,0
VRC26.06,16936_2_21,0
LJF-0085,16845_2_22,0
vFP7.04,X1193_C1,0
2408b,T251_18,0
PG9,703010200_1E5,0
DH270.5,CNE55,0
PC39-61A,CNE20,0
VRC26.02,C1080_C3,0
DH270min12,6545_V4_C1,0
VRC26.08,AC10_29,0
vFP52.02,CH038_12,0
3BC315,KNH1209_18,0
0PV-a.01,CNE7,0
VRC26.26,CNE10,0
44715-a.01,1006_11_C3_1601,0
CAP257-RH1,CNE3,0
2219,JRCSF,0
48d,CH181_12,0
VRC24,TV1_29,0
3BNC117,VRC607_6_00_G5,0
PC39-28B,ZM135_10A,0
M1214_N2.2,0815_V3_C3,0
VRC06g,703010217_B6,0
2408c.3,286_36,0
DH270.6,6545_V4_C1,0
V033-a.01,6471_V1_C16,0
M1214_N1.2,0013095_2_11,0
ACS122,6545_V4_C1,0
PCT64-18F,KNH1144,0
VRC-PG04b,928_28,0
ACS130,T250_4,0
4E10,X2088_C9,0
NC-Cow9,CNE8,0
HJ16,231965_C1,0
VRC06,UG024_2,0
VRC26.05,WITO4160_33,0
DH851.3,3817_V2_C59,0
10-1074,B009_ENV07,0
VRC26.26,6535_3,0
VRC06b,89_F1_2_25,0
vFP20.01,T278_50,0
VRC42.02,6631_V3_C10,0
RHA1.V2.01,CNE10,0
DF1W-a.02,ZM109_4,0
DJ85-b.01,DU422_1,0
A12V163-a.02,CNE8,0
PCT64-24H,DU172_17,0
DH270min1,H086_8,0
PG9,B002_ENV03,0
2413c,ZM233_6,0
10-1074,2990_V7_F7_2,0
DFPH-a.03,3016_V5_C45,0
VRC26.01,3589_V1_C4,0
VRC06,CNE59,0
vFP52.02,DJ263_8,0
VRC38.01,DJ263_8,0
PGT127,CE2060_G9,0
2411a,CAP45_G3,0
PGT152,BJOX009000_02_4,0
vFP16.02,CH070_1,0
DF1W-a.02,C4118_9,0
2G12,SC20_15,0
PCIN71L,231965_C1,0
b12,3545883_G1_E1,0
HJ16,X1193_C1,0
DF1W-a.01,ADA,0
HmAb64,DU422_1,0
DH796.1,6545_V4_C1,0
PGDM1400,693_7989_V9_A8_1_REBOUND,0
0PV-c.01,3168_V4_C10,0
DH270 IA4,DJ263_8,0
PC39-28C,928_28,0
J038,Q769_D22,0
0PV-c.01,A07412M1_VRC12,0
LJF-0142,KNH1144,0
PCT64-35M,6405_V4_C34,0
PCT64-24E,6240_08_TA5_4622,0
PCT64-35D,CE1172_H1,0
EN02_05_B08,25925_2_22,0
PC39-23D,BJOX010000_06_2,0
10-1074,CH117_4,0
DH270 IA2,CNE58,0
ACS125,231966_C2,0
DH270.1,CNE5,0
PC39-61B,231965_C1,0
m66,Q259_17,0
PGT125,R3265_C6,0
DH270 IA4,C1080_C3,0
PC39-17A,X2088_C9,0
PC39-23B,CAP210_E8,0
447-52D,R3265_C6,0
PCIN71F,6535_3,0
VRC26.20,RHPA4259_7,0
IOMAmin3,6535_3,0
DH270.5,QH209_14M_A2,0
vFP7.04,25925_2_22,0
5695-b.01,6535_3,0
2G12,98CN006,0
PGT121,8074_BL_F6_2,0
CAP228-19F,CAP228_2_00_51J,0
2219,B011_ENV04,0
PGDM1400,CAP40_2_01_A3_5,0
PCT64-35G,ADA,0
PGC14,APV_13,0
vFP52.02,SC422_8,0
DF1W-a.02,MI369_A5,0
PC39-50G,A07412M1_VRC12,0
GPZ6-a.01,BJOX028000_10_3,0
CH04,QH0692_42,0
42056-b.01,CNE53,0
vFP5.01,DU422_1,0
J029,16936_2_21,0
ACS125,6535_3,0
DRVIA7,BL01,0
8ANC131,DU172_17,0
VRC46.01,CH070_1,0
4E10,98_V3_C5,0
DH851.2,ZM53_12,0
PCT64-35B,1006_11_C3_1601,0
VRC46.01,16936_2_21,0
CH02,ZM214_15,0
PGT121,6775_V7_D6_3,0
DH1317.4,H035_18,0
1B2530,ZM135_10A,0
PCT64-18D,211_9,0
IOMAexFACEmin,6535_3,0
A12V163-a.01,7165_18,0
VRC42.I3,3468_V1_C12,0
35O22,X2131_C1_B5,0
PGT121,6292_V7_A11_1,0
VRC34-UCA,0077_V1_C16,0
VRC46.01,CM244_EC1,0
LJF-0142,3468_V1_C12,0
PCT64-24A,MN_3,0
b12,CAP306_2_00_F9_1,0
PGT121,6775_V7_D3_3,0
m66.6,REJO4541_67,0
PGT121,MN_3,0
PGDM31,92TH021,0
PC39-61B,X1632_S2_B10,0
10-996,CE2060_G9,0
CAP257-RH1,DU156_12,0
b12,704010083_B8,0
ACS114,CNE21,0
VRC44.01,C3347_C11,0
PCT64-24B,SS1196_1,0
PC39-55C,CNE19,0
VRC26.25,TRO_11,0
2G12,3603_C11_13,0
vFP1.01,3168_V4_C10,0
GPZ6-a.01,T250_4,0
VRC-PG20,0013095_2_11,0
1B2530,BJOX009000_02_4,0
CH58,Q23_17,0
DH717.3,Q23_17,0
DF1W-a.01,C3347_C11,0
48d,Q259_17,0
b12,HUB199_1,0
48d,CNE19,0
CAP228-16H,TH023_6,0
PGDM21,CNE58,0
Ab1415,25710_2_43,0
VRC26.06,X1193_C1,0
1361,CAP210_E8,0
VRC26.30,TRJO4551_58,0
48d,BJOX025000_01_1,0
M4008_N1,0013095_2_11,0
5695-b.01,CH119_10,0
PCIN66B,BJOX015000_11_5,0
N6LS.C35,6545_V4_C1,0
F105,288_38,0
PCT64-18D,RHPA4259_7,0
48d,3817_V2_C59,0
DH270min11,REJO4541_67,0
bNAb2101,TV1_29,0
VRC-PG05,RHPA4259_7,0
2G12,6540_V4_C1,0
vFP53.02,KNH1209_18,0
ACS101,CAP210_E8,0
DFPH-a.15,3337_V2_C6,0
PGT130,B008_ENV05,0
IOMA,BL01,0
Bess4,BJOX010000_06_2,0
VRC34.05,001428_2_42,0
2F5,B005018_8_F6_3,0
m66.6,288_38,0
VRC34-UCA,C3347_C11,0
PC39-17A,6952_V1_C20,0
PGT127,703010054_2A2,0
2F5,B035_ENV05,0
DH1317.9,705010185_TF,0
PC39-50I,Q769_D22,0
PC39-61A,6811_V7_C18,0
DFPH-a.01,BJOX009000_02_4,0
IOMA-HC-DDE,703010054_2A2,0
VRC46.01,6535_3,0
DH270min12,BB539_2B13,0
6561-a.01,620345_C1,0
2G12,6322_V4_C1,0
DH1317.4,ZM215_8,0
ACS114,3817_V2_C59,0
vFP53.02,CNE55,0
17b,9021_14_B2_4571,0
CH12,ZM109_4,0
S98,HXB2,0
2G12,CAP382_2_00_D7_19,0
vFP7.04,DU151_02,0
A12V163-a.02,0013095_2_11,0
PCT64-35O,703010200_1E5,0
DJ85-c.01,T257_31,0
PCIN66B,6540_V4_C1,0
10-1074,693_2215_V9_A6_1_REBOUND,0
VRC34.05,Q769_D22,0
DH270min1,CNE3,0
HmAb64,CNE8,0
PCT64-35M,PVO_4,0
DH796.1,CNE55,0
VRC-PG05,254006_P00RA_1,0
DH796.1,T251_18,0
12A21,191821_E6_1,0
2413a,286_36,0
IOMA-HC-DDE,231965_C1,0
N49P23,249M_B10,0
VRC44.02,25925_2_22,0
42056-b.01,1012_11_TC21_3257,0
M1214_N2.2,TRJO4551_58,0
Z13e1,BL01,0
vFP7.04,DU422_1,0
b13,BG1168_1,0
M1214_N2.2,0013095_2_11,0
VRC44.01,ZM214_15,0
0PV-a.01,3337_V2_C6,0
2G12,BJ176_1,0
VRC41.01,UG024_2,0
J029,X1632_S2_B10,0
vFP7.04,Q842_D12,0
DH270min12,ZM215_8,0
916B2,QH359_21M_C1,0
ElsE1,3103_V3_C10,0
vFP48.02,25711_2_4,0
VRC43.01,BB201_B42,0
10-1074,6292_V7_B9_2,0
VRC38.11,YU2,0
IOMA,6471_V1_C16,0
DH1317.4,ZM135_10A,0
PCDN-27B,KNH1144,0
DH1317.9,R2184_C4,0
DH851.1,703010054_2A2,0
0PV-b.01,6631_V3_C10,0
VRC34.05,3589_V1_C4,0
VRC26.21,CM244_EC1,0
40591-a.01,Q842_D12,0
HmAb64,CM244_EC1,0
2413b,AC10_29,0
b12,VI1090,0
PCIN77C,6535_3,0
DJ85-c.01,CNE5,0
DH851.2,DU156_12,0
DFPH-a.03,DU151_02,0
VRC34.01,CH038_12,0
PGT123,X1632_S2_B10,0
vFP1.01,CH119_10,0
2723-2121,ZA012_29,0
17b,BJOX028000_10_3,0
PGT145,1811_B3_23,0
PC39-50J,KNH1144,0
PCT64-35I,89_6,0
Bess1,X2131_C1_B5,0
4025,SS1196_1,0
PCT64-35B,CNE30,0
48d,X1193_C1,0
1B2530,288_38,0
DF1W-a.01,DU156_12,0
VRC34-pI3,AC10_29,0
PCDN-27A,ADA,0
vFP7.05,CNE14,0
CH235,CH117_4,0
VRC34-pI2',CNE19,0
EN02_01_D03,620345_C1,0
VRC01c,BJOX002000_03_2,0
VRC34-pI3,BJOX025000_01_1,0
vFP53.02,25925_2_22,0
PGT143,1006_11_C3_1601,0
PCDN-38B,ZM249_1,0
Z13e1,ZM249_1,0
b13,QH0692_42,0
A16,CH120_6,0
179NC75,620345_C1,0
ACS202,DU123_06,0
PGT145,CA146_H3_3,0
LJF-0097,620345_C1,0
PC39-23A,T251_18,0
VRC26.06,P1981_C5_3,0
VRC38.01,BB539_2B13,0
PCT64-24F,T278_50,0
Ab1271,DU422_1,0
DH796.1,DU156_12,0
PGDM1400,CA327_D2_2,0
PGT152,263_8,0
VRC34.05,CNE20,0
PCDN-22A,94UG103,0
vFP7.04,CM244_EC1,0
E51,Q23_17,0
VRC42.I3,T257_31,0
VRC46.01,DU151_02,0
VRC42.I3,25711_2_4,0
PCT64-24F,89_F1_2_25,0
DFPH-a.03,6785_V5_C14,0
2G12,ZM233_6,0
5695-b.01,CNE55,0
PC39-28C,C4118_9,0
PC39-50L,249M_B10,0
VRC33.01,TRO_11,0
2413a,X2131_C1_B5,0
PCT64-35M,BJOX015000_11_5,0
2F5,TRO_11,0
VRC26.31,DU172_17,0
vFP16.02,A07412M1_VRC12,0
2F5,25925_2_22,0
1361,25710_2_43,0
PGT145,CNE4,0
VRC23,6471_V1_C16,0
42056-a.01,A07412M1_VRC12,0
DH270.1,263_8,0
HmAb64,246_F3_C10_2,0
PC39-45B,MN_3,0
0PV-a.01,ADA,0
PC39-55C,0330_V4_C3,0
ACS125,3016_V5_C45,0
VRC26.01,HT593_1,0
PGZL1_gVmDmJ,AC10_29,0
PCDN-16B,REJO4541_67,0
6561-a.01,MW965_26,0
VRC43.01,0077_V1_C16,0
Z13e1,249M_B10,0
2413b,6405_V4_C34,0
VRC34.01_mm28,6785_V5_C14,0
DH1317.4,ZM249_1,0
VRC01,H086_8,0
E51,6785_V5_C14,0
2G12,ZM55_28A,0
VRC33.01,JRCSF,0
TRNM-f.01,ZM135_10A,0
VRC41.01,BB539_2B13,0
M1214_N2.2,T250_4,0
PCT64-35B,62357_14_D3_4589,0
PGT128,B030_ENV09,0
2408c.3,T257_31,0
2408c.3,KER2008_12,0
0PV-c.01,CNE7,0
10-996,BJOX009000_02_4,0
0PV-c.01,16055_2_3,0
VRC34.01,X2131_C1_B5,0
DJ85-b.01,00836_2_5,0
CH01,6811_V7_C18,0
EN02_05_B08,TRJO4551_58,0
ACS101,C1080_C3,0
VRC26.06,SS1196_1,0
Bess4,6240_08_TA5_4622,0
8ANC195,249M_B10,0
PCIN66B,SF162,0
VRC23b,ZM53_12,0
2G12,YBF39,0
vFP1.01,QH0515_1,0
VRC33.01,CNE3,0
HERH-a.01,6405_V4_C34,0
CH02,703010200_1E5,0
E51,QH209_14M_A2,0
DH796.1,CNE5,0
VRC26.27,SS1196_1,0
VRC26.26,SS1196_1,0
HERH-b.01,3016_V5_C45,0
V033-a.01,0260_V5_C36,0
CH235,6545_V4_C1,0
PCDN-22C,DU422_1,0
2G12,CNE107,0
DH272,BG1168_1,0
GPZ6-b.01,001428_2_42,0
LJF-0024,TRO_11,0
447-52D,3337_V2_C6,0
VRC08,BL01,0
17b,QH0692_42,0
PC39-28C,703010054_2A2,0
PCT64-18F,6535_3,0
IOMAmin3,62357_14_D3_4589,0
6561-a.01,MS208_A1,0
m66,DU123_06,0
VRC34.01,TRO_11,0
0PV-c.01,BAL_26,0
F105,CH117_4,0
DH717.3,TH023_6,0
447-52D,H078_14,0
PC39-50L,ZM233_6,0
CH02,P1981_C5_3,0
CH103,BJOX010000_06_2,0
40591-a.01,CE1172_H1,0
PC39-23A,6540_V4_C1,0
CAP257-RH1,TH966_8,0
PC39-17A,KNH1144,0
PGT145,0933_V4_C4,0
DH796.1,TRJO4551_58,0
2F5,DU151_02,0
17b,269_12,0
E70,QH0515_1,0
PCIN71L,CE1086_B2,0
PGT121,2969249,0
DRVIA7,X2088_C9,0
CH12,3637_V5_C3,0
T646-a.01,001428_2_42,0
Bess1,BJOX009000_02_4,0
CH235.12,92BR025_9,0
Ab1368,CNE55,0
447-52D,B037_ENV02,0
ACS101,706010164_1A7,0
E51,0077_V1_C16,0
VRC34.05,25710_2_43,0
vFP49.02,BJOX028000_10_3,0
DH270.1,BR07,0
PCT64-24B,ZM214_15,0
ACS117,P1981_C5_3,0
vFP49.02,CNE56,0
PCT64-35F,YU2,0
M1214_N2.2,CNE21,0
RHA10.01,6480_V4_C25,0
PGT151,BF1266_431A,0
35O22,N90_08A19,0
vFP48.02,WITO4160_33,0
PGT121,9372_V7_F1_2,0
PC39-50L,CNE8,0
ACS125,T278_50,0
VRC01.23LS,T278_50,0
DJ85-a.01,6471_V1_C16,0
2F5,CNE21,0
DH1317.4,CE2052_G10,0
ACS117,CE0682_E4,0
PGT121,9372_V7_E10_3,0
VRC06,6540_V4_C1,0
A12V163-a.02,REJO4541_67,0
PCT64-18D,CE1172_H1,0
3BNC117,VRC607_15_00_J15,0
VRC26.11,Q461_E2,0
PCDN-22C,DH12,0
VRC26.03,BJOX028000_10_3,0
0PV-a.01,620345_C1,0
PGT135,703010054_2A2,0
2G12,CAP258_2_00_X_23,0
A12V163-b.01,CNE31,0
Z13e1,16055_2_3,0
10-1074,1536_V15_A12_4,0
VRC34.05,BJOX010000_06_2,0
VRC26.22,DU172_17,0
VRC26.32,KER2008_12,0
N6LS.C15,H086_8,0
HJ16,3817_V2_C59,0
3BNC117,VRC607_4_00_B11,0
VRC26.13,TRJO4551_58,0
ACS125,Q769_D22,0
DH796.1,928_28,0
8ANC195,ZM135_10A,0
PGT130,CE0682_E4,0
IOMAmin3,CAP210_E8,0
VRC34-UCA,CH117_4,0
2G12,CAP304_2_00_F6_6,0
VRC03,6322_V4_C1,0
DF1W-a.02,CNE5,0
1357,SS1196_1,0
CAP257-RH1,UG024_2,0
42056-b.01,DU422_1,0
VRC26.05,KER2008_12,0
LJF-0109,Q23_17,0
vFP53.02,C3347_C11,0
F105,JRCSF,0
J038,16845_2_22,0
VRC-PG05,3637_V5_C3,0
GPZ6-a.01,3016_V5_C45,0
PC39-55D,928_28,0
PG9,VA40774,0
F105,KO426_T78_10,0
35O22,ZM214_15,0
40591-a.01,0260_V5_C36,0
PGC14,VLGC_A1,0
8ANC195,00836_2_5,0
VRC26.33,6405_V4_C34,0
DH270 IA4,PVO_4,0
6561-a.01,Q842_D12,0
42056-b.01,Q259_17,0
VRC34.06,TRO_11,0
Min12A21,BF1266_431A,0
DH851.2,928_28,0
PGT154,X1632_S2_B10,0
PCIN71B,92TH021,0
PC39-50K,263_8,0
VRC34.01,REJO4541_67,0
CH02,Q461_E2,0
6561-a.01,CH119_10,0
Ab1368,BJOX002000_03_2,0
6070-a.01,704809221_1B3,0
VRC34.01_mm28,288_38,0
PCT64-35D,001428_2_42,0
PC39-50I,89_F1_2_25,0
PGT143,T278_50,0
CH98,6240_08_TA5_4622,0
b13,WITO4160_33,0
BF520.1,CNE55,0
Bess1,R3265_C6,0
IOMA-HC-DDE,6952_V1_C20,0
VRC44.01,AC10_29,0
2G12,304_F2_1_11,0
HERH-a.01,UG021_16,0
2413b,TH966_8,0
PCDN-33A,X2088_C9,0
PCDN-27A,89_6,0
VRC42.I3,3637_V5_C3,0
830A,ZM214_15,0
DH270 UCA,DU172_17,0
VRC34-pI3,CNE10,0
vFP49.02,CNE31,0
2558,PVO_4,0
8ANC131,25711_2_4,0
b12,CAP188_1_D1_14_REV,0
M4008_N1,BJOX010000_06_2,0
PGT121,BS208_B1,0
VRC24,BG1168_1,0
PGDM21,89_F1_2_25,0
A12V163-a.01,QH209_14M_A2,0
m66.6,CH117_4,0
DFPH-a.15,6785_V5_C14,0
CH04,B028_ENV06,0
CH58,MN_3,0
PCIN71G,ZM247_V1,0
PCT64-35G,89_6,0
E51,CH070_1,0
48d,TH023_6,0
6561-a.01,CNE30,0
VRC26.06,Q842_D12,0
0PV-c.01,CNE56,0
15e,9021_14_B2_4571,0
44715-a.01,X1193_C1,0
ElsE1,X1193_C1,0
DH272,DU156_12,0
VRC42.05,Q23_17,0
PC39-61B,CNE30,0
2411a,CNE5,0
PCIN71F,ZM249_1,0
6561-a.01,ZM214_15,0
IOMA-HC-DDE,CNE58,0
VRC07-523LS.v11,6545_V4_C1,0
2G12,346_F4_D2_12,0
VRC06b,H086_8,0
DH1317.9,703010131_1E2,0
VRC-CH32,TV1_29,0
PCDN-38A,P1981_C5_3,0
PC39-50G,Q259_17,0
PGT125,BF1266_431A,0
VRC-PG04,3016_V5_C45,0
ACS202,AC10_29,0
1-79,25925_2_22,0
DH851.2,CAP45_G3,0
vFP48.02,C1080_C3,0
DF1W-a.01,ZM214_15,0
M1214_N2.2,DU422_1,0
vFP52.02,6322_V4_C1,0
3BC315,CH119_10,0
ACS130,T251_18,0
0PV-c.01,CNE12,0
PC39-23A,BJOX015000_11_5,0
LJF-0142,BG505_W6M_C2,0
vFP7.05,Q461_E2,0
PCT64-24B,TRJO4551_58,0
VRC34.01,CNE59,0
17b,T252_7,0
2F5,26191_2_48,0
VRC26.05,SC422_8,0
6561-a.01,3468_V1_C12,0
m66.6,QH0692_42,0
17b,SC422_8,0
2408c.3,CNE56,0
DFPH-a.15,DU151_02,0
VRC38.03,ZM106_9,0
PCDN-38A,CAP45_G3,0
VRC42.04,TRJO4551_58,0
1B2530,DU123_06,0
DH796.1,569_F1_37_10,0
CH235.12,7165_18,0
PGT142,94UG103,0
PCT64-35O,X1193_C1,0
CH235,YU2,0
DH270min12,CNE59,0
2413a,QH209_14M_A2,0
VRC-PG04,T278_50,0
vFP48.02,6471_V1_C16,0
0PV-c.01,0330_V4_C3,0
GPZ6-b.01,R3265_C6,0
0PV-a.01,6471_V1_C16,0
PGDM1400,1HD8K_W4_070116PL4_F7_S89,0
A12V163-b.01,CH117_4,0
PGT128,Q259_17,0
ACS114,DU156_12,0
ElsE1,6811_V7_C18,0
2219,B025_ENV04,0
vFP48.02,0439_V5_C1,0
vFP5.01,6545_V4_C1,0
PC39-23A,263_8,0
IOMAexFACEmin,T257_31,0
VRC-PG20,ZM233_6,0
ACS101,X2131_C1_B5,0
17b,DU151_02,0
VRC26.11,Q769_D22,0
HERH-a.01,6471_V1_C16,0
42056-a.01,WITO4160_33,0
NC-Cow3,246_F3_C10_2,0
DH1317.9,C1080_C3,0
48d,DU123_06,0
CH12,T257_31,0
VRC38.11,X1632_S2_B10,0
697-D,ZM249_1,0
M4008_N1,263_8,0
N6LS.C49,620345_C1,0
DF1W-a.02,CNE12,0
12A21,SS1196_1,0
DH270 UCA,C1080_C3,0
VRC26.14,TRJO4551_58,0
35O22,CNE56,0
PC39-28C,89_F1_2_25,0
J031,703010217_B6,0
EN02_05_B08,25711_2_4,0
48d,CNE55,0
0PV-c.01,263_8,0
vFP52.02,ZA012_29,0
b12,Q259_W6,0
HJ16,CNE10,0
2411a,928_28,0
vFP16.02,X2131_C1_B5,0
ACS101,BJOX025000_01_1,0
DF1W-a.02,M02138,0
PGT121,CE2052_G10,0
2G12,CA146_H3_3,0
10-996,C3347_C11,0
VRC33.01,PVO_4,0
DH270min12,620345_C1,0
IOMAmin3,6952_V1_C20,0
vFP20.01,3637_V5_C3,0
vFP49.02,BAL_26,0
CH12,ADA,0
VRC26.01,269_12,0
TRNM-a.01,CNE55,0
CH44,CE0393_C3,0
N49P22,X2131_C1_B5,0
VRC01-0fH/0fL,6101_1,0
SF5,6480_V4_C25,0
PCDN-27B,ZM214_15,0
VRC44.01,BB201_B42,0
PGT143,62357_14_D3_4589,0
DH650.8,263_8,0
2G12,0933_V4_C4,0
PCT64-35O,DH12,0
PC39-61B,0330_V4_C3,0
VRC26.24,Q23_17,0
VRC34-UCA,KER2008_12,0
CH03,B011_ENV04,0
PGZL1_gVmDmJ,PVO_4,0
CAP257-RH1,6095_V1_C10,0
IOMA-HC-DDE,ZM135_10A,0
ACS202,CNE10,0
V031-a.01,CE1086_B2,0
VRC26.01,263_8,0
vFP20.01,BJOX010000_06_2,0
CH02,CE2010_F5,0
RHA10.04,191955_A11,0
DFPH-a.01,HT593_1,0
PCDN-38A,Q461_E2,0
vFP48.02,MI369_A5,0
VRC38.01,A07412M1_VRC12,0
DH270.5,231965_C1,0
F105,3988_25,0
PC39-50G,CE2060_G9,0
DH1317.9,19314479_A2_5,0
PGZL1_gVmDmJ,X2088_C9,0
PCIN71M1a,MN_3,0
RHA10.01,T257_31,0
PCIN71D2b,TRJO4551_58,0
179NC75,KER2018_11,0
V033-a.01,3103_V3_C10,0
b12,6405_V4_C34,0
DH270min12,BL01,0
A12V163-a.02,CNE59,0
LJF-0097,Q461_E2,0
VRC34-pI4,16845_2_22,0
10-1074,1HB2_W4_103015_C9_S80,0
TRNM-e.01,16055_2_3,0
EN02_05_B08,CH038_12,0
Bess4,RHPA4259_7,0
HERH-c.01,DJ263_8,0
0PV-c.01,DJ263_8,0
VRC26.11,Q842_D12,0
VRC34-pI3,CNE56,0
49G2,SUMA_D5_8_2,0
vFP7.05,286_36,0
PC39-50K,CNE8,0
VRC26.25,BAL_26,0
A12V163-a.01,CNE21,0
VRC34-UCA,DU422_1,0
VRC38.01,94UG103,0
0PV-c.01,SF162,0
VRC26.08,MN_3,0
17b,DU172_17,0
PGT142,92UG046,0
VRC38.01,ZM106_9,0
M1214_N2.2,6952_V1_C20,0
2F5,MBA,0
DH1317.4,CAP69_1_12_TA7_1,0
PGT151,C4118_9,0
HJ16,00836_2_5,0
1B2530,0013095_2_11,0
VRC33.01,246_F3_C10_2,0
CAP228-3D,DU151_02,0
A12V163-a.01,DJ263_8,0
2558,ZM135_10A,0
VRC-PG05,40061_V03_04B,0
VRC26.17,6535_3,0
2G12,B032_ENV07,0
830A,QH0692_42,0
2413b,QH0692_42,0
SF5,CE0393_C3,0
TRNM-e.01,RHPA4259_7,0
DFPH-a.03,6540_V4_C1,0
10-1074,155_2_C_AF_6,0
A12V163-a.02,3637_V5_C3,0
EN02_05_B08,6785_V5_C14,0
VRC01-5fH/0fL,TRJO4551_58,0
VRC26.07,ZM109_4,0
A12V163-a.01,0330_V4_C3,0
VRC26.01,0439_V5_C1,0
PGT121,2990_V7_D4_4,0
CH235,3016_V5_C45,0
PGZL1_gVmDmJ,ZM233_6,0
PGT127,VLGC_A1,0
VRC38.01,T280_5,0
PCDN-22B,QH0692_42,0
447-52D,6540_V4_C1,0
VRC23,DU156_12,0
LJF-0085,3168_V4_C10,0
VRC26.27,RHPA4259_7,0
CH02,SF162,0
vFP49.02,CH070_1,0
LJF-0085,703010217_B6,0
4022,25710_2_43,0
PC39-61A,C3347_C11,0
15e,ZM214_15,0
PCIN66B,ZM233_6,0
PCT64-35G,DU422_1,0
Z13e1,TV1_29,0
PCT64-35B,703010054_2A2,0
VRC34-UCA,0815_V3_C3,0
HERH-a.01,ADA,0
V031-a.01,3016_V5_C45,0
44715-a.01,X2131_C1_B5,0
CAP257-RH1,MW965_26,0
VRC40.02,CAP210_E8,0
2F5,94UG103,0
b12,BJOX028000_10_3,0
DJ85-d.01,C1080_C3,0
VRC26.25,QH0515_1,0
CH103,CAP206_1_B5,0
TRNM-f.01,CNE5,0
VRC-PG04,6471_V1_C16,0
VRC38.05,DJ263_8,0
PG16,1054_07_TC4_1499,0
vFP20.01,YU2,0
PC39-61A,9004SS_A3_4,0
Bess4,CNE19,0
HGN194,Q769_D22,0
179NC75,BG1168_1,0
HJ16,T250_4,0
DH1317.9,6240_08_TA5_4622,0
V031-a.01,SC422_8,0
IOMAmin3,231965_C1,0
vFP5.01,3365_V2_C20,0
PC39-23D,T257_31,0
VRC34.01,26191_2_48,0
DFPH-a.03,YU2,0
b12,7165_18,0
PCDN-38A,16845_2_22,0
vFP20.01,MN_3,0
CH103,ZM53_12,0
vFP52.02,X2088_C9,0
DF1W-a.01,REJO4541_67,0
2G12,X1100_C7,0
J040,CNE8,0
TRNM-b.01,X1193_C1,0
PCT64-24E,BJOX010000_06_2,0
44715-a.01,AC10_29,0
DH851.1,6545_V4_C1,0
17b,CNE7,0
VRC26.12,ZM233_6,0
6561-a.01,R3265_C6,0
VRC34.05,BJOX009000_02_4,0
CH235,89_6,0
DH270.5,CAP210_E8,0
PC39-50L,928_28,0
VRC38.09,ZM106_9,0
N49P19,DU172_17,0
PGT121,0077_V1_C16,0
m66.6,YU2,0
vFP53.02,Q842_D12,0
CH235,25711_2_4,0
T646-a.01,CAP210_E8,0
NC-Cow4,191955_A11,0
2408b,3589_V1_C4,0
PC39-55D,Q769_D22,0
vFP48.02,3589_V1_C4,0
EN02_05_B08,6101_1,0
LJF-0024,HXB2,0
VRC26.31,6535_3,0
CH04,263_8,0
1F7,92TH021,0
5695-b.01,3365_V2_C20,0
35O22,3718_3_11,0
2F5,20198102_E9_G1,0
41328-a.01,Q461_E2,0
DF1W-a.02,CNE53,0
830A,ZM135_10A,0
vFP7.05,CNE12,0
VRC01-0fH/0fL,ZM106_9,0
CH01,BJOX009000_02_4,0
DH650.8,DU156_12,0
PCT64-35H,ZM135_10A,0
DH270min12,3589_V1_C4,0
10-1074,BB539_2B13,0
VRC42.I3,CH070_1,0
CH01,QH0515_1,0
Z13e1,6095_V1_C10,0
DF1W-a.02,25711_2_4,0
M1214_N2.2,249M_B10,0
DH851.3,0013095_2_11,0
HK20,ZM249_1,0
ACS122,BJOX010000_06_2,0
vFP49.02,NKU3006_EC1,0
10E8 IgG mutant 5,T251_18,0
N49P18.1,6545_V4_C1,0
DH1318.2,WITO4160_33,0
PC39-55D,X1632_S2_B10,0
DH796.1,3168_V4_C10,0
LJF-0097,DU156_12,0
DFPH-a.03,Q461_E2,0
PC39-50I,16055_2_3,0
N49P18.1,ZM214_15,0
2F5,704809221_1B3,0
CH04,CNE19,0
VRC26.28,ZM109_4,0
PCT64-18D,BF1266_431A,0
35O22,SHIV_CNE40_JD14_W29_3,0
A12V163-b.01,CNE7,0
A12V163-a.01,246_F3_C10_2,0
VRC26.06,3168_V4_C10,0
m66.6,Q769_D22,0
vFP5.01,AC10_29,0
VRC38.01,QH0692_42,0
17b,CH111_8,0
V031-a.01,PVO_4,0
VRC26.25,QH209_14M_A2,0
VRC44.02,3016_V5_C45,0
PCT64-18F,ZM135_10A,0
3BNC117,SHIV_CNE40_JB98_W29_6,0
A12V163-b.01,TV1_29,0
44715-a.01,BJOX010000_06_2,0
PCT64-35D,DU172_17,0
PCDN-22C,KNH1144,0
PC39-28B,BG505_W6M_C2,0
PCDN-16A,TRO_11,0
VRC38.06,BG1168_1,0
b12,CH091_9,0
1-79,DU422_1,0
vFP7.05,BB201_B42,0
179NC75,CNE40,0
ACS117,CNE19,0
m66.6,QH209_14M_A2,0
40591-a.01,SC422_8,0
VRC07,T278_50,0
6070-a.01,3103_V3_C10,0
PCDN-22A,HXB2,0
VRC34-UCA,CNE58,0
VRC01,X2088_C9,0
2F5,20286961_C1_H8,0
Min12A21,94UG103,0
PCDN-38B,620345_C1,0
b6,Q842_D12,0
DH270min12,AC10_29,0
ACS122,ZM233_6,0
PCT64-35G,BJOX010000_06_2,0
vFP48.02,A03349M1_VRC4A,0
VRC-PG04,6631_V3_C10,0
HK20,CAP206_1_B5,0
DH1317.4,H022_7,0
5695-b.01,RHPA4259_7,0
PGDM1400,693_7312_V7_F9_1_REBOUND,0
VRC42.03,TRJO4551_58,0
PC39-55C,T278_50,0
VRC01 UCA,25710_2_43,0
PCIN71N1a,ZM249_1,0
VRC26.31,ZM249_1,0
ACS101,89_F1_2_25,0
DJ85-a.01,Q461_E2,0
vFP7.05,25711_2_4,0
IOMAmin3,246_F3_C10_2,0
Z13e1,Q842_D12,0
15e,Q23_17,0
917B11,ZM249_1,0
GPZ6-a.01,6322_V4_C1,0
VRC42.02,T257_31,0
vFP52.02,3817_V2_C59,0
IOMA-HC-DDE,6545_V4_C1,0
42056-b.01,X1193_C1,0
Z13e1,001428_2_42,0
PCT64-35B,CE1172_H1,0
A12V163-a.01,231965_C1,0
PCT64-35F,REJO4541_67,0
PC39-50H,CAP45_G3,0
NIH45-46,6545_V4_C1,0
ACS122,CE2060_G9,0
PGT123,BL01,0
ACS125,703010054_2A2,0
PCDN-33A,CE0393_C3,0
TRNM-e.01,00836_2_5,0
VRC34-UCA,BG505_W6M_C2,0
vFP48.02,X2088_C9,0
M1214_N1.2,89_F1_2_25,0
3BC315,CNE31,0
N49P18.1,X1632_S2_B10,0
GPZ6-a.01,0013095_2_11,0
VRC38.02,BG505_W6M_C2,0
10-1074,REJO4541_67,0
CH12,SF162,0
PGT145,6644_V2_C33,0
8ANC195,BI369_9A,0
ACS114,6811_V7_C18,0
DH270.5,6405_V4_C34,0
DH1317.4,191955_A11,0
CH12,DU123_06,0
830A,B028_ENV06,0
PC39-50K,89_F1_2_25,0
VRC34-pI1,CNE56,0
RHA10.01,X2088_C9,0
6561-a.01,YU2,0
LJF-0034,620345_C1,0
2413a,6545_V4_C1,0
b13,Q769_D22,0
VRC26.16,CAP45_G3,0
CH02,0815_V3_C3,0
PG9,6322_V4_C1,0
N6LS.C51,BL01,0
Bess4,703010054_2A2,0
DH270min11,001428_2_42,0
M1214_N1,WEAU_D15_410,0
PCIN71I1a,9004SS_A3_4,0
PGT128,WITO4160_33,0
vFP48.02,0330_V4_C3,0
447-52D,PRB926_04_A9_4237,0
N6LS.C15,6545_V4_C1,0
DH270.1,KER2018_11,0
DF1W-a.01,ZM215_8,0
ACS130,6244_13_B5_4567,0
VRC24,ZM135_10A,0
PCT64-35G,DH12,0
VRC44.02,CH070_1,0
ACS101,TRO_11,0
vFP1.01,CAP210_E8,0
DFPH-a.01,CNE14,0
VRC-PG05,25925_2_22,0
1B2530,SF162,0
M4008_N1,89_F1_2_25,0
VRC26.26,ADA,0
VRC38.05,CNE58,0
PGT126,620345_C1,0
10-1074,Q461_E2,0
PCT64-35M,KNH1144,0
RHA10.01,620345_C1,0
VRC03,BJOX002000_03_2,0
PGDM21,TRJO4551_58,0
HERH-c.01,T257_31,0
VRC-PG05,KER2018_11,0
vFP1.01,620345_C1,0
2G12,3365_V2_C20,0
PC39-23A,T257_31,0
PGT128,89_F1_2_25,0
PCDN-27D,SC422_8,0
VRC34.05,3718_3_11,0
A12V163-b.01,CNE5,0
2413a,DU123_06,0
PGT123,92UG031,0
447-52D,KNH1209_18,0
b12,B007_ENV01,0
GPZ6-b.01,MS208_A1,0
PC39-23A,CE0393_C3,0
VRC34-pI4,UG024_2,0
TRNM-c.01,TRO_11,0
PGT130,0013095_2_11,0
PC39-50I,ZM109_4,0
A12V163-b.01,HT593_1,0
ACS101,6480_V4_C25,0
4E9C,700010040_C9_4520,0
GPZ6-b.01,SS1196_1,0
ACS130,703010054_2A2,0
VRC34-UCA,263_8,0
IOMA,SF162,0
O.5,DJ263_8,0
V033-a.01,CNE19,0
VRC24,ZA012_29,0
2F5,6022_V7_C24,0
DFPH-a.15,231965_C1,0
V031-a.01,6535_3,0
VRC34.05,CNE59,0
5695-b.01,001428_2_42,0
M1214_N1,CE0393_C3,0
Ab1457,CNE55,0
PG9,92UG005,0
HK20,ZM135_10A,0
PC39-28C,6540_V4_C1,0
DH1317.9,V704_2767_070SN,0
VRC26.06,Q23_17,0
PGDM1400,3468_V1_C12,0
DH270min11,6631_V3_C10,0
PGT145,SF162,0
E51,YU2,0
VRC38.01,Q769_D22,0
PCDN-27D,KNH1144,0
N6LS.C49,CNE4,1
VRC01,QA013_70I_H1,1
N49P18.1,CAP45_G3,1
BG505.13,SF162,1
3BNC117,RHPA4259_7,1
VRC26.25,6146_V7_C23,1
10E8,25925_2_22,1
PGT145,ZM53_12,1
VRC03,AIIMS731_73106F,1
PGT131,ZA012_29,1
8ANC134,3337_V2_C6,1
PGT156,ZM233_6,1
3BC315,TRO_11,1
PGT121,BC08,1
VRC03,CNE55,1
BG1,CNE5,1
10-1074,RHPA4259_7,1
44715-a.01,CNE21,1
VRC08,191821_E6_1,1
12A12,BJOX028000_10_3,1
3BNC117,2319_V7_D2_4,1
DH511.2,BG505_W6M_C2,1
VRC26.26,BI369_9A,1
8ANC131,JRCSF,1
b12,CAP136_1_16_E6_1,1
10E8v4,QH0692_42,1
VRC07,TSG_EHI38,1
4E10,Q461_E2,1
VRC34-pI3,25710_2_43,1
PGT143,SC05_8C11_2344,1
EN02_04_A06,V704_0944_180_RE_CS,1
PGDM1400,V704_2408_040_ESN,1
PGT128,330_14_A20,1
N49P7,X1632_S2_B10,1
PGT152,BJOX010000_06_2,1
3BNC117,FR_2001_50,1
PGT151,MUW101769A_EC03,1
PGT145,FR_2012_176,1
BG18,TSG_EHI37,1
PGDM1402,DU156_12,1
Min12A21,RHPA4259_7,1
VRC26.26,P1981_C5_3,1
DH511.12P,BR07,1
M1214_N1,CNE30,1
4E10,CA392_H2_6,1
VRC-PG05,3337_V2_C6,1
561_01_55,T278_50,1
M1214_N1,X1632_S2_B10,1
VRC26.25,CAP177_1A3,1
VRC43.01,DJ263_8,1
PGDM1402,CNE17,1
VRC-PG04,S52026_432WK_C83,1
CH235.12,CNE14,1
VRC01,2_3_J4,1
VRC34.01,TSG21N01S030,1
VRC-CH31,89_6,1
PGDM1400,PG37072_J16,1
DH851.1,Q842_D12,1
VRC44.02,BAL_26,1
EN01_007,REJO4541_67,1
VRC01.23LS,V704_0746_760_RE_P003S,1
MinVRC01,6535_3,1
PGT142,P1981_C5_3,1
EN02_05_B08,TH966_8,1
PC39-50E,ADA,1
PCDN-38A,DU422_1,1
917B11,HXB2,1
PGT145,2865_A11_12,1
DH270min12,SS1196_1,1
DH511.2,714903902_43,1
35O22,SC13_EC03,1
VRC26.25,CE1086_B2,1
VRC08,3468_V1_C12,1
LJF-0097,CAP45_G3,1
PG9,11_5_J12,1
10E8v4,6535_3,1
PG9,CMU02,1
PGT126,CE1172_H1,1
PG9,GX13_7,1
CH04,126652V01_EC5,1
8ANC134,REJO4541_67,1
DFPH-a.03,TV1_29,1
PGT130,Q461_E2,1
VRC07-523-W54-LS.v3,MI369_A5,1
VRC06b,SC05_8C11_2344,1
VRC42.02,X1193_C1,1
PC39-50H,TRJO4551_58,1
VRC01,1HD5K_W4_062316_D10_S59,1
N6LS.C58,Q461_E2,1
PCT64-35I,92TH021,1
DH1317.4,CNE57,1
PGT143,C4118_9,1
PG9,FR_2012_178,1
BG18,AC10_29,1
3BNC117,1HD5K_W4_061416_A6_S32E,1
VRC43.01,CNE7,1
PCIN77C,JRCSF,1
VRC07-523LS.v32,25711_2_4,1
VRC34-pI4,0439_V5_C1,1
0PV-c.01,ZM249_1,1
10E8,B002_ENV03,1
N60P25.1,ZM53_12,1
N6LS.C49,CNE40,1
IOMAexFACEmin,703010217_B6,1
PGT121,HEB87_2,1
VRC01,TSG_EHI13_D6,1
1C2-rabbit,A07412M1_VRC12,1
10E8-10fH/16fL,DU422_1,1
SF12,S50408_1083WK_C40,1
PGT124,YU2,1
MinVRC01,CNE21,1
N6LS.C1,6095_V1_C10,1
PCT64-24E,CNE5,1
3BNC117,6535_3,1
DH511.2,MN_3,1
VRC42.N1,CNE59,1
PCT64-18D,191955_A11,1
10E8,VRC607_6_28_H7,1
3BNC117,91C35_D0_S2_A1,1
PG16,0301_BM_A12,1
b12,SG3,1
AIIMS-P01,330_15_D36,1
PGDM1400,6775_BL_H10_4,1
42056-a.01,BJOX002000_03_2,1
10E8,DRVI01_0507_14,1
3BNC117,A08483M1_VRC9,1
VRC01,190049,1
PGDM1400,B032_ENV07,1
M4008_N1,6540_V4_C1,1
PGT153,T250_4,1
VRC26.25,CAP323_2_00_B6_45,1
PG9,EN_AE_E11_137088_226,1
10E8,AIIMS704_70401,1
N6LS.C1,A07412M1_VRC12,1
DH511.2,CNE30,1
HERH-c.01,BJOX028000_10_3,1
M1214_N1.2,6244_13_B5_4567,1
HERH-b.01,Q461_E2,1
4E10,CH038_12,1
NIH45-46,191084_B7_19,1
N49P7.2,PVO_4,1
PCIN71O,SF162,1
3BNC60,T251_18,1
PGT145,KER2008_12,1
N49P9,231965_C1,1
N49P7.2,6811_V7_C18,1
10E8,CAP307_2_00_24_1,1
PGT121,CAP45_G3,1
3BNC117,TSG_EHI13_D6,1
2413c,C4118_9,1
VRC01,1HC2_W4_012216_A10_S1,1
3BNC117,1HB1_W4_012016_D10_S47,1
8ANC131,TH966_8,1
0PV-b.01,25710_2_43,1
VRC01,CNE12,1
438-B11,BAL_26,1
VRC34.01_mm28,CNE53,1
DH651.5,CH119_10,1
2F5,MUW100708A_EC09,1
DH270.1,714909105_20,1
PG16,CNXJ0651_10,1
VRC34-pI3,92BR025_9,1
3BNC117,VA40774,1
2F5,09GX330,1
VRC01,FR_2002_41,1
PGT151,6405_V4_C34,1
VRC42.02,TV1_29,1
N60P25.1,C3347_C11,1
VRC01,PG37072_J12,1
917B11,REJO4541_67,1
2F5,BL035_W6M_A1,1
PCIN71I1a,3103_V3_C10,1
A32,TH023_6,1
EN02_04_A06,6480_V4_C25,1
3BNC117,CAP45_G3,1
EN02_04_A06,Q259_17,1
VRC06b,CNE14,1
DH270.5,6785_V5_C14,1
VRC26.25,19707346_E8_C6,1
VRC01,BJYA109_9,1
NIH45-46,ZENV91_0505_12,1
2158,SS1196_1,1
DH511.12P,0013095_2_11,1
VRC34.04,KER2018_11,1
VRC44.01,N90_08B17,1
M4008_N1,AD17,1
DRVIA7,QH0692_42,1
PC39-50G,DU172_17,1
10E8v4,0260_V5_C36,1
N49P6,BF1266_431A,1
HJ16,CNE5,1
8ANC131,3718_3_11,1
1C2-rabbit,X1193_C1,1
PCIN71J2a,6535_3,1
VRC07,3168_V4_C10,1
N6LS.C1,WITO4160_33,1
PGT121,CAP85_09,1
PG16,3589_V1_C4,1
MEL-1872,BG505_W6M_C2,1
PGDM1400,451_TF_SGA2,1
3BNC117,TSG21N01N011_C10,1
VRC08,CNE58,1
VRC40.02,6644_V2_C33,1
VRC26.25,190049,1
PG9,TSG_EHI9,1
VRC01,MUW101273A_EC07,1
VRC07-523LS.v34,DU123_06,1
PGZL1.H4K3,SC422_8,1
PGC14,98IN022,1
PGDM1400,CE0985_H7,1
BG18,AIIMS743_74311C,1
2F5,211_9,1
PC39-50J,DU422_1,1
VRC07,6405_V4_C34,1
PGT123,T250_4,1
VRC01,CAP45_G3,1
PC39-28A,89_6,1
N6LS.C47,CNE10,1
VRC07-523LS.v32,Q769_D22,1
BG24,CNE19,1
b12,CE2060_G9,1
3BNC117,1HD6K_D0_061616_C6_S21,1
N6LS.C1,MW965_26,1
BG18,TSG22Y04A0015_H15,1
IOMA,CE0393_C3,1
N6LS.C35,CH181_12,1
561_02_12,21203310_G7_C3,1
N6LS.C35,AC10_29,1
N6LS.C35,M02138,1
VRC34.01,CH117_4,1
ACS117,231965_C1,1
VRC26.08,249M_B10,1
2413c,BG505_W6M_C2,1
PCIN71I1a,HXB2,1
V033-a.01,SF162,1
SF10,231965_C1,1
PCT64-35M,CNE3,1
VRC01,VC1_E14_110488_020,1
VRC42.02,ZM249_1,1
PC39-55C,704809221_1B3,1
RHA1.V2.01,246_F3_C10_2,1
VRC07,TSG_EHI21,1
12A21,DU172_17,1
N6LS.C35,CNE53,1
VRC-PG05,CNE14,1
J038,BJOX010000_06_2,1
RHA10.04,CNE21,1
10-996,CNE21,1
DH511.12P,CNE7,1
PGT151,ZENV91_0505_12,1
DH1317.4,X1193_C1,1
Bess1,246_F3_C10_2,1
PCDN-38B,Q842_D12,1
N6,CNE12,1
3BNC117,FR_2001_47,1
DH511.6,C1080_C3,1
VRC34.01,KER2018_11,1
PGDM1401,X1193_C1,1
PC39-55B,JRCSF,1
1357,DJ263_8,1
PGT121,BC17,1
VRC01,V703_2769_050_RE_P01S,1
VRC23,MN_3,1
J038,6644_V2_C33,1
PGDM1400,VB97_J10,1
PC39-39C,PVO_4,1
VRC08,7165_18,1
VRC26.25,CAP266_2_00_E9_H6,1
VRC06,QH0692_42,1
4E10,1811_B3_23,1
N49P18.1,001428_2_42,1
VRC07-523LS.v34,X1632_S2_B10,1
VRC01,MUW101273A_EC02,1
VRC-PG04,CNE31,1
SF5,3365_V2_C20,1
PGDM1400,Q461_E2,1
VRC26.25,ZM247_V1,1
PG16,SIV_CPZ_GAB1,1
PCDN-33A,AC10_29,1
N6LS.C15,3468_V1_C12,1
VRC26.27,T257_31,1
VRC-PG04,25925_2_22,1
10-1074,2990_V7_C2_3,1
N6LS.C51,26191_2_48,1
VRC-CH31,100046I_3_2,1
3BNC117,1HC3_D0_012016_G2_S34,1
DH511.12P,6785_V5_C14,1
BG18,TSG_EHI23,1
PG9,BC12,1
N6,YU2,1
PGT141,DU422_1,1
2413c,CNE58,1
PGT145,MUW101091A_EC01,1
DH270min1,92BR025_9,1
DH1317.4,9021_14_B2_4571,1
VRC34.01,V704_0513_150_RE_PBLIB003_S,1
VRC40.02,16936_2_21,1
DH270min11,JRCSF,1
44715-a.01,CNE17,1
BG18,6535_3,1
PGT127,APV_6,1
RHA1.V2.01,6540_V4_C1,1
2F5,6545_V4_C1,1
VRC07-523LS.v14,BI369_9A,1
DJ85-a.01,001428_2_42,1
PC39-55D,3817_V2_C59,1
1B2530,KER2018_11,1
N49P7,ZM247_V1,1
VRC07-523LS.v34,CM244_EC1,1
PGT125,704809221_1B3,1
PGT121,VB52_J9,1
EN01_007,3103_V3_C10,1
N49P11,CE1086_B2,1
N49P9.1,QH0692_42,1
T646-a.01,6545_V4_C1,1
DH511.2,928_28,1
gVRC-H1dC38/VRC01L,R2184_C4,1
N49P7,BJOX002000_03_2,1
N6LS.C47,WITO4160_33,1
DH270.1,714909105_22,1
VRC01,1HC1_W4_071216_F7_S69,1
PGZL1_gVmDmJ,X1193_C1,1
EN02_01_D03,SC422_8,1
VRC26.22,C1080_C3,1
M1214_N2.2,SC422_8,1
VRC43.02,R2184_C4,1
PGT145,CNE8,1
VRC34.01_Combo1,TRJO4551_58,1
PGT121,6775_BL_H10_4,1
10E8,0815_V3_C3,1
PGDM1400,1536_BL_G9_4,1
PGT128,ZM249_1,1
VRC01,1HC3_W4_012616_F1_S85,1
VRC01,TH966_8,1
PGT151,S30440_173WK_C66,1
DFPH-a.15,6101_1,1
HGN194,SS1196_1,1
PGT124,DU172_17,1
PG16,T278_50,1
PGT128,714909105_5,1
561_01_18,TSG_EHI12,1
PC39-55C,YU2,1
PC39-50K,P1981_C5_3,1
VRC34.01_mm28,YU2,1
VRC07,CE2060_G9,1
10-996,T255_34,1
DH511.11P,QH209_14M_A2,1
N6,TSG22Y05E0033_BL33,1
N49P23,CNE20,1
VRC08,BI369_9A,1
4E10,CAP323_2_00_B6_45,1
VRC42.02,ZM135_10A,1
12A12,ZM109_4,1
2F5,T252_7,1
PGT121,4_2_J47B,1
PGT126,XJ180_16,1
VRC01.23LS,CNE7,1
8ANC131,0013095_2_11,1
VRC07-523LS.v34,3637_V5_C3,1
N6LS.C47,3988_25,1
3BNC117,CAP310_2_00_20_2,1
10-1074,1HD1_D0_012016_H4_S83,1
0PV-c.01,BB201_B42,1
PGT128,B011_ENV04,1
4E10,XJ179_47,1
VRC01-5fH/6fL,YU2,1
VRC01,V704_1183_220ESN,1
DJ85-a.01,T255_34,1
12A21,CNE19,1
PC39-17C,89_6,1
DH270min1,CNE53,1
PCDN-22B,SF162,1
CH01,100307I_2_7,1
PGT145,MW965_26,1
12A12,UG024_2,1
N6,SHIV_CNE40_JB98_W29_1,1
DH270.1,714909105_35,1
EN02_01_D03,CNE31,1
10E8,1012_11_TC21_3257,1
VRC01.23LS,YU2,1
VRC43.01,QH0515_1,1
vFP48.02,CNE19,1
PGT126,BJOX028000_10_3,1
ACS202,3817_V2_C59,1
CH59,TH023_6,1
PGT135,DRVI01_0803_16,1
PGT151,SC21_EC42,1
iMab,16845_2_22,1
VRC34.04,BG505_W6M_C2,1
VRC07-523-W54-LS.v3,WITO4160_33,1
VRC26.25,TSG21N01N029,1
VRC26.25,TSG21N01S062,1
561_01_18,TSG22Y03A0032_B32,1
HmAb64,CNE40,1
CH27,ZM246F,1
TRNM-b.01,3168_V4_C10,1
PGT145,AIIMS706_70604B,1
HmAb64,BX08_16,1
PCIN66B,CNE21,1
PCIN71C,PVO_4,1
10-1074,693_7312_V2_A3_3_BASELINE,1
2F5,GX13_7,1
PCDN-38B,89_6,1
8ANC134,SS1196_1,1
PGT128,VC2_15_130809_087,1
GPZ6-b.01,NKU3006_EC1,1
VRC34-pI4,CNE58,1
PGT145,CAP269_2_00_F11_1,1
VRC26.30,CAP45_G3,1
4E10,P1655_C8_B5,1
N6LS.C35,928_28,1
PG9,RHPA4259_7,1
VRC-PG04,ZENV91_0505_12,1
GPZ6-a.01,ZM215_8,1
BG18,TSG22Y05A0002_BL2,1
2F5,MJ412_W0M_F2,1
561_01_18,V703_0566_160S,1
3BNC117,91C34_W6_S43_6_4,1
Z13e1,ZM135_10A,1
vFP16.02,CNE21,1
DH270min1,0260_V5_C36,1
TRNM-b.01,T255_34,1
447-52D,CH505_W4_3,1
PCT64-35S,CNE21,1
N6LS.C30,T255_34,1
EN01_007,BJOX002000_03_2,1
N6,CAP304_2_00_F6_6,1
BG24,0260_V5_C36,1
N60P1.1,1012_11_TC21_3257,1
561_01_55,231966_C2,1
VRC26.25,SIV_CPZ_MT145,1
DH270min12,T280_5,1
CH03,928_28,1
179NC75,CNE12,1
PG16,P1981_C5_3,1
CH103,001428_2_42,1
PGT145,CNE55,1
N6LS.C58,7165_18,1
PGT128,CA457_H1_1,1
DH851.2,DU172_17,1
PGDM1400,693_1969_V11_A4_2_REBOUND,1
VRC08,246_F3_C10_2,1
TRNM-b.01,246_F3_C10_2,1
PGT128,CE0665_F2,1
VRC01,3603_C11_13,1
PG16,SC62_EC72,1
4E10,1059_09_A4_1460,1
N49P11,231966_C2,1
3BNC117,SO225_H11_12,1
PGDM1400,2990_V7_C2_3,1
PC39-55C,X1193_C1,1
VRC03,SC13_EC26,1
DH511_I1,TRO_11,1
PCT64-18D,WITO4160_33,1
DH511.4,COT6_15,1
VRC42.N1,CM244_EC1,1
10E8,DRVI01_0912_7,1
PC39-55D,6480_V4_C25,1
N6,AIIMS743_74311B,1
10-1074,TSG_EHI32,1
VRC42.02,CNE4,1
VRC01,VC4_15_130811_381,1
DH511.11P,0330_V4_C3,1
8ANC131,WITO4160_33,1
VRC42.I3,CNE19,1
10E8,VRC607_12_00_F2,1
VRC01,NAB13PRE_CL_9,1
N6LS.C58,CNE59,1
N6LS.C49,16936_2_21,1
N6,V703_1313_040S,1
PCDN-27D,TRO_11,1
RHA10.04,231966_C2,1
VRC01,V704_1332_120_RE_PB001_S,1
10E8v4,231965_C1,1
PG9,SO225_H11_12,1
VRC01,TSG22Y04A0015_H15,1
Bess1,BJOX002000_03_2,1
4E10,MUW101091A_EC07,1
438-B11,92BR020,1
3BNC117,VRC607_13_14_G12,1
N6LS.C1,BS208_B1,1
10E8,VRC607_15_14_A8,1
2158,HXB2,1
PGT121,GX75_20,1
CH235.12,V704_1236_070ESN,1
3BNC117,2936_V9_D3_3,1
N49P7,MS208_A1,1
10-847,SC422_8,1
PGT152,T251_18,1
iMab,703010054_2A2,1
PG16,SC30_EC9,1
VRC07-523LS.v32,CNE57,1
HERH-a.01,KER2018_11,1
NC-Cow1,CE2103_E8,1
PGT128,DH12,1
PGDM1400,V703_2018_240_RE_E6A1S,1
10E8,ZM135_10A,1
VRC42.I3,CNE57,1
EN02_05_B08,269_12,1
VRC07-523LS.v32,AC10_29,1
10E8,MN_3,1
VRC-CH32,Q842_D12,1
VRC01,FR_2012_180,1
VRC03,6101_1,1
PC39-50E,TRJO4551_58,1
LN01,A07412M1_VRC12,1
VRC42.N1,ZM53_12,1
10E8,VRC607_5_00_G3,1
2G12,DRVI01_0912_5,1
3BNC117,1HB3_D0_102915_B6_S51,1
PG9,CT431_G6_6,1
DH511.2,19314479_A2_5,1
PGT142,CNE40,1
LJF-0024,YU2,1
HERH-c.01,45_01DG5,1
6070-a.01,ZM249_1,1
3BNC117,TSG22Y03A0015_B15,1
PGT127,3103_V3_C10,1
VRC26.03,BB201_B42,1
VRC26.25,TSG_EHI45,1
VRC26.29,KER2018_11,1
VRC26.26,ZM214_15,1
PGT156,620345_C1,1
N6LS.C35,DJ263_8,1
8ANC131,ZM55_28A,1
PGT152,703010200_1E5,1
VRC07-523-F54-LS.v3,CNE4,1
VRC07-523LS.v32,CNE59,1
10-1074,91C35_D0_S19_A4,1
PGT135,92BR025_9,1
12A21,JRCSF,1
PCT64-24E,C4118_9,1
TRNM-d.01,T250_4,1
1C2-rabbit,CNE7,1
PG9,BB201_B42,1
VRC07-523LS.v34,C1080_C3,1
PC39-28C,X2131_C1_B5,1
EN02_04_A06,SC422_8,1
N60P25.1,1012_11_TC21_3257,1
N49P6,1006_11_C3_1601,1
PGDM1400,P1741_A2,1
3BNC117,1HD5K_D0_061416PL2_D12_S28,1
VRC26.25,DU156_12,1
4E10,NAB01_PA,1
PCT64-35D,BG505_W6M_C2,1
PC39-23B,89_6,1
VRC26.25,20286961_C1_H8,1
NIH45-46,SF162,1
EN02_04_A06,V703_0805_770_RE_E10C9S,1
2F5,RBF208,1
PCT64-24E,BG505_W6M_C2,1
4E10,MG505_W0M_A2,1
HERH-a.01,KO426_T78_10,1
4E10,YN189_52,1
3BNC117,91C22_D0_S68_A2,1
b12,CNE5,1
N49P7,C3347_C11,1
VRC01,IDC561_F12,1
PC39-39A,TRJO4551_58,1
VRC01,4403_BM_H22,1
VRC01,ZM106_9,1
ElsE2,0330_V4_C3,1
10E8,SIV_CPZ_TAN13,1
2413c,703010217_B6,1
VRC26.12,3016_V5_C45,1
PC39-17A,6480_V4_C25,1
447-52D,BX08_16,1
12A21,0260_V5_C36,1
DH651.7,CNE55,1
DH270min1,BAL_26,1
10E8,AIIMS743_74311C,1
7H6,SC28_EC4,1
4E10,CT431_G6_6,1
PG16,CNE8,1
VRC34.01_mm28,CNE3,1
VRC07-523LS.v11,BJOX028000_10_3,1
VRC07-523LS.v11,ZA012_29,1
447-52D,YU2,1
m66.6,MN_3,1
PC39-50E,PVO_4,1
PG16,AIIMS731_73105D,1
PC39-17B,DU156_12,1
PGT128,EN3C073,1
NIH45-46,CNE19,1
10E8,TSG_EHI53,1
10E8,MUW100708A_EC11,1
VRC03,P1981_C5_3,1
PC39-17B,DU422_1,1
PC39-50E,DU422_1,1
2F5,92UG031,1
10E8v4,MW965_26,1
VRC42.I3,HXB2,1
VRC-CH31,SC18_26,1
4E10,26191_2_48,1
PG9,KO870_C2_10,1
3BNC117,2305_V7_G6_1,1
10-410,BAL_26,1
Bess4,Q461_E2,1
10-847,SS1196_1,1
561_01_18,V704_1802_080SN_02,1
PGDM1400,2_3_J17,1
BG18,P1981_C5_3,1
VRC08d,25710_2_43,1
1C2-rabbit,JRCSF,1
N49P7,CNE57,1
VRC08,BJOX010000_06_2,1
PGDM1400,91C22_D0_S68_A2,1
N60P1.1,6244_13_B5_4567,1
N49P7,Q259_17,1
VRC26.25,TSG_EHI38,1
3BNC117,VRC607_5_28_G12,1
N49P6,ZM247_V1,1
3BNC117,9372_BL_F5_4,1
0PV-c.01,0815_V3_C3,1
VRC26.28,C1080_C3,1
N6,2833264,1
CH103,CH038_12,1
EN01_007,V703_2149_060_RE_EB10S,1
2G12,100307I_2_7,1
PGT143,98CN009,1
4E10,CH114_8,1
3BNC117,0301_BM_A12,1
CH01,ZM233_6,1
VRC26.09,BJOX009000_02_4,1
VRC08,T255_34,1
CAP228-3D,MW965_26,1
8ANC195,BJOX028000_10_3,1
VRC26.27,3988_25,1
VRC-CH30,Q842_D12,1
PGZL1,SS1196_1,1
CH103,6244_13_B5_4567,1
10-1074,318_AT_SGA1,1
N6LS.C1,Q259_17,1
VRC26.26,X1193_C1,1
1F7,93UG077,1
CH04,T278_50,1
VRC01,VC5_15_136428_058,1
PC39-50E,89_6,1
3BNC117,707_D0A_F10_S45,1
2F5,20883229_C9_H6,1
N6LS.C51,0013095_2_11,1
PGT145,TSG22Y04A0011_H11,1
EN02_01_D03,MS208_A1,1
CH04,B036_ENV13,1
gVRC-H1dC38/VRC01L,M02138,1
4E10,MN_3,1
VRC34-pI4,KER2008_12,1
DH511.11P,UG021_16,1
VRC26.08,CE2060_G9,1
VRC26.25,3728_V2_C6,1
4E10,079_BT_SGA4,1
PGT126,100307I_2_26,1
N49P6,6535_3,1
10E8v4,V704_1731_070EN_04,1
VRC01,SC20_15,1
RHA1.V2.04,ZM233_6,1
PGDM1400,9342_D0_S21_B2,1
N49P19,231966_C2,1
PGT151,REJO4541_67,1
DH511.2,21261106_C12_H2,1
N60P25.1,Q23_17,1
PGDM1400,1HC3_W4_012016_G1_S19,1
VRC01,EN3C059,1
10E8-2fH/10fL,YU2,1
DH796.1,2969249,1
ACS202,CNE31,1
VRC01f,CNE8,1
PGT128,ZA012_29,1
10-1074,MI369_A5,1
10E8,CBJC515_08_23,1
4E10,102149I_2_23,1
EN02_04_A06,CT184_D3_15,1
10E8,GX91_2,1
VRC03,H080_23,1
DH511.2,QH0515_1,1
10-1074,2319_V7_B1_3,1
MEL-1872,25710_2_43,1
PGT128,98CN009,1
PCT64-24E,6545_V4_C1,1
3BNC117,2319_BL_E10_2,1
8ANC195,QH0515_1,1
CH235.12,V703_0217_050_RE_PBLIB002_S,1
N6,16055_2_3,1
VRC01.23LS,V704_0907_130SN,1
VRC01,0077_V1_C16,1
N49P18.1,P1981_C5_3,1
VRC-PG20,DJ263_8,1
ACS101,TRJO4551_58,1
PGT151,V703_2805_080ES,1
8ANC134,BR07,1
DH511.11P,S30755_540WK_C48,1
CH235.12,V704_0726_080SN,1
PCT64-18D,DU156_12,1
2413a,246_F3_C10_2,1
VRC26.08,TH966_8,1
PGT152,CE2060_G9,1
VRC07-523LS.v11,16845_2_22,1
4E10,2705_P18_1,1
2558,BX08_16,1
PGT121,SC14_49,1
PGT121,693_7989_V2_C4_2_BASELINE,1
VRC-PG04b,DJ263_8,1
VRC26.25,2_5_J11,1
PG9,001428_2_42,1
VRC-CH31,CE0393_C3,1
VRC43.01,H086_8,1
VRC-PG04,T251_18,1
2F5,S50725_295WK_C60,1
VRC40.01,TV1_29,1
N6LS.C30,ZM106_9,1
PCIN71L,211_9,1
10E8,CA457_H1_1,1
PG16,714910601_21,1
10E8,TSG22Y04A0004_H4,1
PGT130,93TH305,1
PGT145,BF1266_431A,1
CH01,CNE58,1
2F5,SC21_EC42,1
PGT128,VC4_15_136377_020,1
1B2530,QH0515_1,1
10E8,TSG22Y02E0035_DE35,1
PGDM1400,2_3_J7,1
PGT151,V703_1298_080_RE_PBLIB002_S,1
CH235.12,ZM106_9,1
VRC42.01,PVO_4,1
10E8v4,CNE57,1
PGT121,1HD8K_D0_062916_H6_S95,1
VRC07-523-F54-LS.v3,CNE3,1
M1214_N1.2,CNE30,1
VRC03d,CNE55,1
DH511.11P,QH0692_42,1
VRC34.01,TSG21S01A0004_C4,1
PG16,EN1_120250_056,1
N6LS.C47,191821_E6_1,1
4E10,SH6_81,1
VRC01,BJ22_5,1
IOMAmin5,BF1266_431A,1
VRC-PG05,TH966_8,1
VRC01,VC2_15_130809_054,1
10E8,CNE8,1
VRC06f,TRO_11,1
HERH-c.01,3365_V2_C20,1
N49P11,703010200_1E5,1
CH235.12,6631_V3_C10,1
VRC01,CNE14,1
N49P22,BJOX009000_02_4,1
N6,SHIV_CNE40_JB98_W29_6,1
DH270min11,X2088_C9,1
DFPH-a.15,BX08_16,1
4025,DJ263_8,1
VRC-CH31,GX24_8,1
10-1074,7165_18,1
ElsE1,CE1172_H1,1
561_01_18,541_F1_A7_2,1
1361,DJ263_8,1
VRC26.11,BG505_W6M_C2,1
PC39-23C,TRJO4551_58,1
PGT143,CNE53,1
8ANC134,CNE10,1
DH1003.3,246_F3_C10_2,1
N49P7.1,ZM214_15,1
PCT64-24H,94UG103,1
N49P11,CE2010_F5,1
PGT121,TSG22Y03E0010_B10,1
VRC34.01_mm28,CNE58,1
PC39-61A,SF162,1
GPZ6-b.01,CH119_10,1
3BNC60,PVO_4,1
VRC26.08,001428_2_42,1
CH235.12,BJOX009000_02_4,1
PGT128,714909105_22,1
VRC-PG20,BS208_B1,1
PGT128,C3347_C11,1
DJ85-a.01,3168_V4_C10,1
2413b,6095_V1_C10,1
N49P6,231966_C2,1
VRC01,VB96_J44,1
DH511.2,HXB2,1
3BNC117,2936_V9_C3_2,1
PC39-23A,WITO4160_33,1
N6LS.C51,Q461_E2,1
VRC07-523-F54-LS.v3,703010217_B6,1
PGDM1404,C4118_9,1
VRC-CH33,Q23_17,1
4E10,SUMA_D5_8_2,1
VRC06b,X1632_S2_B10,1
EN02_04_A06,V703_0537_011S_2B5,1
VRC02,269_12,1
N6LS.C35,CNE19,1
VRC-CH31,CNE5,1
N49P9.1,16845_2_22,1
LJF-0087,TRO_11,1
PC39-39D,DU422_1,1
PC39-50J,WITO4160_33,1
CH01,286_36,1
NIH45-46,Q23_17,1
EN01_007,KO870_C2_10,1
PGDM1400,1HD1_D0_012016_A4_S67,1
PGT128,235080_3G7_REV,1
VRC07-523LS.v34,Q259_17,1
HJ16,CE0393_C3,1
CH02,B036_ENV13,1
PGT128,6631_V3_C10,1
3BNC117,693_7989_V9_D9_1_REBOUND,1
2F5,NAB01_C21_REV,1
2F5,SC20_EC01,1
N49P7,B005018_8_F6_3,1
N6LS.C30,CNE21,1
PGT123,16845_2_22,1
CAP248-2B,V704_1180_070ESN,1
PG9,FR_2001_50,1
179NC75,Q23_17,1
CH44,MW965_26,1
7H6,MUW101273A_EC07,1
PGDM1400,T252_7,1
EN02_04_A06,21561324_D3_B5,1
VRC07-523LS.v14,CNE59,1
PGT121,91C22_D0_S68_A2,1
VRC34-pI4,CNE30,1
4E10,CE2103_E8,1
438-B11,YU2,1
DH270min12,BJOX002000_03_2,1
4E10,M02138,1
VRC01.23LS,DJ263_8,1
VRC26.06,KER2018_11,1
PC39-50L,6244_13_B5_4567,1
J038,288_38,1
VRC-CH31,GX81_43,1
PC39-55C,MS208_A1,1
VRC01,MUW101769A_EC02,1
4E10,R3265_C6,1
VRC43.02,YU2,1
VRC01.23LS,V704_2788_060EN_12,1
PG16,SH6_81,1
PCT64-24F,ZM233_6,1
DFPH-a.03,0439_V5_C1,1
3BNC117,CE0393_C3,1
VRC-PG04,CNE4,1
VRC41.01,T250_4,1
PCIN77D,CNE30,1
PGT128,714903902_42,1
PGT127,001428_2_42,1
iMab,BJOX010000_06_2,1
3BNC117,1HC1_D0_070516_F10_S90,1
1C2-rabbit,CAP210_E8,1
1C2-rabbit,SF162,1
N6,V703_1104_100_RE_PBLIB001_S,1
gVRC-H1dC38/VRC01L,Q461_E2,1
PCDN-38A,DH12,1
ACS114,AMC009_1B5,1
561_01_55,T250_4,1
VRC01,3016_V5_C45,1
DH511.12P,NKU3006_EC1,1
PG9,93UG082,1
VRC44.02,QH0515_1,1
M1214_N1,1012_11_TC21_3257,1
PGT128,TRO_11,1
PGDM1400,1HD1_W4_012616_F9_S11,1
PGDM1400,RHPA4259_7,1
DH511.2,100155M_48,1
b12,SC19_15,1
2F5,BJ412_W6M_S3,1
EN02_05_B08,CH070_1,1
12A12,BJOX010000_06_2,1
VRC01,NISA_N20_J10,1
DH270.1,CH848_D358_80_06,1
DH511.12P,ZA012_29,1
N6LS.C35,YU2,1
3BC315,DU151_02,1
DFPH-a.15,AC10_29,1
LJF-0024,T251_18,1
SF10,CNE8,1
vFP52.02,BR07,1
iMab,T255_34,1
PG9,B008_ENV05,1
NC-Cow1,BJOX028000_10_3,1
VRC26.08,BI369_9A,1
HERH-c.01,16936_2_21,1
N6,TSG23Y07A0015_A15,1
8ANC195,7165_18,1
VRC07-523LS.v32,CNE40,1
N6LS.C49,C4118_9,1
VRC26.27,C1080_C3,1
PGT145,ZENV91_0505_12,1
N49P11,CNE17,1
PGT121,MUW101769A_EC04,1
DH270.5,CNE53,1
3BNC60,6535_3,1
N6,21261106_C12_H2,1
CH235,Q842_D12,1
VRC42.N1,X2131_C1_B5,1
VRC44.01,REJO4541_67,1
N6LS.C58,3988_25,1
VRC44.01,N90_08B4,1
N49P9.1,Q769_D22,1
AIIMS-P01,AIIMS704_70402,1
N49P9,A07412M1_VRC12,1
N6LS.C51,BR07,1
VRC-PG04b,001428_2_42,1
DH511.11P,BJOX025000_01_1,1
PCDN-27C,TRO_11,1
PGT128,AIIMS706_70607C,1
EN02_05_B08,6811_V7_C18,1
PGT121,6095_V1_C10,1
10E8v4,V704_2981_150_RE_P001S_2559A,1
VRC07-523LS.v32,SC422_8,1
561_01_18,V704_0652_110_ESN_2472A,1
PCDN-22B,TRO_11,1
VRC44.01,X1193_C1,1
PC39-28C,92BR020,1
VRC03,MUW101273A_EC02,1
VRC42.02,BJOX025000_01_1,1
HJ16,703010054_2A2,1
PC39-45B,SF162,1
VRC01.23LS,R3265_C6,1
PG9,TSG21N01N025,1
N49P7.1,6811_V7_C18,1
VRC06b,1006_11_C3_1601,1
N6LS.C1,QH0515_1,1
VRC26.08,20358510_01,1
VRC07-523LS.v34,R3265_C6,1
PCDN-38A,YU2,1
10-1074,9254_W12_12A13,1
VRC01,SC422_8,1
2413b,CNE53,1
EN01_007,V703_1789_230_RE_E3A3S,1
VRC-PG04,CNE17,1
DJ85-a.01,6101_1,1
PGDM11,WEAU_D15_410,1
NIH45-46,CNE5,1
N6LS.C35,CNE3,1
PGT151,ZM215_8,1
VRC07,TSG_EHI9,1
EN02_04_A06,R3265_C6,1
DFPH-a.03,0013095_2_11,1
VRC26.25,CH070_1,1
10E8,VRC607_6_28_G4,1
2F5,SC29_EC2,1
VRC34.01_mm28,RHPA4259_7,1
10E8,CBJC515_05_22,1
VRC03,Q259_17,1
ACS202,CNE57,1
N49P7.1,CNE30,1
12A12,CH117_4,1
10E8,TSG_EHI58,1
VRC02,WITO4160_33,1
10E8,15JS65,1
PGT121,R880F,1
CH235.12,928_28,1
DH511.11P,CNE57,1
0PV-a.01,25710_2_43,1
PC39-61B,DU422_1,1
N6,V703_2788_030ES_B1,1
VRC07,CE0393_C3,1
N6LS.C58,C3347_C11,1
PGT121,693_1969_V11_C11_4_REBOUND,1
10E8v4,V703_1675_G613S,1
PG16,EN_AE_E11_137088_009,1
NIH45-46,CE1086_B2,1
PCIN71M1a,KNH1144,1
PCIN71L,DU156_12,1
PGT154,CNE17,1
N6LS.C49,BB539_2B13,1
4E10,CNE58,1
3BNC117,BF1266_431A,1
EN02_04_A06,703010217_B6,1
HERH-c.01,ADA,1
PGDM1403,T255_34,1
gVRC-H1dC38/VRC01L,26191_2_48,1
PGDM1405,C1080_C3,1
VRC34.01_Combo1,BJOX025000_01_1,1
TRNM-b.01,25710_2_43,1
PGZL1.H4K3,T257_31,1
5695-b.01,CE0682_E4,1
12A21,249M_B10,1
PGT151,ZM249_1,1
12A12,AC10_29,1
NIH45-46,BJOX010000_06_2,1
10-1074,288_38,1
PGDM12,S50408_1083WK_C40,1
561_02_12,CE2060_G9,1
DH511.2,101421I_2_23,1
PG9,VC2_15_140616_11,1
VRC42.N1,CH181_12,1
VRC07-523LS.v32,ZM55_28A,1
PG9,FR_2009_64,1
2411a,BS208_B1,1
VRC34-pI4,T250_4,1
BG18,CNE53,1
RHA1.V2.01,6535_3,1
VRC26.04,CM244_EC1,1
N6,AIIMS743_74311G,1
VRC34.06,DU156_12,1
PGDM1400,2990_V7_C9_1,1
VRC42.02,3016_V5_C45,1
10-1074,1HC3_D0_012216_E10_S49,1
b12,1054_07_TC4_1499,1
EN02_04_A06,CE2052_G10,1
PCDN-33A,ADA,1
1C2-rabbit,HXB2,1
N6LS.C35,DU123_06,1
10-1074,126652V01_EC5,1
N49P23,BF1266_431A,1
561_01_18,V703_1848_190_RE_E6D1S,1
N6LS.C58,3337_V2_C6,1
PG9,AIIMS704_70414,1
FD22,CNE31,1
VRC26.26,928_28,1
DFPH-a.03,89_6,1
PGDM1403,16055_2_3,1
VRC07-523LS.v32,CNE21,1
DH270.5,DU151_02,1
PGT145,CNE53,1
PGT121,CBJC515_05_24,1
VRC33.01,6095_V1_C10,1
DH511.12P,3365_V2_C20,1
DH511.11P,89_6,1
VRC26.25,VB105_J10,1
3BNC117,CNE14,1
10-1074,MUW101273A_EC02,1
N49P11,A07412M1_VRC12,1
DFPH-a.01,TH023_6,1
VRC38.08,JRCSF,1
VRC01.23LS,V703_1848_190_RE_E6D1S,1
PC39-28C,BJOX028000_10_3,1
3BNC117,SC26_EC45,1
iMab,SIV_CPZ_TAN1,1
VRC26.08,CNE7,1
12A21,BJOX010000_06_2,1
VRC07-523-F54-LS.v3,R3265_C6,1
VRC34-pI3,RHPA4259_7,1
561_01_18,V704_0503_250_RE_CS,1
PGDM1400,KO243_H6_3,1
PGDM1400,BI369_9A,1
PC39-17A,X2131_C1_B5,1
10-1074,98_F4_H5_13,1
NIH45-46,SC21_EC12,1
10E8,CAP269_2_00_F11_1,1
VRC42.01,P1981_C5_3,1
PGT121,SHIV_CNE40,1
PGT123,SC05_8C11_2344,1
DH511.11P,AC10_29,1
4E10,9020_20_A13_4607,1
PGT121,GX93_8,1
PG9,CM244_90TH,1
VRC46.01,YU2,1
PGT121,1HD8K_D0_061616_B4_S93,1
TRNM-d.01,3468_V1_C12,1
Bess4,ZM109_4,1
2408b,ZM53_12,1
10E8,CM244_90TH,1
PGDM11,ZM249_1,1
PGDM1403,CNE58,1
8ANC134,CNE58,1
VRC01.23LS,V703_0926_070S_2H2,1
VRC26.25,X2131_C1_B5,1
EN02_05_B08,211_9,1
PGT121,BJ24_3,1
VRC07-523LS.v14,NKU3006_EC1,1
N49P9,ZM214_15,1
3BNC117,QH209_14M_A2,1
PGT126,101421I_2_11,1
PCIN71M1a,ZM135_10A,1
VRC07b,TRO_11,1
VRC03,SC05_8C11_2344,1
VRC08,286_36,1
VRC01,B003_ENV04,1
10-1074,CNE30,1
CH235,BJOX025000_01_1,1
4E10,B030_ENV09,1
VRC42.01,BJOX010000_06_2,1
VRC01,V704_1930_170_RE_C02S_1523G,1
IOMA,1054_07_TC4_1499,1
PGT121,91C22_W16_S42_B7,1
10E8v4,CNE7,1
BG24,1006_11_C3_1601,1
8ANC134,3718_3_11,1
N6LS.C35,C4118_9,1
N6,BX08_16,1
PGT145,CAP323_2_00_B6_45,1
N6LS.C35,BS208_B1,1
NIH45-46,3305_BM_C11,1
N49P7,DU422_1,1
4E10,1209_BM_G5,1
b12,MS208_A1,1
EN02_05_B08,6480_V4_C25,1
VRC07-523LS.v34,45_01DG5,1
7H6,SC21_EC13,1
2413b,16936_2_21,1
VRC42.04,DU156_12,1
PC39-45A,SS1196_1,1
VRC26.09,T257_31,1
VRC07-523LS.v34,ZM109_4,1
A16,RHPA4259_7,1
PG9,SC26_EC08,1
VRC01g,25710_2_43,1
10E8,VRC607_9_00_C3,1
N49P6,CNE58,1
VRC01,CA240_A5_5,1
10E8,MUW101273A_EC07,1
DH511.12P,CNE59,1
VRC01.23LS,KER2018_11,1
IOMA,45_01DG5,1
VRC34.01_mm28,DU123_06,1
PC39-39A,DH12,1
10E8v4,V704_1654_760_RE_PBLIB006_S,1
SF5,6244_13_B5_4567,1
4E10,704810053_2B7,1
T646-a.01,T255_34,1
VRC03,ZM214_15,1
561_01_18,V704_0175_100SN,1
10E8-0fH/4fL,ZM55_28A,1
10E8,BC01,1
PGT121,CT977_69_12,1
PC39-39D,6535_3,1
N49P11,703010054_2A2,1
2411a,DU172_17,1
VRC01,V704_0578_190_RE_PBSGA001_S,1
VRC26.25,LT1_09_J8,1
VRC-PG05,6811_V7_C18,1
PC39-50D,QH0692_42,1
VRC26.09,263_8,1
4E10,CAP260_2_00_TA1_1B,1
3BNC117,9343_D0_S62_A6,1
10-1074,VA40774,1
VRC01.23LS,V703_0217_050E_2A3,1
VRC40.02,CNE19,1
12A21,QH0692_42,1
VRC01,V703_2631_150_RE_E2F8S,1
VRC01,PG37072_J16,1
3BNC60,Q168_B23,1
VRC07-523-F54-LS.v3,ZM214_15,1
17b,SHIV_CNE40_JB98_W29_25,1
1C2-rabbit,CNE3,1
VRC01,V704_0562_160_RE_PBLIB003_S,1
VRC-CH31,928_28,1
VRC07-523LS.v14,92BR025_9,1
PGDM1400,7190_BL_D10_4,1
DH511.2,CNE58,1
N6LS.C47,M02138,1
VRC40.01,288_38,1
8ANC134,A03349M1_VRC4A,1
N49P7.2,WEAU_D15_410,1
VRC07-523LS.v11,YU2,1
10E8,TSG21Y02E0024_D24,1
VRC-CH32,KER2008_12,1
CH235.12,SC422_8,1
VRC01,TSG_EHI41,1
PGDM1400,304_F2_1_11,1
35O22,KER2008_12,1
DFPH-a.01,3365_V2_C20,1
PGT128,330_15_C36,1
PGT151,AIIMS706_70607B,1
PC39-50C,6535_3,1
EN02_04_A06,V703_0309_100_RE_PBLIB002_S,1
PGT128,0260_V5_C36,1
VRC42.N1,QH0692_42,1
PC39-50L,89_6,1
PGDM1400,9372_BL_H4_1,1
N6,CAP220_2_00_A8_5B,1
DF1W-a.01,BG505_W6M_C2,1
VRC01,106_1_C_1_2,1
PGZL1,89_6,1
10E8v4,V704_2838_260_RE_PBLIB002_S,1
N6LS.C47,BX08_16,1
vFP49.02,25710_2_43,1
PGT145,B037_ENV02,1
VRC34-pI3,CNE57,1
PCT64-18C,WITO4160_33,1
FD22,TV1_29,1
CH01,246_F3_C10_2,1
VRC-CH31,3168_V4_C10,1
3BNC117,9372_V7_E10_3,1
VRC26.25,AIIMS743_74311K,1
1C2-rabbit,UG021_16,1
VRC44.02,A07412M1_VRC12,1
VRC01,CNE20,1
EN02_04_A06,928_28,1
VRC26.05,KER2018_11,1
PC39-55D,CNE20,1
VRC33.01,CAP45_G3,1
N6LS.C58,NKU3006_EC1,1
NC-Cow9,Q842_D12,1
PGT144,92RW009,1
3BNC117,SO431_C1_1,1
4E10,16845_2_22,1
10E8,VRC607_2_00_D6,1
VRC01,1HD1_W4_012016_C11_S93,1
PGDM11,SC05_8C11_2344,1
VRC44.02,CNE58,1
VRC01,102605I_33,1
6070-a.01,Q842_D12,1
CH235,3718_3_11,1
VRC40.02,C4118_9,1
TRNM-b.01,ZM106_9,1
PGT126,211_9,1
PGT145,ZM106_9,1
DH270.5,288_38,1
VRC-CH31,TH966_8,1
N49P9.3,C3347_C11,1
PGT145,TSG22Y04A0020_H20,1
VRC07,DU172_17,1
PGT121,MUW101273A_EC04,1
2F5,231965_C1,1
VRC42.N1,BG505_W6M_C2,1
PGDM1400,CE2060_G9,1
VRC01,246_F3_C10_2,1
VRC07-523-W54-LS.v3,HXB2,1
VRC43.01,ADA,1
35O22,B009_ENV11,1
N6,3514597,1
PGT128,704010083_B8,1
EN02_04_A06,TH023_6,1
IOMA,Q461_E2,1
PC39-23A,Q23_17,1
V031-a.01,DU422_1,1
VRC26.01,KER2018_11,1
VRC26.03,6095_V1_C10,1
10E8,BX08_16,1
8ANC134,BX08_16,1
10E8,SHIV_CNE40,1
EN02_04_A06,V703_0902_140_RE_P01S,1
A12V163-a.02,BG505_W6M_C2,1
VRC-PG20,SC422_8,1
VRC-CH31,BJOX010000_06_2,1
PC39-55C,DU172_17,1
PC39-28B,HXB2,1
2F5,MUW101769A_EC02,1
PGT128,C1080_C3,1
3BNC117,2319_BL_H7_1,1
PC39-50I,Q23_17,1
N6LS.C1,45_01DG5,1
ElsE1,A07412M1_VRC12,1
10E8,CAP258_2_00_X_23,1
PG16,QA790_204I_C1,1
VRC01,15JS62,1
3BNC117,TSG21N01N014,1
VRC07-523LS.v34,UG021_16,1
LJF-0085,X1632_S2_B10,1
CAP248-2B,V704_0847_030_ESN_02C,1
N49P6,WEAU_D15_410,1
VRC01,H079_2,1
RHA1.V2.01,HT593_1,1
VRC26.25,AIIMS704_70414,1
O.1,BAL_26,1
4E10,3273_P21_1,1
bNAb2101,KO426_T78_10,1
PGDM1400,2936_BL_B10_3,1
N6LS.C58,26191_2_48,1
VRC42.I3,288_38,1
M1214_N1.2,YU2,1
VRC34.01_Combo1,R3265_C6,1
8ANC195,6101_1,1
VRC07,TSG_EHI42,1
1NC9,TRO_11,1
V031-a.01,ZM53_12,1
PG16,6644_V2_C33,1
VRC01,ZA012_29,1
Bess4,CNE17,1
PGT153,620345_C1,1
N6,BG505_W6M_C2,1
S98,MN_3,1
PCIN71P,TRJO4551_58,1
VRC-CH31,T257_31,1
PCDN-33A,1006_11_C3_1601,1
PGT121,LT1_07_J1,1
PCIN71L,P1981_C5_3,1
M1214_N1,Q23_17,1
N6LS.C15,KER2008_12,1
PGT145,92UG031,1
10-1074,693_7989_V9_A7_1_REBOUND,1
TRNM-b.01,6471_V1_C16,1
GPZ6-a.01,RHPA4259_7,1
PGT145,S50408_1083WK_C40,1
N49P9,62357_14_D3_4589,1
VRC01,100711I_3_26,1
PGDM1400,8074_V7_E2_2,1
NIH45-46,3305_BM_C9,1
PG9,AC10_29,1
BG24,R2184_C4,1
VRC26.08,T257_31,1
PCIN71O,YU2,1
10E8v4,CNE55,1
PCIN71J2a,WITO4160_33,1
10E8v4,V704_1654_760_RE_PBLIB001_S,1
PG16,BJ28_13,1
PGT121,VC2_15_130809_019,1
4E10,SC13_EC26,1
PGDM1405,CAP210_E8,1
10E8,21561324_D3_B5,1
DJ85-b.01,ZM135_10A,1
N6,0815_V3_C3,1
PC39-28C,ADA,1
VRC38.01,Q259_17,1
N49P18.1,BJOX028000_10_3,1
49G2,6535_3,1
PCT64-35C,94UG103,1
N6LS.C51,3988_25,1
Min12A21,3016_V5_C45,1
DFPH-a.15,HXB2,1
VRC-PG05,703010054_2A2,1
VRC26.27,KER2018_11,1
VRC01,556_F2_3_25,1
VRC07-523-W54-LS.v3,TH023_6,1
8ANC131,C4118_9,1
VRC-CH34,YU2,1
PCT64-35B,704809221_1B3,1
VRC01,191647,1
10E8,CNE58,1
iMab,MS208_A1,1
b12,B023_ENV09,1
VRC26.27,0077_V1_C16,1
VRC38.01,CH038_12,1
VRC34.02,BG505_W6M_C2,1
SF2,TRO_11,1
N6LS.C15,YU2,1
N49P11,BF1266_431A,1
PGDM1400,TSG22Y03A0015_B15,1
10E8,AIIMS706_70606B,1
10-1074,6631_V3_C10,1
PG9,269_12,1
VRC-CH31,M02138,1
VRC40.02,SF162,1
PGT121,SC13_EC21,1
10E8,TSG23Y07A0013_A13,1
3BNC117,9342_D0_S21_B2,1
VRC01,H029_12,1
VRC01.23LS,231965_C1,1
10-1074,106_1_C_2_8,1
ACS130,QH0692_42,1
VRC08,SC422_8,1
SF5,A07412M1_VRC12,1
DFPH-a.15,3365_V2_C20,1
PGT128,92UG005,1
PC39-55A,ADA,1
4E10,15JS06,1
PGT145,QH209_14M_A2,1
PGT126,MUW101273A_EC07,1
PGT121,MUW101769A_EC05,1
VRC26.01,T257_31,1
48d,JRCSF,1
VRC08d,246_F3_C10_2,1
VRC01.23LS,V704_1991_230_RE_P001S_1194T,1
VRC07-523LS.v11,T255_34,1
VRC42.I3,P1981_C5_3,1
VRC01,V704_3008_040ESN,1
EN02_01_D03,RHPA4259_7,1
PC39-39B,92BR020,1
N49P6,CNE19,1
6070-a.01,BJOX002000_03_2,1
PGT151,V704_0856_240_RE_PB001_S,1
561_01_18,704809221_1B3,1
PGT128,S30108_217WK_C42,1
PCIN71O,WITO4160_33,1
VRC40.01,DU422_1,1
BG24,703010217_B6,1
VRC01,NAB01_C24,1
VRC26.25,25710_2_43,1
PG9,714910601_49,1
561_01_18,TSG21N01S055,1
35O22,Q769_D22,1
VRC26.08,CNE17,1
10E8,GX83_47,1
BG505.34,6535_3,1
M1214_N1,CE1086_B2,1
PGT152,ZM246F,1
10E8,263_8,1
PCIN71L,JRCSF,1
PG9,AIIMS709_70936B,1
PG9,100307I_2_26,1
3BNC117,T257_31,1
VRC42.02,DU156_12,1
35O22,AC10_29,1
2G12,B002_ENV03,1
PG16,CNXJ0651_5,1
3BNC117,6292_BL_D4_1,1
3BNC117,6292_BL_F2_2,1
PGT141,Q842_D12,1
561_01_18,TSG22Y04A0020_H20,1
EN02_04_A06,DU151_02,1
PC39-23B,ADA,1
PGZL1.H4K3,231965_C1,1
VRC07,ZM214_15,1
HJ16,TRO_11,1
PGDM1405,CNE21,1
N49P23,SC422_8,1
PCIN71G,Q23_17,1
N49P6,6240_08_TA5_4622,1
VRC26.08,20198102_E9_G1,1
PGT121,91C33_D0_S82_A4,1
3BNC117,693_7989_V9_B1_1_REBOUND,1
561_01_18,BJOX028000_10_3,1
VRC01,7_J20,1
PCT64-24E,191955_A11,1
VRC07-523-W54-LS.v3,ZM249_1,1
Bess4,X2088_C9,1
PGT121,VC1_E14_109920_026,1
SF5,6545_V4_C1,1
3BNC117,TSG22Y05E0043_BL43,1
VRC01,155_2_C_AS_6,1
N49P9,CAP45_G3,1
SF5,ZM109_4,1
VRC-PG20,BI369_9A,1
RHA1.V2.01,BI369_9A,1
VRC07-523LS.v32,928_28,1
DH270.5,RHPA4259_7,1
vFP48.02,6405_V4_C34,1
MEL-1842,MN_3,1
VRC-CH31,GX93_8,1
VRC26.01,BS208_B1,1
IOMA,HXB2,1
10E8,VRC607_11_14_A1,1
ACS202,ZM249_1,1
ACS202,HT593_1,1
PGDM1401,WITO4160_33,1
VRC01,BJ24_3,1
10E8,B01,1
EN02_04_A06,CA392_H2_6,1
N6,KNH1209_18,1
PGT143,6540_V4_C1,1
2F5,HN18A_41,1
VRC08,MI369_A5,1
RHA10.04,Q842_D12,1
PGT121,GX79_7,1
10-1074,BJOX029000_03_1,1
561_01_18,V704_0011_240_RE_PB003_S,1
10E8,SC28_EC1,1
VRC01,R880F,1
DH511.3,6101_1,1
PGT121,QH0515_1,1
PGT127,93UG077,1
VRC23b,JRCSF,1
N6,ZA012_29,1
VRC40.02,CNE30,1
DH270.6,CH038_12,1
10E8,VRC607_11_14_A2,1
VRC06,PVO_4,1
10E8v4,V704_0826_040SN,1
VRC26.03,DU151_02,1
MEL-2129,REJO4541_67,1
10E8,CA240_A5_5,1
VRC26.22,Q461_E2,1
VRC01,V704_1236_070ESN,1
561_01_18,V704_0751_190_RE_P001S,1
VRC34.01_mm28,ZM106_9,1
N49P19,P1981_C5_3,1
PCT64-24E,CNE8,1
CH103,REJO4541_67,1
VRC01b,703010217_B6,1
DH796.1,DU123_06,1
SF12,703010054_2A2,1
VRC26.23,ZM53_12,1
VRC42.01,DU156_12,1
PG16,92UG046,1
DH270.6,45_01DG5,1
m66.6,M02138,1
PGDM1400,1HD1_D0_012016_D6_S73,1
PC39-23D,X1193_C1,1
VRC26.25,TSG21S01E0001_STM01E,1
VRC03,X1193_C1,1
N6LS.C47,JRCSF,1
PGT121,6775_V7_D7_3,1
J033,246_F3_C10_2,1
4E10,VLGC_B3,1
N6LS.C15,BX08_16,1
10-1074,P940_2_C3,1
PC39-17C,JRCSF,1
PGT145,Q461_E2,1
10-1074,079_BT_SGA4,1
PGDM11,SC422_8,1
V033-a.01,BG505_W6M_C2,1
Y498,CH114_8,1
BG18,QH0692_42,1
10E8v4,V704_1775_030CN_SYNGTOA_567,1
VRC44.02,CNE5,1
VRC01,4403_BM_C5,1
VRC01,Q842_D16,1
DH511.2,BJOX028000_10_3,1
CH235,3468_V1_C12,1
VRC34.01_mm28,CNE4,1
ElsE1,CNE5,1
3BNC117,SS1196_1,1
VRC26.09,AIIMS706_70606A,1
10E8,102_AT_SGA5,1
3BNC117,CAP84_32,1
SF12,62357_14_D3_4589,1
561_01_18,T255_34,1
PGDM1401,6545_V4_C1,1
PGT137,SF162,1
10E8,CAP200_B8A,1
VRC44.01,ZM249_1,1
10-1074,2319_BL_B1_2,1
VRC-PG04,3168_V4_C10,1
NIH45-46,ZM106_9,1
PC39-55B,WITO4160_33,1
N6,S50725_295WK_C60,1
NIH45-46,CNE3,1
N6,CE0089_G2,1
3BNC117,VRC607_11_00_E8,1
IOMAmin3,BJOX028000_10_3,1
VRC03,B016_ENV02,1
N49P9,1054_07_TC4_1499,1
NIH45-46,MN_3,1
N6,C3347_C11,1
EN02_05_B08,CNE20,1
CH103,X1632_S2_B10,1
IOMAmin5,0013095_2_11,1
SF12,6405_V4_C34,1
CH103,6101_1,1
PGT128,714903902_43,1
IOMAmin5,CNE53,1
PCIN71K,HXB2,1
PC39-17A,DU172_17,1
VRC03,MUW104349A_EC03,1
PCIN71K,JRCSF,1
b12,6785_V5_C14,1
35O22,0815_V3_C3,1
N49P7.1,X2088_C9,1
PG9,HN6A_40,1
VRC06b,X1193_C1,1
3BNC117,S5206G5_581WK_C51,1
PG9,BJ176_1,1
DH511.12P,CNE30,1
PG9,BJ3_4,1
PGT124,ZM135_10A,1
PGDM1400,TSG21N01N013,1
ACS202,BJOX015000_11_5,1
VRC07-523LS.v32,QH209_14M_A2,1
438-B11,6535_3,1
PGDM1400,V704_1930_170_RE_C02S_1523G,1
PGZL1.H4K3,ZM214_15,1
VRC02,AC10_29,1
SF12,S50252_603WK_C11,1
VRC26.09,AIIMS704_70414,1
BG1,X1632_S2_B10,1
VRC26.25,AIIMS706_70607A,1
PCIN71G,QH0692_42,1
PGT142,BS208_B1,1
10E8,1811_B3_23,1
1B2530,ZM215_8,1
VRC26.21,ZM233_6,1
PCIN77D,Q23_17,1
VRC01-30fH/19fL,BG1168_1,1
2408b,16936_2_21,1
VRC43.01,CNE8,1
PCT64-18D,CNE5,1
PGZL1.H4K3,BJOX009000_02_4,1
PGDM1400,ZM249_1,1
561_02_12,ZM215_8,1
2G12,B037_ENV16,1
DH270 IA4,Q23_17,1
DH511.11P,CNE20,1
PG9,330_16_H2,1
DH511.2,CE2103_E8,1
DH511.2,269_12,1
VRC38.11,JRCSF,1
VRC-PG04b,16936_2_21,1
b12,CE2010_F5,1
N49P18.1,6480_V4_C25,1
2F5,SS1196_1,1
4E10,MI369_A5,1
179NC75,KNH1209_18,1
10E8,TSG22Y04A0002_H2,1
3BNC117,2990_V7_C1_4,1
EN02_01_D03,ZM53_12,1
N49P7,TH023_6,1
PGT121,SHIV_CNE40_JD14_W29_19,1
2G12,BJOX003000_19_1,1
PGT131,92BR020,1
2F5,15JS75,1
VRC07,3718_3_11,1
N49P9.3,X1632_S2_B10,1
EN01_007,6022_V7_C24,1
PGDM1400,2319_BL_A3_2,1
VRC42.02,25710_2_43,1
PGT121,SO431_C1_1,1
PGT135,98IN022,1
ACS202,263_8,1
10E8,TSG21N01N015,1
VRC42.01,263_8,1
VRC03,CNXJ1081_10,1
PGDM1400,CNE17,1
PG16,CNE19,1
iMab,ZM135_10A,1
VRC01.23LS,CM244_EC1,1
N6,TSG21S01E0001_STM01E,1
EN02_04_A06,KER2018_11,1
N6LS.C49,6322_V4_C1,1
PC39-50G,SC05_8C11_2344,1
10E8,100307I_2_7,1
BG18,9004SS_A3_4,1
PGDM1400,PG37089_J17,1
VRC34-pI3,BG505_W6M_C2,1
GPZ6-a.01,X1193_C1,1
3BNC117,2990_V7_C9_1,1
PGT131,98CN006,1
3BC315,6322_V4_C1,1
VRC07-523LS.v11,REJO4541_67,1
PC39-17A,CE1172_H1,1
PGT123,6535_3,1
DFPH-a.01,6540_V4_C1,1
N6,704809221_1B3,1
CH01,TH966_8,1
NIH45-46,MS208_A1,1
1B2530,A07412M1_VRC12,1
PGT126,WITO4160_33,1
561_01_18,TSG_EHI9,1
TRNM-a.01,CH117_4,1
gVRC-H1dC38/VRC01L,KER2008_12,1
1B2530,CNE53,1
8ANC195,CE0682_E4,1
2219,REJO4541_67,1
HJ16,NAB9PRE_CL_106,1
EN02_04_A06,CNE4,1
PG9,CNE21,1
PGT124,PVO_4,1
PGT158,X2131_C1_B5,1
PGT121,1054_07_TC4_1499,1
VRC26.25,ZM214_15,1
VRC43.01,6540_V4_C1,1
Ab1457,T250_4,1
VRC42.I3,CNE20,1
VRC01,1HB3_D0_102315_G10_S34,1
PGT145,B032_ENV07,1
VRC43.01,MW965_26,1
PGT145,SHIV_CNE40_JB98_W29_6,1
3BNC117,1HC1_W4_070516PL2_G5_S11,1
2408c.3,CNE53,1
GPZ6-a.01,BB539_2B13,1
VRC44.02,AC10_29,1
BG505.36,Q842_D16,1
SF3,M02138,1
VRC26.28,BG505_W6M_C2,1
3BNC117,0815_V3_C3,1
1C2-rabbit,CNE10,1
VRC34.01,KO426_T78_10,1
bNAb4251,CNE55,1
PG9,102149I_2_23,1
PGT124,263_8,1
BG505.69,Q842_D16,1
PG16,BJ3_4,1
10E8,R3265_C6,1
10E8,BJ168_17,1
PG16,CH181_12,1
2F5,BJ613_E1,1
10-1074,6113_BL_A3_4,1
VRC01,CH038_12,1
PC39-17A,PVO_4,1
NIH45-46,CNE53,1
N60P25.1,6535_3,1
PGDM1400,JRCSF,1
VRC44.02,CNE56,1
VRC38.02,BG1168_1,1
PCT64-24G,WITO4160_33,1
VRC42.02,T255_34,1
10E8v4,CAP84_32,1
447-52D,89_6,1
PCT64-24G,JRCSF,1
561_02_12,RHPA4259_7,1
IOMAmin5,CE2060_G9,1
PGT131,92UG005,1
PCIN71O,SS1196_1,1
PGT128,94UG103,1
EN01_007,V703_0926_070S_2H2,1
DH511.12P,DU123_06,1
561_01_18,6244_13_B5_4567,1
3906,SF162,1
PGT151,PVO_4,1
VRC42.01,MS208_A1,1
3BNC117,1536_V16_B1_3,1
ElsE1,C1080_C3,1
MEL-1872,YU2,1
PGT145,B009_ENV11,1
VRC26.25,TSG21S01E0017_STM16E,1
VRC01.23LS,ZM106_9,1
2F5,GX79_7,1
DF1W-a.02,3365_V2_C20,1
VRC07-523LS.v11,CNE3,1
8ANC195,1054_07_TC4_1499,1
DH270.2,ZM106_9,1
VRC07,CT885_H3_2,1
VRC07-523LS.v32,45_01DG5,1
N6,CAP258_2_00_X_23,1
PGDM1400,9372_BL_A10_1,1
CH01,CNE59,1
3BNC117,191859,1
VRC34.01_Combo1,CAP45_G3,1
VRC26.26,CE0682_E4,1
PGT145,0013095_2_11,1
PGDM1400,6095_V1_C10,1
VRC26.08,R2184_C4,1
EN02_05_B08,MS208_A1,1
BG18,TSG_EHI8,1
PGDM1400,2936_V9_B4_3,1
VRC26.25,2833264,1
10E8v4,V704_0925_110_RE_CS,1
VRC26.03,3337_V2_C6,1
DH511.12P,6644_V2_C33,1
10E8v4,CH119_10,1
PGT130,CNE30,1
2G12,B021_ENV08,1
iMab,249M_B10,1
PGT145,235080_3G7_REV,1
VRC01,B05,1
PG9,CAP260_2_00_TA1_1B,1
DH511.2,100711I_3_26,1
VRC44.01,BX08_16,1
VRC42.01,X1632_S2_B10,1
VRC26.05,3016_V5_C45,1
3BNC117,91C35_D0_S19_A4,1
VRC26.09,Q23_17,1
3BC315,3988_25,1
PGDM1400,NISA_N101_J12,1
EN01_007,CT140_140_B6,1
0.5gamma,QH0692_42,1
561_01_18,V704_0985_100SN,1
2411a,263_8,1
PCIN77C,KNH1144,1
PGT121,704010083_B8,1
PGZL1,BJOX015000_11_5,1
PGDM12,CNE19,1
1B2530,CE1086_B2,1
VRC40.02,DU172_17,1
PGDM1400,6113_V14_A11_1,1
PGT121,693_1969_V2_D7_8_BASELINE,1
10-1074,HXB2,1
VRC01,V704_2981_150_RE_P002S_2559A,1
VRC01,FR_2012_172,1
EN01_007,Q842_D12,1
EN02_05_B08,3365_V2_C20,1
VRC-PG04,0404_BM_B9,1
NC-Cow7,Q842_D12,1
DH270min11,BX08_16,1
EN02_04_A06,V704_0372_250_RE_PBLIB001_S,1
MEL-1872,703010010_C4,1
2G12,WITO4160_33,1
VRC44.01,CNE12,1
3BC315,TV1_29,1
PGT122,APV_13,1
PGT121,263_8,1
CH104,SF162,1
LN01,6240_08_TA5_4622,1
N6,TRO_11,1
4E10,AIIMS706_70607F,1
EN02_05_B08,CE2060_G9,1
NC-Cow8,MS208_A1,1
CH04,SC29_EC2,1
10E8,0013095_2_11,1
4E10,P2059_B12,1
PGDM1402,ZM246F,1
PGDM21,1006_11_C3_1601,1
ElsE1,3817_V2_C59,1
VRC07-523LS.v34,26191_2_48,1
4E10,92BR025_9,1
DFPH-a.03,CNE19,1
PGT121,101421I_2_23,1
VRC01,VC2_15_140616_065,1
VRC01,CNE55,1
HERH-c.01,ZM106_9,1
VRC08,CNE40,1
PGDM1400,693_1969_V2_D2_3_BASELINE,1
PCIN71G,3103_V3_C10,1
PG9,CAP37_1_18_D2_19,1
RHA10.04,CNE5,1
N49P9.3,P1981_C5_3,1
35O22,S10906_109WK_C19,1
10E8,15JS48,1
PC39-50B,ZM135_10A,1
PGDM1403,Q23_17,1
PGDM1400,SIV_GOR_BQID2,1
561_01_18,V704_1969_210_RE_PBSGA002_S,1
PGT145,VLGC_A1,1
PC39-55D,SC05_8C11_2344,1
b12,H022_7,1
N49P6,704809221_1B3,1
2158,BX08_16,1
VRC26.08,CH070_1,1
10E8,VRC607_15_00_J6,1
VRC01,A03349M1_VRC4A,1
VRC07-523LS.v11,6405_V4_C34,1
1F7,REJO4541_67,1
VRC07-523LS.v14,0330_V4_C3,1
VRC07,3468_V1_C12,1
2411a,TH966_8,1
3BNC117,62357_14_D3_4589,1
PCIN71P,TRO_11,1
FD22,CNE40,1
J029,CAP45_G3,1
10-1074,B023_ENV09,1
561_02_12,SC422_8,1
DH1317.4,WEAU_D15_410,1
N6LS.C30,263_8,1
DH511.11P,0260_V5_C36,1
10E8,CAP340_2_00_B3_16,1
LJF-0097,00836_2_5,1
10E8,CBJC515_08_24,1
EN02_04_A06,CAP45_G3,1
1B2530,CNE5,1
VRC26.08,6952_V1_C20,1
N60P25.1,ZM249_1,1
PGT145,TSG_EHI36,1
VRC01,H035_18,1
VRC26.08,304_F2_1_11,1
VRC34.01,093_PBMC_SGA14,1
DJ85-a.01,DU422_1,1
PGDM1400,V703_2631_150_RE_E2F8S,1
PCDN-38B,9004SS_A3_4,1
4E10,CAP327_2_00_C6_37,1
VRC38.03,KER2018_11,1
N49P11,Q842_D12,1
10E8,09GX310,1
PGT121,CA327_D2_2,1
10-1074,TSG_EHI14,1
DFPH-a.03,CNE21,1
N49P11,PVO_4,1
VRC33.01,CH181_12,1
PGT128,1107356_07,1
VRC26.01,ZM53_12,1
PGT151,KER2018_11,1
PC39-28C,SC05_8C11_2344,1
HERH-c.01,QH0515_1,1
561_01_18,TSG21S01A0004_C4,1
VRC43.03,TRJO4551_58,1
VRC01-5fH/6fL,ZA012_29,1
N6LS.C47,BB201_B42,1
PGT121,SC18_26,1
AIIMS-P01,330_16_A2,1
10E8-2fH/4fL,JRCSF,1
VRC-PG04b,ZM109_4,1
10E8v4,V704_0029_170_RE_P002S,1
PGT151,ZM55_28A,1
VRC07-523LS.v11,ZM215_8,1
SF3,YU2,1
PGT130,C3347_C11,1
N6LS.C49,92BR025_9,1
VRC01,651_AT_SGA2,1
N6LS.C30,CNE55,1
VRC08,3337_V2_C6,1
PCIN71G,6240_08_TA5_4622,1
2F5,CNE3,1
VRC01,BI206_W6P_A1,1
VRC26.25,B005018_8_F6_3,1
N6LS.C15,QH0692_42,1
VRC06b,CH181_12,1
VRC07,89_6,1
GPZ6-b.01,ZM233_6,1
VRC-PG04b,25710_2_43,1
PGT135,288_38,1
SF5,191955_A11,1
PGDM12,0815_V3_C3,1
3BNC117,20883229_C9_H6,1
4E10,ME178_G6_16,1
N49P9,MS208_A1,1
DH270min11,CH119_10,1
N49P9,BJOX028000_10_3,1
N49P6,AC10_29,1
PG9,TSG21Y02E0014_D14,1
KD-247,TRJO4551_58,1
PGT145,1012_11_TC21_3257,1
VRC34-pI3,191821_E6_1,1
EN02_01_D03,NKU3006_EC1,1
AIIMS-P01,MI206_W0M_B1,1
N60P1.1,1006_11_C3_1601,1
VRC-PG20,6785_V5_C14,1
QA013.3,SF162,1
4E10,15JS62,1
PCT64-24F,DU156_12,1
EN02_01_D03,BG505_W6M_C2,1
VRC07-523LS.v11,Q461_E2,1
10E8,SHIV_CNE40_JB98_W29_2,1
PG9,HT593_1,1
10E8v4,V704_1109_140_RE_CS,1
PGT126,B027_ENV08,1
DH270.5,TRJO4551_58,1
N6LS.C49,3168_V4_C10,1
VRC01-5fH/6fL,6101_1,1
10E8v4,ZA012_29,1
VRC08,CNE10,1
PCIN71I1a,0260_V5_C1,1
PGT135,CNE19,1
PGT121,45_01DG5,1
VRC07-523LS.v34,25925_2_22,1
VRC34.01_Combo1,UG021_16,1
561_01_55,IDC561_G09,1
TRNM-b.01,BI369_9A,1
PGT151,S11456_244WK_C77,1
4E10,H086_8,1
VRC42.04,40512V02_03_RV217,1
7H6,SC28_EC1,1
PGT121,CBJC515_06_23,1
917B11,6535_3,1
PC39-23D,DU156_12,1
10E8,BG1168_1,1
VRC34.01_mm28,CAP210_E8,1
VRC06b,CNE4,1
CH235.12,V704_0029_170_RE_P002S,1
CH02,R3265_C6,1
VRC26.32,PVO_4,1
DH796.1,25710_2_43,1
PGT126,YN6_23,1
iMab,89_F1_2_25,1
2F5,6405_V4_C34,1
VRC01,CAP200_B8A,1
LJF-0034,CE1086_B2,1
3BNC117,7190_V7_A9_8,1
PGT137,98CN009,1
VRC07,TSG_EHI41,1
PCIN71L,ZM246F,1
VRC42.I3,0013095_2_11,1
VRC06f,CNE8,1
VRC-PG20,HT593_1,1
10E8,434239_AA058_A04R,1
VRC01.23LS,CNE12,1
EN02_05_B08,TRO_11,1
RHA1.V2.01,001428_2_42,1
N6,3545883_G1_E1,1
PGDM1400,1HD9K_D0_070816_C3_S35,1
10E8 IgG mutant 5,A07412M1_VRC12,1
PGT121,704809221_1B3,1
EN02_01_D03,CNE55,1
VRC43.01,Q259_17,1
N49P7,KER2018_11,1
PGT128,2869751_A4_D3,1
PGT145,231966_C2,1
PC39-50K,Q842_D12,1
N49P6,R3265_C6,1
3BNC117,CA240_A5_5,1
PGDM12,LAI,1
N49P9.1,9004SS_A3_4,1
PGT121,TSG21N01N025,1
TRNM-d.01,ZM249_1,1
N6,V703_0514_150ES_A4_V02_028,1
10E8,3545883_G1_E1,1
10E8-2fH/0fL,DU156_12,1
VRC34.01,V703_0566_160_RE_PBLIB002_S,1
VRC-CH31,246_F3_C10_2,1
10E8,AIIMS743_74311G,1
PC39-50A,JRCSF,1
N6LS.C35,DU151_02,1
VRC01,15JS79,1
10E8,VRC607_5_28_B10,1
DH511.4,6540_V4_C1,1
VRC-PG20,CNE57,1
HERH-a.01,45_01DG5,1
8ANC134,KNH1209_18,1
CH01,191084_B7_19,1
VRC34.01,DJ263_8,1
VRC07-523LS.v14,3337_V2_C6,1
iMab,CNE53,1
VRC01.23LS,V704_2541_080_RE_P003S,1
vFP20.01,KNH1209_18,1
b13,MW965_26,1
10E8v4,BJOX025000_01_1,1
PCDN-33A,X2131_C1_B5,1
VRC43.01,620345_C1,1
561_01_18,TSG_EHI39,1
MEL-2129,JRCSF,1
PC39-61B,704809221_1B3,1
PGT128,703010200_1E5,1
35O22,3016_V5_C45,1
Z13e1,BJOX010000_06_2,1
3BNC117,TSG_EHI60,1
VRC40.02,CNE31,1
VRC40.02,R3265_C6,1
2G12,SC422_8,1
VRC-PG04,0439_V5_C1,1
N6LS.C35,Q259_17,1
PGZL1,HXB2,1
DH511_I4,CNE8,1
35O22,B012_ENV02,1
PCDN-38B,MS208_A1,1
VRC-PG04,DU156_12,1
10E8-2fH/10fL,6101_1,1
PGT142,TH023_6,1
PGDM1400,X2131_C1_B5,1
N49P7.1,CE0682_E4,1
PCIN71I1a,211_9,1
TRNM-b.01,CNE40,1
3BNC117,20198102_E9_G1,1
VRC-PG04,94KE105,1
PGDM1400,1HC3_W4_012016_H5_S21,1
CH01,BS208_B1,1
VRC33.01,CH117_4,1
PGT121,MG505_W0M_A2,1
AIIMS-P01,ML274_W0M_F1,1
DH511.12P,CNE12,1
DH511.2,CE0393_C3,1
VRC43.01,BG1168_1,1
35O22,BB539_2B13,1
VRC26.15,PVO_4,1
VRC-CH31,A03349M1_VRC4A,1
VRC07,CAP258_2_00_X_23,1
VRC07,CA392_H2_6,1
PGT121,TSG_EHI29,1
10-1074,BJOX019000_02_1,1
2G12,B007_ENV01,1
VRC40.02,6785_V5_C14,1
PGT127,6811_V7_C18,1
PGT124,ZM246F,1
VRC02,UG024_2,1
PGDM1400,6113_V14_A10_1,1
2F5,SC30_EC11,1
PGDM1400,1HD1_D0_012716_B7_S16,1
CH01,SC30_EC9,1
PCT64-35D,CNE17,1
ACS125,ZM135_10A,1
PCT64-18F,CAP45_G3,1
VRC40.02,CH117_4,1
HERH-c.01,288_38,1
N49P18.1,AC10_29,1
N6LS.C58,ZM135_10A,1
561_01_18,234_F1_16_57,1
N6LS.C35,DU156_12,1
PG9,2865_A11_12,1
N49P6,CNE17,1
CH01,SC19_15,1
VRC42.I3,6644_V2_C33,1
10E8v4,V704_3000_240_RE_PBSGA001_S,1
PGT131,92RW009,1
VRC01,714903902_42,1
PG9,ZENV91_0505_12,1
VRC01,1HD6K_W4_070516_G5_S26,1
NIH45-46,C3347_C11,1
CH04,191084_B7_19,1
10E8,40700V03_06,1
PGDM1401,89_F1_2_25,1
N49P9.3,89_F1_2_25,1
4E10,BC09,1
PC39-50D,JRCSF,1
DH851.1,TRO_11,1
10E8v4,3337_V2_C6,1
3BNC117,693_2215_V2_D11_9_BASELINE,1
3BNC117,6775_BL_F5_2,1
VRC07-523-W54-LS.v3,R3265_C6,1
8ANC195,SG3,1
N49P18.1,DU172_17,1
VRC07,CAP331_2_00_D7_39,1
10-1074,9341_D0_S87_B4,1
2F5,REJO4541_67,1
BG1,CNE20,1
PGT121,AIIMS704_70401,1
CH235.12,V704_1706_050SN,1
PGT135,QH0515_1,1
10E8,079_PBMC_SGA9,1
CH235.12,CNE21,1
7H6,MN_3,1
VRC26.25,BJOX009000_02_4,1
561_01_18,V704_0892_090_RE_P003S,1
PGT121,DRVI01_0803_14,1
CH28,ZM214_15,1
2723-3055,25710_2_43,1
PGDM1400,KNH1209_18,1
VRC08,Q842_D12,1
PGDM1400,693_1969_V2_D7_8_BASELINE,1
VRC01,TSG_EHI12,1
N6,BJOX002000_03_2,1
VRC07,346_F4_D2_12,1
PG16,B41_9032_08_A1,1
DH511.12P,C1080_C3,1
PG16,GZ30_6,1
VRC40.02,DU151_02,1
BG24,C1080_C3,1
4E9C,ZM109_4,1
PCIN71H,KNH1144,1
VRC03,CNE31,1
VRC42.01,92BR025_9,1
PGT128,QB857_110I_B3,1
10E8,653116_6_49YPI_SGA39_NE1,1
VRC42.N1,7165_18,1
GPZ6-b.01,CNE58,1
PGT151,ZM214_15,1
vFP53.02,REJO4541_67,1
N6LS.C1,TRJO4551_58,1
2F5,1051_12_C22_3325,1
10-1074,SC20_EC01,1
PG16,DJ263_8,1
PCIN71L,62357_14_D3_4589,1
BG18,TSG_EHI16,1
10E8,CNE57,1
561_01_18,V704_2839_140_RE_CS,1
3BNC117,1HB3_D0_102915_B2_S49,1
LJF-0085,Q23_17,1
10E8,CNE56,1
PG9,TSG21N01N029,1
PCIN71G,CNE19,1
3BNC60,AC10_29,1
VRC26.03,ZM106_9,1
PC39-23D,ADA,1
EN02_05_B08,CNE14,1
VRC26.30,C1080_C3,1
EN02_05_B08,A03349M1_VRC4A,1
VRC26.25,704809221_1B3,1
PGDM1403,3817_V2_C59,1
6070-a.01,CAP45_G3,1
EN02_04_A06,V704_3000_240_RE_PBSGA002_S,1
Min12A21,CNE53,1
561_01_55,R3265_C6,1
VRC34-pI3,CH117_4,1
V031-a.01,T257_31,1
gVRC-H1dC38/VRC01L,BR07,1
35O22,MUW101769A_EC05,1
NIH45-46,BJOX028000_10_3,1
VRC26.28,CAP210_E8,1
VRC02,6480_V4_C25,1
PGT128,SHIV_CNE40_JB98_W29_2,1
4022,MW965_26,1
10-1074,FR_2008_66,1
VRC07-523LS.v11,6095_V1_C10,1
PCIN71C,DU156_12,1
N49P7.1,TRJO4551_58,1
N6LS.C51,HXB2,1
3BNC117,0702_BM_B4,1
CH27,RHPA4259_7,1
vFP53.02,0077_V1_C16,1
VRC01,CNE7,1
N6LS.C30,ZM53_12,1
PG9,HUB199_1,1
RHA1.V2.01,0330_V4_C3,1
PGT145,6322_V4_C1,1
3BNC117,2990_V7_D4_4,1
42056-a.01,3016_V5_C45,1
VRC03,6785_V5_C14,1
DH511.12P,0330_V4_C3,1
HERH-a.01,CNE19,1
PG9,BF535_A1,1
Z13e1,6244_13_B5_4567,1
EN02_04_A06,V703_0636_200ES,1
VRC-PG20,ZA012_29,1
PGDM1400,9372_V7_G2_2,1
10E8,VRC607_9_14_A12,1
PGT121,3_5_J25,1
PCIN71M1a,6535_3,1
VRC-PG04,6240_08_TA5_4622,1
EN02_05_B08,0330_V4_C3,1
PGT145,SC20_EC01,1
DH796.1,20358510_01,1
VRC42.02,QH209_14M_A2,1
10E8-0fH/4fL,KER2018_11,1
3BNC117,0404_BM_F3,1
4E10,AIIMS706_70607B,1
PGT125,VLGC_A1,1
VRC03,VI1090,1
VRC07,CAP310_2_00_20_2,1
40591-a.01,249M_B10,1
DH511.12P,3817_V2_C59,1
EN02_05_B08,M02138,1
M1214_N1.2,CE2060_G9,1
DH270.6,CNE12,1
2411a,BJOX025000_01_1,1
PGT141,7165_18,1
N6LS.C47,3817_V2_C59,1
CH03,T278_50,1
EN02_04_A06,19157834_V1,1
VRC34-pI3,T250_4,1
PCIN71L,Q769_D22,1
PC39-23D,P1981_C5_3,1
ElsE1,246_F3_C10_2,1
N49P6,A07412M1_VRC12,1
PG16,3168_V4_C10,1
NC-Cow1,T257_31,1
10E8,CT966_E1_7,1
PGT128,714909105_17,1
N49P7,6244_13_B5_4567,1
10E8,CBJC504_05_34,1
0PV-c.01,REJO4541_67,1
PG9,1209_BM_G5,1
VRC01.23LS,6631_V3_C10,1
VRC44.02,KER2018_11,1
PG16,AIIMS706_70607B,1
DFPH-a.01,Q23_17,1
PGT145,703010228_1C4,1
PGT143,93TH305,1
BG18,CNE30,1
PGT142,CNE21,1
VRC01,VC1_E14_109920_044,1
GPZ6-a.01,MI369_A5,1
VRC26.28,ZM249_1,1
DH511.2,25925_2_22,1
PG16,GX24_8,1
PC39-55C,TRO_11,1
NIH45-46,CNE12,1
PGDM1401,T257_31,1
VRC-CH31,21020_13,1
VRC07-523LS.v11,TH023_6,1
4E10,SC21_28,1
VRC01,EN3D071,1
VRC01,155_2_C_AK_10,1
MinVRC01,001428_2_42,1
10E8,DRVI01_0912_2,1
PGT145,NAB01,1
N6,16845_2_22,1
PGT121,LT1_09_J8,1
CH01,BJOX002000_03_2,1
3BNC117,C3347_C11,1
561_01_18,6811_V7_C18,1
4E10,HB5_3,1
PGT151,286_36,1
VRC26.03,16055_2_3,1
DH511.2,BB539_2B13,1
10E8,6322_V4_C1,1
PGDM1400,SIV_GOR_CP2139,1
VRC07-523-W54-LS.v3,92BR025_9,1
PG9,Q769_D22,1
PGDM1400,318_AT_SGA8,1
10E8,102149I_2_23,1
VRC34-pI4,3718_3_11,1
VRC42.01,0330_V4_C3,1
3BNC117,3603_C11_13,1
DF1W-a.01,HXB2,1
N49P18.1,RHPA4259_7,1
PGT145,CNE31,1
VRC08,X1193_C1,1
VRC01,2_3_J17,1
3BNC117,SC21_EC28,1
PGDM1404,CE2060_G9,1
MEL-2129,Q259_17,1
VRC01,1HC2_D0_012216_F9_S75,1
HJ16,92RW009,1
10E8,BJ24_3,1
VRC34.01_Combo1,BJOX009000_02_4,1
VRC43.01,40512V02_03_RV217,1
1B2530,704809221_1B3,1
N49P7,CE2052_G10,1
VRC06b,CNE30,1
VRC26.25,330_14_A20,1
VRC07-523LS.v11,P1981_C5_3,1
3BC315,CNE59,1
VRC07-523LS.v11,231965_C1,1
N6,TSG_EHI14,1
N49P19,T255_34,1
VRC01.23LS,V704_2981_150_RE_P002S_2559A,1
PG9,GX8C_31,1
VRC01,TSG21S01A0002_STMART01,1
561_01_18,19707346_E8_C6,1
PGT123,0330_V4_C3,1
VRC26.11,KER2018_11,1
N49P11,CAP45_G3,1
VRC06,T280_5,1
N49P7,89_6,1
561_01_55,R2184_C4,1
N6LS.C35,7165_18,1
PGT121,3988_25,1
N6,BAL_26,1
561_01_18,V703_0514_150ES_A4_V02_028,1
3BNC117,CNE56,1
PCIN66B,REJO4541_67,1
VRC-PG20,T280_5,1
PGDM1400,CAP378_2_00_D2_5,1
VRC07-523LS.v14,25925_2_22,1
2F5,192018_B1_9,1
NC-Cow1,TRJO4551_58,1
N49P7,CH070_1,1
VRC01-30fH/10fL,TRJO4551_58,1
PG16,NAB13PRE_CL_9,1
ACS202,3988_25,1
N6LS.C15,191821_E6_1,1
VRC01,MUW104349A_ECRH,1
PGT145,249M_B10,1
VRC07,TSG21N01N018,1
DH511.11P,269_12,1
10-1074,UG021_16,1
SF12,S32505_230WK_C18,1
N6LS.C49,001428_2_42,1
VRC26.27,DU151_02,1
VRC07-523-F54-LS.v3,KER2008_12,1
VRC02,BAL_26,1
PG16,KER2008_12,1
N6,21020_13,1
VRC-PG04,249M_B10,1
ACS202,RHPA4259_7,1
VRC01,CNE65,1
VRC01,4_2_J47B,1
EN02_04_A06,REJO4541_67,1
PCT64-24E,Q23_17,1
561_02_12,231966_C2,1
N6,CH038_12,1
N6LS.C15,DU422_1,1
N6LS.C49,0260_V5_C36,1
DH270min12,6785_V5_C14,1
2F5,MS208_A1,1
VRC42.01,6540_V4_C1,1
10-303,SS1196_1,1
PGT121,TSG_EHI59,1
12A12,KER2018_11,1
DH270min1,16845_2_22,1
N6LS.C30,6785_V5_C14,1
VRC07-523LS.v32,BB201_B42,1
PGT130,Q23_17,1
PCIN71I1a,DU172_17,1
N6LS.C35,00836_2_5,1
41328-a.01,Q842_D12,1
O.1,JRCSF,1
3BNC117,0404_BM_G3,1
VRC-CH31,3718_3_11,1
VRC26.21,ZM53_12,1
10E8,703010200_1E5,1
VRC01,GX54_6,1
10E8-19fH/10fL,PVO_4,1
VRC01.23LS,V704_0746_760_RE_P002S,1
447-52D,DJ263_8,1
3BNC117,CNE8,1
VRC26.25,TSG21S01E0033_C33,1
PC39-55B,6535_3,1
10-1074,TSG_EHI41,1
VRC-PG04,92TH021,1
2413a,45_01DG5,1
PGT126,B015_ENV04,1
CAP248-2B,V704_1535_030SN,1
10-1074,BB201_B42,1
4E10,100307I_2_7,1
PGDM1400,ME067_A10_15,1
TRNM-b.01,TV1_29,1
7H6,126652V01_EC5,1
VRC-PG04,MI369_A5,1
3BNC117,VRC607_3_00_B12,1
10-1074,FR_2001_47,1
CH235.12,ZM215_8,1
10-996,BAL_26,1
VRC07,703010228_1C4,1
10-1074,6292_V7_C8_1,1
179NC75,NKU3006_EC1,1
PCDN-38B,0260_V5_C1,1
VRC26.09,MG505_W0M_A2,1
DH511.11P,S5213G5_230WK_C27,1
2413b,6785_V5_C14,1
CH03,T257_31,1
561_02_12,C1080_C3,1
3BNC117,6113_V14_A10_1,1
b12,DU172_17,1
VRC01,11_J28,1
VRC26.09,CNE5,1
3BNC117,CNE21,1
PGT143,211_9,1
N6,191882,1
PGT123,94KE105,1
M1214_N1,3103_V3_C10,1
VRC07-523-F54-LS.v3,0439_V5_C1,1
2411a,MI369_A5,1
2413b,HT593_1,1
VRC01.23LS,Q461_E2,1
LJF-0142,CAP45_G3,1
PGT128,703010217_B6,1
N49P18.1,ZM53_12,1
BG1,3817_V2_C59,1
10-1074,093_TF_SGA17,1
PG16,B033_ENV02,1
35O22,S30743_346WK_C88,1
DH270 IA1,CH848_D836_10_31,1
VRC-CH31,703010200_1E5,1
N49P11,Q23_17,1
TRNM-b.01,QH209_14M_A2,1
VRC03,MUW101273A_ECRH,1
2F5,Q23_17,1
VRC-PG20,KER2018_11,1
DH851.2,BJOX009000_02_4,1
EN01_007,21492713_B11_E3,1
PGT145,CE0665_F2,1
EN02_04_A06,V704_0575_060_ESN2T,1
PGDM1400,91C35_D0_S33_A5,1
DH511.2,BG1168_1,1
7H6,Q769_D22,1
561_01_18,V704_1739_210_RE_P002S_CTOTAT8,1
10E8,Q769_D22,1
N6,VA40774,1
VRC40.01,DU151_02,1
PCT64-18D,ZM233_6,1
PGT121,TSG21S01A0004_C4,1
561_01_18,TSG_EHI27,1
PCIN71G,HXB2,1
N49P7.2,ZM135_10A,1
CH98,DU156_12,1
N49P7.1,3103_V3_C10,1
N6LS.C35,QH0515_1,1
ACS101,X1632_S2_B10,1
4E10,079_LN_SGA3,1
PGT130,B023_ENV09,1
10E8,VRC607_6_00_A11,1
VRC07,ME178_G6_16,1
DFPH-a.01,CH117_4,1
DH511.11P,S50408_1083WK_C40,1
CH235,CM244_EC1,1
NC-Cow1,92TH021,1
DH511.11P,3589_V1_C4,1
4E10,EN3C059,1
EN01_007,X1193_C1,1
561_01_18,V704_1783_150_RE_CS,1
N49P7.2,DU156_12,1
TRNM-b.01,263_8,1
VRC-PG20,CNE30,1
N6LS.C15,CNE4,1
ACS202,V704_0907_130SN,1
VRC-CH31,GX83_47,1
PGT124,1006_11_C3_1601,1
561_02_12,CNE5,1
N6LS.C35,45_01DG5,1
TRNM-f.01,6101_1,1
2G12,101421I_2_23,1
PG9,T255_34,1
VRC34.01_mm28,CH117_4,1
b12,SC22_16,1
PG9,MG505_W0M_C2,1
10-1074,TSG21N01N018,1
vFP7.05,TH023_6,1
PGT121,EN1_120250_052,1
EN02_04_A06,JRCSF,1
PGT145,Q769_D22,1
PGT126,TRJO4551_58,1
PG9,0330_V4_C3,1
VRC02,ADA,1
BG24,231965_C1,1
PC39-50G,0260_V5_C1,1
N49P23,3103_V3_C10,1
VRC34.01_mm28,89_6,1
561_01_18,QH0692_42,1
SF10,001428_2_42,1
VRC01,1HC3_D0_012216_B1_S40,1
2F5,BJ39_14,1
PC39-50J,DU172_17,1
PGT151,AIIMS704_70414,1
VRC44.01,CH038_12,1
VRC38.01,CM244_EC1,1
VRC07-523LS.v11,ZM233_6,1
PGT158,620345_C1,1
Bess4,620345_C1,1
M1214_N1.2,BJOX010000_06_2,1
VRC42.02,CNE30,1
VRC01.23LS,V703_0629_150_RE_PBLIB002_S,1
VRC42.02,0330_V4_C3,1
VRC34.01,CAP45_G3,1
10E8,VRC607_1_00_A8,1
VRC34-pI4,BX08_16,1
PCIN77B1b,SC422_8,1
PGDM1400,2305_V7_H5_1,1
HERH-a.01,DU172_17,1
VRC07-523LS.v11,DU156_12,1
4E10,CH181_12,1
VRC26.01,CH038_12,1
PGT121,B007_ENV01,1
b12,ZM53_12,1
VRC08,16055_2_3,1
VRC06,CNE53,1
8ANC195,HT593_1,1
VRC34.01_Combo1,BB201_B42,1
ElsE1,DU156_12,1
VRC03,CNE53,1
10-1074,AIIMS731_73105H,1
VRC26.25,5_4_J18,1
M1214_N1,191084_B7_19,1
PGT151,SC26_EC08,1
10E8v4,V704_1802_080SN_01,1
PGT130,92RW009,1
DFPH-a.15,6644_V2_C33,1
8ANC195,89_6,1
PGT143,94KE105,1
561_02_12,CE1086_B2,1
PGDM1400,V703_1675_G613S,1
4E10,40700V03_06,1
VRC01,00836_2_5,1
TRNM-b.01,BJOX002000_03_2,1
EN02_01_D03,CE0393_C3,1
VRC01,1HC3_W4_012016_G1_S19,1
FD22,SF162,1
PCIN71I1a,RHPA4259_7,1
10E8,705010067_TF,1
PCDN-38A,CNE20,1
10E8v4,SC422_8,1
PC39-28E,DU172_17,1
N6LS.C30,3168_V4_C10,1
VRC42.01,0815_V3_C3,1
VRC42.N1,ADA,1
PGT126,B023_ENV09,1
VRC26.26,A07412M1_VRC12,1
VRC07-523LS.v14,BJOX002000_03_2,1
561_01_18,21502011_F12_E2,1
VRC23,3365_V2_C20,1
35O22,BJOX028000_10_3,1
PC39-28D,DH12,1
N49P11,1012_11_TC21_3257,1
O.4,SS1196_1,1
PGT151,NAB9PRE_CL_106,1
12A21,703010054_2A2,1
PCIN71G,703010200_1E5,1
35O22,SC28_EC7,1
VRC07-523LS.v14,MS208_A1,1
PGT128,EN3D071,1
EN02_04_A06,V704_2544_150_RE_P001S,1
EN02_01_D03,TH966_8,1
DH270min1,286_36,1
EN02_05_B08,26191_2_48,1
2413b,Q23_17,1
VRC33.01,3337_V2_C6,1
VRC07-523-W54-LS.v3,BJOX010000_06_2,1
PGT151,249M_B10,1
4E10,X2687_F3,1
PGT151,V703_0629_150_RE_PBLIB004_S,1
PCT64-24E,6540_V4_C1,1
gVRC-H1dC38/VRC01L,JRCSF,1
3BNC117,1HD4K_W4_062316PL3_B9_S29,1
8ANC134,ZM214_15,1
PG16,CH120_6,1
vFP5.01,HXB2,1
3BNC117,3728_V2_C6,1
SF5,263_8,1
PGT121,TSG21Y02E0014_D14,1
4E10,BC08,1
VRC34-pI4,25710_2_43,1
N6LS.C35,UG021_16,1
DH796.1,21203310_G7_C3,1
PCIN77D,CE2060_G9,1
Ab1461,JRCSF,1
VRC07-523-F54-LS.v3,288_38,1
VRC40.01,3589_V1_C4,1
N6LS.C35,CNE10,1
BG18,TSG21N01N011_C10,1
VRC02,H061_14,1
VRC26.08,3365_V2_C20,1
10E8,DRVI01_0803_12,1
10-1121,TRJO4551_58,1
N49P11,SC422_8,1
PCIN71P,DU172_17,1
BG18,62357_14_D3_4589,1
VRC01,318_AT_SGA1,1
VRC26.18,ZM233_6,1
VRC42.N1,SC422_8,1
4E10,XJ16_6,1
N6LS.C58,DU422_1,1
7H6,B023_ENV09,1
PCDN-38B,231965_C1,1
VRC26.29,Q461_E2,1
CH01,100711I_3_26,1
N6LS.C49,CNE21,1
1C2-rabbit,BAL_26,1
PC39-23D,YU2,1
VRC41.01,CNE30,1
BG18,CH119_10,1
N49P19,Q461_E2,1
N49P7,21197826_V1,1
BG1,T251_18,1
4E10,GX74_20,1
VRC-CH31,9004SS_A3_4,1
3BNC60,DU156_12,1
DH270.1,DU123_06,1
PCDN-38B,CNE53,1
3BNC117,TSG22Y04A0020_H20,1
VRC01-8fH/10fL,PVO_4,1
N6LS.C15,CM244_EC1,1
1B2530,Q23_17,1
PGT121,CA457_H1_1,1
8ANC195,NKU3006_EC1,1
VRC26.25,234_F1_16_57,1
1B2530,CNE55,1
EN02_05_B08,BAL_26,1
VRC42.N1,CNE57,1
EN02_04_A06,V704_0855_080_ESN,1
VRC34.01,102_AT_SGA1,1
NC-Cow10,MG505_W0M_A2,1
VRC34.01_mm28,TV1_29,1
10E8,155_2_C_AF_6,1
ElsE1,BJOX002000_03_2,1
PGT128,VLGC_B3,1
VRC07-523LS.v34,WITO4160_33,1
N60P2.1,Q23_17,1
CH01,R3265_C6,1
VRC07-523LS.v32,DU123_06,1
MinVRC01,928_28,1
VRC06b,ZM53_12,1
N6LS.C1,P1981_C5_3,1
CH235.12,6101_1,1
N6LS.C49,ZM106_9,1
CH235,246_F3_C10_2,1
44715-a.01,C3347_C11,1
VRC43.01,CNE56,1
VRC07,CNE57,1
3BNC117,9342_W20_S50_A1,1
J038,CH070_1,1
PGT121,MUW100708A_EC11,1
VRC26.25,Q461_E2,1
N49P19,ZM109_4,1
4E10,653116_6_49YPI_SGA39_NE1,1
PGDM1405,ZM53_12,1
VRC42.N1,6405_V4_C34,1
VRC38.01,92BR025_9,1
N49P9.3,ZM246F,1
PC39-45A,QH0692_42,1
2F5,GX54_6,1
RHA10.01,231966_C2,1
10-1074,2936_BL_E10_2,1
CH235.12,V704_2838_260_RE_PBLIB001_S,1
PGT126,100504I_20,1
DH511.4,YU2,1
N6,620345_C1,1
PC39-39A,YU2,1
N6LS.C35,KNH1209_18,1
DH511.4,TRO_11,1
N6LS.C51,6631_V3_C10,1
N6LS.C51,BS208_B1,1
RHA1.V2.04,25710_2_43,1
PGT122,94UG103,1
PGT142,MS208_A1,1
PCT64-24G,92TH021,1
DH511.1,CNE58,1
10-1146,6535_3,1
N6,IDC561_G10,1
4E10,CBJC504_06_20,1
VRC26.09,CNE58,1
IOMA,SC05_8C11_2344,1
10E8,GX68_5,1
DH511.11P,CNE30,1
VRC01.23LS,V704_2767_070SN,1
N6LS.C15,3988_25,1
PCT64-35G,191955_A11,1
N6LS.C58,PVO_4,1
DH270.1,MW965_26,1
N49P7,0330_V4_C3,1
VRC01,V704_1731_070EN_04,1
561_01_18,20417927_07,1
3BNC117,001428_2_42,1
VRC26.25,2768732_C5_16,1
PGDM1400,TSG21N01N025,1
N6LS.C30,191821_E6_1,1
DH851.1,BJOX009000_02_4,1
PGT151,093_AT_SGA1,1
VRC01,318_AT_SGA8,1
VRC07-523-W54-LS.v3,NKU3006_EC1,1
M1214_N1,T257_31,1
VRC40.01,CNE20,1
10E8,CBJC515_05_20,1
PG16,ZENV91_0505_12,1
PGDM1400,Q259_17,1
AIIMS-P01,MK184_W0M_G3,1
4E10,620345_C10,1
DH511.2,286_36,1
VRC42.I3,DU151_02,1
VRC08,CNE20,1
PGDM1400,611_D14_MH8,1
N6LS.C49,CNE58,1
PG16,286_36,1
VRC26.25,AIIMS743_74311N,1
3BNC117,SO405_T24_5,1
b12,3514597,1
VRC02,ZM109_4,1
VRC26.27,TH966_8,1
VRC07,ZM55_28A,1
VRC01.23LS,CNE53,1
PGDM1400,V703_1104_100_RE10A5S,1
VRC07-523LS.v14,JRCSF,1
DH511.2,Q259_17,1
DH270min11,6644_V2_C33,1
VRC44.02,P1981_C5_3,1
gVRC-H1dC38/VRC01L,BG1168_1,1
EN02_01_D03,ZM247_V1,1
PC39-50A,RHPA4259_7,1
BG505.49,SF162,1
VRC-PG04,ZM233_6,1
10E8,CAP327_2_00_C6_37,1
PGT128,CNE53,1
561_02_12,16055_2_3,1
PGDM1400,E08364M4_EC3,1
PGT121,BC16,1
VRC23,QH0515_1,1
N6LS.C15,X1632_S2_B10,1
EN01_007,CE2052_G10,1
PGT123,TV1_29,1
PGT145,B027_ENV01,1
DH511.12P,3337_V2_C6,1
10-996,RHPA4259_7,1
PGT145,TSG_EHI40_C18,1
CH106,QD435_100M_A4,1
PGT126,B036_ENV13,1
3BNC117,1HD2_PREINF_051916_D8_S66,1
N49P6,9004SS_A3_4,1
EN02_04_A06,CE0393_C3,1
N49P18.1,CE1086_B2,1
3694,DJ263_8,1
VRC34.01,V704_0128_220_RE_PB001_S,1
42056-a.01,T250_4,1
VRC34.01,V704_1835_150_RE_P002S_2484A,1
N6,TSG21N01N011_C10,1
10-1074,693_1969_V2_A2_3_BASELINE,1
NC-Cow5,MG505_W0M_A2,1
2411a,0260_V5_C36,1
10E8,DU172_17,1
8ANC195,CNE19,1
12A12,1054_07_TC4_1499,1
2413b,92BR025_9,1
VRC01-30fH/19fL,ZM55_28A,1
PG9,BJ6_17,1
NC-Cow1,92BR020,1
CH235.12,T251_18,1
VRC33.01,16055_2_3,1
PGT121,25711_2_4,1
VRC26.25,VB98_J1,1
CH03,SC12_EC4,1
gVRC-H1dC38/VRC01L,6535_3,1
PGT126,704809221_1B3,1
35O22,BJOX010000_06_2,1
PCIN71G,Q259_17,1
VRC34.01_mm28,0077_V1_C16,1
VRC34.01_mm28,A03349M1_VRC4A,1
V033-a.01,288_38,1
561_01_18,V704_1236_070ESN,1
EN02_04_A06,V703_0790_190_RE_E5G1S,1
PC39-28E,SF162,1
4E10,CNE6,1
VRC01,GZ30_6,1
3BNC117,434239_AA058_A04R,1
PGZL1,P1981_C5_3,1
3019,SS1196_1,1
VRC01,S52026_432WK_C83,1
PGZL1_gVmDmJ,0013095_2_11,1
VRC-CH31,CNE10,1
E51,25710_2_43,1
2408c.3,YU2,1
PCIN71G,BF1266_431A,1
PGT130,BF1266_431A,1
VRC01,191084_B7_19,1
BG505.61,Q842_D16,1
561_01_18,TSG_EHI50,1
Z13e1,CNE56,1
DFPH-a.03,263_8,1
PGT121,B003_ENV04,1
PG9,AIIMS706_70607C,1
PC39-55C,CNE21,1
PGT126,B021_ENV03,1
3BNC117,1536_V15_D6_1,1
VRC07-523LS.v32,6644_V2_C33,1
VRC26.22,CAP210_E8,1
DH270.1,714909105_14,1
VRC42.N1,CNE40,1
DH511_I1,246_F3_C10_2,1
VRC01,QA255_21P_A15,1
VRC01,VC5_15_130814_057,1
VRC01,CNXJ0651_10,1
PCIN71M1a,RHPA4259_7,1
F105,CNE4,1
VRC01,079_PBMC_SGA9,1
PCT64-24B,BG505_W6M_C2,1
PGT128,100155M_33,1
PC39-50F,WITO4160_33,1
PG9,1107356_07,1
LN01,DU422_1,1
VRC07-523LS.v34,3988_25,1
VRC01,EN1_120250_011,1
VRC07,288_38,1
HJ16,ZM215_8,1
PG16,SIV_CPZ_MT145,1
VRC01,CAP269_2_00_F11_1,1
1C2-rabbit,703010217_B6,1
b13,UG024_2,1
VRC26.26,CNE8,1
EN02_04_A06,3337_V2_C6,1
PG16,3468_V1_C12,1
3BNC117,CAP340_2_00_B3_16,1
17b,CNE4,1
VRC34.01_mm28,MI369_A5,1
N6LS.C51,CNE55,1
VRC07-523LS.v14,263_8,1
10-1121,BAL_26,1
2411a,45_01DG5,1
PGT143,Q461_E2,1
PGT124,T251_18,1
PGT145,CNE58,1
PGT128,NKU3006_EC1,1
VRC07-523LS.v34,BI369_9A,1
VRC01-8fH/10fL,TRJO4551_58,1
DH270.4,100052I_2_15,1
10E8,GZ30_6,1
VRC07-523LS.v34,CNE10,1
10-1074,SC26_EC33,1
PGT121,BC06,1
8ANC134,CH181_12,1
3BC315,MN_3,1
EN01_007,C1080_C3,1
CH01,C4118_9,1
Bess1,6811_V7_C18,1
2411a,CH181_12,1
CH02,SS1196_1,1
VRC07-523LS.v32,UG021_16,1
VRC07-523-W54-LS.v3,X2131_C1_B5,1
VRC23,26191_2_48,1
N6,FR_2012_162,1
PGZL1.H4K3,QH0692_42,1
VRC26.09,6952_V1_C20,1
VRC01,216_F2_E3_5,1
VRC42.01,REJO4541_67,1
NIH45-46,ZM135_10A,1
PC39-23C,SS1196_1,1
N6,FR_2012_179,1
VRC01,CAP221_B14,1
IOMAmin3,WEAU_D15_410,1
VRC01,1HD4K_D0_061516_E3_S53,1
VRC26.08,X1632_S2_B10,1
N6LS.C58,CNE3,1
VRC-CH31,CNE55,1
N6,B005582_7_G7_8,1
VRC07-523LS.v34,0439_V5_C1,1
N60P2.1,X1193_C1,1
PG9,0013095_2_11,1
DH511.2,100046I_3_2,1
VRC07-523LS.v14,CNE19,1
HJ16,MG505_W0M_A2,1
N49P7,62357_14_D3_4589,1
VRC03,SC30_EC9,1
4E10,CAP210_E8,1
PGT145,89_F1_2_25,1
N6LS.C15,CH038_12,1
VRC43.01,CNE3,1
VRC43.01,DU156_12,1
N49P7,SC05_8C11_2344,1
VRC07,BJOX009000_02_4,1
N49P7,ZM109_4,1
10E8v4,V704_0298_180_RE_CS,1
PC39-23D,DH12,1
NIH45-46,0702_BM_B4,1
PGDM1400,CAP210_TA5,1
LJF-0142,JRCSF,1
NIH45-46,3305_BM_C1,1
BG505.57,Q842_D16,1
VRC26.10,CM244_EC1,1
10-1074,CNE7,1
PGDM1400,9372_V7_G4_2,1
561_01_18,V704_0298_180_RE_CS,1
CH235.12,89_6,1
VRC01,TSG23Y07A0013_A13,1
VRC01.23LS,CNE59,1
17b,AIIMS731_73106F,1
VRC42.N1,6545_V4_C1,1
8ANC195,SS1196_1,1
PC39-28D,PVO_4,1
10-1074,MUW101273A_EC04,1
DH270min1,SC422_8,1
VRC26.08,CAP306_2_00_F9_1,1
N6LS.C51,BG1168_1,1
PCIN66B,R2184_C4,1
2F5,BI206_W6P_A1,1
MEL-1842,BG505_W6M_C2,1
N6LS.C49,25925_2_22,1
1C2-rabbit,T255_34,1
561_01_18,231965_C1,1
6561-a.01,CNE58,1
ACS101,191084_B7_19,1
PGDM1401,0330_V4_C3,1
IOMA-HC-DDE,6240_08_TA5_4622,1
10E8,S30755_540WK_C48,1
8ANC131,ZM135_10A,1
PGDM1405,X1632_S2_B10,1
VRC01,VC1_E14_109920_026,1
N6,CNE10,1
VRC42.N1,T257_31,1
VRC06d,TRO_11,1
VRC07-523LS.v34,BJOX010000_06_2,1
PGT121,CAP343_2_00_21_2,1
4E10,1105_P17_1,1
PGT121,CAP306_2_00_F9_1,1
PC39-23A,Q842_D12,1
HERH-a.01,H086_8,1
MEL-1872,AE01,1
PG16,CNE49,1
Min12A21,TRO_11,1
VRC34-pI3,T278_50,1
b6,NAB01_C14,1
MEL-1842,X1632_S2_B10,1
N6LS.C58,BAL_26,1
M4008_N1,6240_08_TA5_4622,1
1F7,92RW026,1
916B2,25710_2_43,1
PGT145,FR_2012_173,1
HJ16,R2184_C4,1
PGT125,9004SS_A3_4,1
VRC03,H078_14,1
PG16,VC4_15_130811_176,1
2G12,UG024_2,1
N49P9.3,6244_13_B5_4567,1
2411a,A07412M1_VRC12,1
3BNC117,693_7312_V2_A2_2_BASELINE,1
Bess1,R2184_C4,1
VRC34-pI4,ZM249_1,1
VRC-PG04,CNE55,1
VRC26.08,CAP45_G3,1
PCT64-35M,KER2018_11,1
IOMAexFACEmin,X1632_S2_B10,1
VRC42.01,SC422_8,1
VRC42.N1,6540_V4_C1,1
DH511.11P,ZM53_12,1
PGT123,T251_18,1
10-1146,BAL_26,1
PGT145,3426_V5_C17,1
PG9,CNE6,1
PGT130,VLGC_B3,1
PGT121,318_BT_SGA1,1
VRC07-523LS.v34,3718_3_11,1
PC39-39B,DH12,1
M1214_N2.2,0260_V5_C36,1
10E8v4,BL01,1
PGDM1406,CNE21,1
VRC06b,MN_3,1
VRC01,0301_BM_A2,1
DH270.4,CH848_D526_25_09,1
VRC34.01_mm28,CH119_10,1
VRC07-523-F54-LS.v3,ZM55_28A,1
DRVIA7,BAL_26,1
PGT121,GX88_47,1
PGT128,6535_3,1
N49P7,CNE30,1
M1214_N2.2,62357_14_D3_4589,1
PG16,BF1266_431A,1
DH270min11,ZM55_28A,1
PGZL1.H4K3,C3347_C11,1
vFP52.02,CNE40,1
VRC23,6785_V5_C14,1
PC39-17A,6535_3,1
N60P2.1,CNE17,1
N6,BR07,1
VRC01,SC26_EC08,1
3BNC117,1HD5K_W4_062316_D10_S59,1
N6LS.C1,CH181_12,1
PGT152,CNE30,1
PGT135,CNE20,1
3BNC117,8074_BL_F3_3,1
DH511.11P,3637_V5_C3,1
DH511.2,6785_V5_C14,1
VRC01,703010200_1E5,1
N49P18.1,1006_11_C3_1601,1
4E10,21561324_D3_B5,1
SF5,CNE58,1
EN01_007,CE2010_F5,1
10E8,GX54_6,1
4E10,BJ22_5,1
561_02_12,928_28,1
2158,SF162,1
N6LS.C1,BG505_W6M_C2,1
VRC07-523-W54-LS.v3,263_8,1
VRC01,CAP341_2_00_C10_18,1
EN02_04_A06,269_12,1
561_01_18,V704_1429_090_EN2G,1
N49P18.1,9004SS_A3_4,1
VRC42.01,16055_2_3,1
4E10,CAP266_2_00_E9_H6,1
VRC34.01,TSG_EHI21,1
VRC07-523LS.v32,6785_V5_C14,1
VRC07,CNE3,1
VRC01,093_LN_SGA9,1
IOMAmin5,C3347_C11,1
PC39-55A,SF162,1
VRC01,6405_V4_C34,1
DH1317.4,PRB926_04_A9_4237,1
PCT64-35D,C1080_C3,1
10E8,9004SS_A3_4,1
VRC40.02,HT593_1,1
GPZ6-b.01,6101_1,1
DH511.11P,CH117_4,1
VRC07-523-F54-LS.v3,6322_V4_C1,1
DH270.5,CH181_12,1
8ANC134,SC422_8,1
PC39-28C,DH12,1
ACS122,Q23_17,1
3BNC117,TSG21S01E0017_STM16E,1
VRC07-523LS.v34,246_F3_C10_2,1
VRC42.N1,BJOX002000_03_2,1
10E8,AIIMS704_70421,1
N6LS.C15,SS1196_1,1
12A21,6240_08_TA5_4622,1
VRC26.25,PG37089_J20,1
DH511.11P,25925_2_22,1
PGZL1.H4K3,P1981_C5_3,1
DFPH-a.03,ZM214_15,1
438-B11,89_6,1
VRC23,BI369_9A,1
PCT64-35D,T250_4,1
VRC34.01,AIIMS731_73105B,1
N49P6,3016_V5_C45,1
N6LS.C1,UG021_16,1
FD22,CNE4,1
IOMA-HC-DDE,0260_V5_C36,1
PG9,VC5_15_130814_044,1
VRC08,CNE30,1
DFPH-a.01,25711_2_4,1
VRC01.23LS,25925_2_22,1
PGT141,98IN022,1
VRC40.01,BI369_9A,1
J038,BX08_16,1
vFP20.01,6101_1,1
VRC07-523LS.v32,MI369_A5,1
VRC03h,CNE55,1
b12,SC24_40,1
VRC42.I3,263_8,1
CH03,CAP45_G3,1
DH511.11P,ZM55_28A,1
PC39-28B,PVO_4,1
PG16,X1193_C1,1
N60P25.1,0815_V3_C3,1
PGT142,CAP45_G3,1
N49P7.2,DU172_17,1
VRC03,CH181_12,1
10E8,CNE55,1
VRC01,100155M_33,1
VRC07,CNE17,1
PGT127,191821_E6_1,1
2G12,92RW009,1
EN02_05_B08,C1080_C3,1
VRC01,TSG21N01N015,1
VRC07-523LS.v34,P1981_C5_3,1
3BNC117,199_1_C_AE_5,1
4E10,BJOX028000_43_5,1
VRC38.01,CNE14,1
N6,AIIMS706_70607C,1
FD22,RHPA4259_7,1
PGT128,286_36,1
EN01_007,DU172_17,1
VRC08,ZM109_4,1
J038,P1981_C5_3,1
3BNC117,6244_13_B5_4567,1
DH511.2,0013095_2_11,1
EN01_007,V703_0537_110_RE_PBLIB003_S,1
N49P7,KER2008_12,1
561_01_55,ZM247_V1,1
BG18,AIIMS706_70606B,1
PGDM1404,CNE58,1
IOMAmin3,CNE53,1
PGT130,X1193_C1,1
VRC26.26,26191_2_48,1
10E8-19fH/10fL,TRO_11,1
N6,CT565_C7_48,1
NC-Cow1,16055_2_3,1
RHA1.V2.01,45_01DG5,1
GPZ6-a.01,TRJO4551_58,1
VRC44.02,TRJO4551_58,1
PGT128,VC1_E14_110488_020,1
561_01_18,703010217_B6,1
1C2-rabbit,BJOX002000_03_2,1
N49P7,UG021_16,1
PGT151,AIIMS731_73105D,1
PG9,714903902_20,1
VRC-PG04,CH181_12,1
VRC07-523LS.v14,TRJO4551_58,1
N49P6,R2184_C4,1
EN02_01_D03,KER2008_12,1
561_01_18,V703_0790_190_RE_E5G1S,1
DFPH-a.03,CNE53,1
VRC34-pI4,Q23_17,1
PGT121,093_LN_SGA8,1
gVRC-H1dC38/VRC01L,UG021_16,1
1C2-rabbit,3589_V1_C4,1
PC39-23B,6535_3,1
HERH-a.01,286_36,1
EN02_04_A06,Q461_E2,1
PC39-55C,6535_3,1
VRC26.27,CNE7,1
SF5,BJOX009000_02_4,1
1F7,6535_3,1
PG9,SIV_GOR_CP2135,1
N49P18.1,CNE8,1
DH796.1,T250_4,1
PC39-50I,DU156_12,1
VRC42.01,6101_1,1
M1214_N1.2,ZM247_V1,1
N6LS.C51,6535_3,1
4E10,3337_V2_C6,1
N6LS.C58,TRO_11,1
EN02_04_A06,CNE58,1
N49P7,3468_V1_C12,1
DH270.4,PVO_4,1
PGDM1400,693_1969_V2_C3_11_BASELINE,1
N49P7,ZA012_29,1
VRC07-523-F54-LS.v3,16936_2_21,1
PG9,SC26_EC45,1
VRC44.01,JRCSF,1
PGDM1400,LT1_09_J3,1
VRC44.02,NKU3006_EC1,1
VRC01.23LS,M02138,1
N6LS.C51,CH119_10,1
PG9,NAB13PRE_CL_9,1
10E8,VRC607_12_00_F5,1
438-B11,P1981_C5_3,1
PG16,6785_V5_C14,1
561_01_55,3103_V3_C10,1
10-1074,DU123_06,1
10E8v4,KO426_T78_10,1
VRC01.23LS,V704_2065_060_RE_P002S,1
PCT64-35S,X1193_C1,1
VRC01-30fH/19fL,TRO_11,1
N49P7.1,CNE17,1
DH511.2,704809221_1B3,1
2F5,MI369_A5,1
10E8 IgG mutant 5,CNE17,1
VRC43.03,DU156_12,1
10E8,100504I_20,1
VRC26.11,ZM53_12,1
RHA1.V2.03,25710_2_43,1
VRC-PG04,S32615_178WK_C33,1
2F5,40100_V01_09,1
VRC07-523LS.v34,TH023_6,1
10E8,CBJC504_05_05,1
10-1074,CAP291_2_00_H2_15,1
4E10,SHX335_24,1
3BNC117,FR_1997_51,1
4E10,CNE31,1
CH235.12,V704_2065_060_RE_P002S,1
10E8v4,V704_0128_220_RE_PB001_S,1
NC-Cow1,CE1172_H1,1
10E8,92BR025_9,1
N6LS.C35,0439_V5_C1,1
RHA1.V2.01,CNE58,1
VRC07-523LS.v34,231965_C1,1
3BNC117,TSG21Y02E0014_D14,1
PGT145,CNE59,1
PG9,4403_BM_H22,1
10E8,CNE20,1
VRC01b,246_F3_C10_2,1
RHA1.V2.02,703010217_B6,1
N6LS.C51,KER2008_12,1
8ANC131,CNE55,1
VRC-PG04,MG505_W0M_A2,1
2F5,653116_6_49YPI_SGA38_E1,1
GPZ6-b.01,ZM106_9,1
5695-b.01,16055_2_3,1
4E10,CNE107,1
VRC43.01,0013095_2_11,1
N6,V703_0203_081_RE_E8A5S,1
VRC26.08,3718_3_11,1
DH270.4,CH848_D836_10_31,1
VRC26.08,KO756_38_TB12,1
QA013.32,SF162,1
N6LS.C58,0815_V3_C3,1
VRC34.01,TSG21N01N001CM,1
CH02,6545_V4_C1,1
PGT121,330_16_H2,1
PGT135,BR07,1
VRC01,CNE1,1
VRC07-523LS.v14,TH023_6,1
CH103,Q769_D22,1
VRC07,BB201_B42,1
BG24,CNE17,1
2F5,CNE67,1
CH04,SC12_EC6,1
BG18,TSG23Y07A0015_A15,1
PCIN66B,Q23_17,1
PCDN-33A,1012_11_TC21_3257,1
MinVRC01,R3265_C6,1
PGT121,330_14_A20,1
PGDM1403,CAP45_G3,1
N6,ZM55_28A,1
VRC34.01_mm28,T250_4,1
2408c.3,3168_V4_C10,1
PC39-28B,DH12,1
PGT145,25711_2_4,1
4E10,CAP136_1_16_E6_1,1
VRC26.26,CNE40,1
PC39-55D,JRCSF,1
8ANC131,C3347_C11,1
N6LS.C58,KER2008_12,1
2219,SS1196_1,1
VRC08,CNE5,1
44715-a.01,BF1266_431A,1
10-1074,6292_BL_F2_2,1
PGT152,T278_50,1
PGT123,704809221_1B3,1
SF10,620345_C1,1
10E8,816763_C02,1
VRC01,CBJC515_05_25,1
10E8v4,V704_2065_060_RE_P002S,1
LJF-0024,SF162,1
VRC01,VC5_15_136428_075,1
IOMA-HC-DDE,9004SS_A3_4,1
2219,V704_2095_130_RE_CS,1
PGT128,B006_ENV10,1
N49P9.1,X2131_C1_B5,1
VRC42.N1,UG024_2,1
VRC07-523-F54-LS.v3,CM244_EC1,1
PCIN71G,89_6,1
179NC75,T257_31,1
PGT121,4_2_J45,1
10-1074,1HD5K_D0_061416PL2_D11_S27,1
SF5,CE1086_B2,1
PGT121,94KE105,1
PGT145,CMU02,1
M1214_N1.2,191084_B7_19,1
VRC07-523-F54-LS.v3,DU422_1,1
10E8v4,BB201_B42,1
PGT128,556_F2_3_25,1
N49P7.2,1054_07_TC4_1499,1
PGT126,CNE20,1
2F5,B006_ENV10,1
10E8,093_PBMC_SGA4,1
PGT121,CBJC515_06_22,1
VRC42.I3,REJO4541_67,1
VRC-CH31,T251_18,1
561_01_55,X2088_C9,1
N6LS.C51,288_38,1
VRC01,19252094_A5_G2,1
4E10,H035_18,1
VRC42.01,CH038_12,1
VRC03,YU2,1
PG16,VLGC_A1,1
PGT126,SHX335_24,1
PCDN-38B,0815_V3_C3,1
4E10,GX91_2,1
N6,QH0692_42,1
2G12,CBJC515_08_32,1
PGT142,92BR025_9,1
EN02_04_A06,DU123_06,1
3BNC117,3305_BM_C11,1
PGT153,Q23_17,1
4E10,ZM53_12,1
PC39-23B,DU156_12,1
VRC26.17,Q259_17,1
3BNC117,2990_V7_C10_3,1
PGDM1400,1HB3_W4_110215_H3_S67,1
N6LS.C51,16055_2_3,1
VRC01,714909105_20,1
PC39-50B,6535_3,1
vFP16.02,TH023_6,1
VRC42.02,CNE40,1
PG9,09GX330,1
VRC-CH31,0013095_2_11,1
BG18,TSG_EHI13_D6,1
vFP49.02,6545_V4_C1,1
PG16,X2131_C1_B5,1
VRC02,Q842_D12,1
PG16,SIV_MUS1_1085_4_12,1
HERH-c.01,286_36,1
VRC01,T251_18,1
VRC26.25,CT966_E1_7,1
RHA1.V2.01,ZM106_9,1
PGT121,693_1969_V11_B3_1_REBOUND,1
VRC07-523-W54-LS.v3,REJO4541_67,1
CH103,703010217_B6,1
PG9,EN_AE_E11_T500107_004,1
DH511.12P,CH119_10,1
PCIN71H,ZM135_10A,1
DH270.5,MW965_26,1
N6,569_F1_37_10,1
EN02_04_A06,ZM55_28A,1
4E10,CAP206_1_B5,1
41328-a.01,ZM249_1,1
N6LS.C47,3637_V5_C3,1
PGT131,SF162,1
EN02_04_A06,V704_2767_070SN,1
EN02_04_A06,V704_1783_150_RE_CS,1
VRC01,SC12_10,1
N6LS.C58,3589_V1_C4,1
PCT64-35M,3365_V2_C20,1
N49P9,3365_V2_C20,1
PGDM1400,CM244_EC1,1
3BNC117,ZENV92_1008_8,1
PCT64-35M,CNE19,1
DFPH-a.03,CH119_10,1
MEL-1872,Q769_D22,1
PGDM1400,V704_1551_150_RE_P002S,1
VRC03,MUW101273A_EC06,1
3BNC117,155_1_C_F12,1
VRC08,BG1168_1,1
PC39-55B,ZM214_15,1
N6LS.C58,X1193_C1,1
10E8,CBJC504_09_08,1
VRC26.08,P1981_C5_3,1
VRC08,CH181_12,1
LN01,231965_C1,1
PG9,VIRULENTB_5,1
2411a,CNE19,1
N49P6,928_28,1
7H6,B002_ENV03,1
4E10,SC14_49,1
VRC-PG20,BG1168_1,1
PGT145,AIIMS743_74311K,1
PGT121,25710_2_43,1
b12,100052I_2_15,1
VRC02,T252_7,1
PGDM1400,TSG22Y04A0002_H2,1
0PV-c.01,HXB2,1
ElsE2,246_F3_C10_2,1
PG9,VC1_E14_109920_044,1
8ANC195,CNE12,1
PCIN71L,CNE53,1
CH103,CNE7,1
PGDM1400,330_14_A12,1
PG16,ZM109_4,1
VRC26.08,703010228_1C4,1
DH651.9,TRO_11,1
VRC42.02,BG505_W6M_C2,1
10E8 IgG mutant 5,0013095_2_11,1
PGT145,FR_2012_168,1
CH03,191955_A11,1
PC39-28C,89_6,1
VRC42.N1,MN_3,1
LJF-0087,3468_V1_C12,1
PC39-28A,RHPA4259_7,1
PGT121,A03349M1_VRC4A,1
10-1074,ADA,1
EN02_04_A06,CNE3,1
7H6,B035_ENV05,1
LN01,X2131_C1_B5,1
VRC26.08,CT072_56_7,1
8ANC131,25925_2_22,1
3BNC117,318_BT_SGA4,1
3BNC117,FR_2009_64,1
10E8,CBJC504_09_07,1
VRC-CH31,100052I_2_15,1
N49P7,286_36,1
10-1074,TSG_EHI37,1
VRC41.01,DU422_1,1
PCT64-35M,92TH021,1
VRC40.01,16936_2_21,1
PGDM1402,QH0692_42,1
NC-Cow1,Q842_D12,1
SF12,S51603_618WK_C58,1
4E10,BG505_W6M_B1,1
44715-a.01,703010054_2A2,1
VRC42.N1,Q769_D22,1
DH511.11P,191821_E6_1,1
VRC34.01_Combo1,CNE19,1
VRC01,BJ168_17,1
N6,191647,1
VRC26.08,2869751_A4_D3,1
PGT128,CT565_C7_48,1
PC39-28D,89_6,1
PGDM12,94UG103,1
10-1074,B009_ENV11,1
ACS202,25925_2_22,1
VRC34-pI4,P1981_C5_3,1
EN01_007,CT072_56_7,1
J038,928_28,1
2723-3055,246_F3_C10_2,1
PGT151,MUW101273A_ECRH,1
4E10,CE0393_C3,1
BG505.69,SF162,1
PGDM1400,V704_2788_060EN_12,1
V033-a.01,DU156_12,1
VRC01,GX11_13,1
VRC07,ZM246F,1
PCIN71D2b,ZM109_4,1
PGDM11,TRO_11,1
PGDM21,98IN022,1
PC39-45A,SF162,1
V033-a.01,CH119_10,1
VRC01,714903915_30,1
VRC40.02,A03349M1_VRC4A,1
PGDM1400,21197826_V1,1
VRC43.01,0815_V3_C3,1
2F5,MUW101273A_EC02,1
3BNC117,VRC607_9_00_C2,1
VRC01,TSG_EHI40_C18,1
VRC02,M02138,1
VRC34-pI3,CNE21,1
N49P22,231965_C1,1
PGDM1400,B008_ENV05,1
VRC26.33,CM244_EC1,1
PCT64-35M,001428_2_42,1
6070-a.01,X1632_S2_B10,1
VRC42.02,HT593_1,1
DH270min11,DU156_12,1
PG16,SC422_8,1
DH511.5,TRJO4551_58,1
N6LS.C51,25925_2_22,1
10E8,CAP188_1_D1_14_REV,1
10E8,AIIMS706_70604B,1
PGT126,MUW104349A_EC03,1
PGT126,HB5_3,1
PGT121,1HB1_D0_012016_C7_S6,1
2F5,CNE56,1
M1214_N1.2,MS208_A1,1
HJ16,CH181_12,1
N6LS.C58,BG1168_1,1
PCT64-24E,CNE20,1
561_01_18,TSG_EHI45,1
N6,UG021_16,1
VRC42.N1,X1632_S2_B10,1
FD22,246_F3_C10_2,1
1C2-rabbit,BB539_2B13,1
PCIN71G,CNE53,1
PC39-17C,DU422_1,1
VRC34-pI3,0439_V5_C1,1
PGT145,98CN009,1
PGT126,B025_ENV04,1
VRC23,3718_3_11,1
VRC41.02,YU2,1
VRC-PG20,16845_2_22,1
EN02_01_D03,WITO4160_33,1
D5_FI,TRO_11,1
DF1W-a.01,CNE58,1
0.5gamma,RHPA4259_7,1
DH796.1,ME178_G6_16,1
2411a,ZM215_8,1
0PV-a.01,CH117_4,1
PGT145,20358510_01,1
N6LS.C49,CM244_EC1,1
VRC23,001428_2_42,1
M4008_N1,REJO4541_67,1
VRC-PG04b,231965_C1,1
10E8,651_AT_SGA5,1
PGT121,1HB1_D0_012216_G6_S32,1
VRC07-523-F54-LS.v3,BB539_2B13,1
10E8,MW965_26,1
DH511.12P,BJOX025000_01_1,1
N49P18.1,X2131_C1_B5,1
BG18,V703_0537_011S_2B5,1
VRC26.26,BB201_B42,1
40591-a.01,CAP210_E8,1
N6LS.C1,3988_25,1
PGT121,DRVI01_0803_13,1
3BNC117,9246_W12_12P1,1
EN01_007,V703_0537_011S_2B5,1
10E8v4,V704_1835_150_RE_P001S_2484A,1
N49P9,001428_2_42,1
DFPH-a.15,89_6,1
BG24,3365_V2_C20,1
PGT128,VC5_15_130814_079,1
VRC07,KO426_T78_10,1
TRNM-a.01,TRJO4551_58,1
VRC26.15,KER2018_11,1
N6LS.C35,6540_V4_C1,1
VRC01.23LS,SC422_8,1
VRC34.01_mm28,Q23_17,1
PGT151,MUW101091A_EC07,1
VRC01.23LS,WITO4160_33,1
PGT121,91C35_D0_S62_A12,1
PG9,704010069_C6,1
VRC34.01_Combo1,C4118_9,1
DH270.5,BJOX002000_03_2,1
10E8v4,CM244_EC1,1
10-1074,AIIMS704_70406,1
VRC42.01,0439_V5_C1,1
PGT121,91C34_D0_S15_0_4,1
VRC01,V704_2407_150SN,1
PGT128,DU123_06,1
N6LS.C1,CH070_1,1
1C2-rabbit,45_01DG5,1
VRC26.25,16055_2_3,1
DH511.11P,R2184_C4,1
LN01,CNE5,1
2F5,BJOX035000_04_8,1
PGDM1402,1012_11_TC21_3257,1
PCIN71C,JRCSF,1
8ANC195,TH023_6,1
CH103 KN,BJOX002000_03_2,1
10E8v4,V704_0445_180_RE_CON_S,1
EN02_04_A06,H086_8,1
PG16,001428_2_42,1
4E10,09GX311,1
10E8,BJOX005000_09_2,1
10-1074,6952_V1_C20,1
PC39-55A,DU172_17,1
VRC01,SC30_EC11,1
10E8,6244_13_B5_4567,1
VRC-PG04,5807_BM_E7,1
10-1074,AIIMS706_70606B,1
3BNC117,91C34_W12_S6_12_7,1
4E10,93RW029,1
GPZ6-a.01,0077_V1_C16,1
LN01,DU172_17,1
PC39-50J,JRCSF,1
6561-a.01,TV1_29,1
561_02_12,20965238,1
Bess4,0330_V4_C3,1
10E8,TSG23Y07A0012_A12,1
PGDM1400,V704_0562_160EN01,1
VRC07,CNE4,1
PCIN71L,KNH1144,1
PGDM1401,BG505_W6M_C2,1
PGT128,288_38,1
b12,KNH1209_18,1
10-1074,1HD6K_W8_072616_F2_S69,1
PGDM1400,2936_BL_C1_3,1
PGT128,89_6,1
PGT128,346_F4_D2_12,1
2F5,HN6A_40,1
N6,00836_2_5,1
PC39-50A,DU422_1,1
BG18,V703_2117_110_RE_E2A10S,1
2G12,ZM246F_REV,1
VRC07-523-F54-LS.v3,6644_V2_C33,1
PC39-55D,9004SS_A3_4,1
Y498,SF162,1
4E10,15JS48,1
PCIN71O,SC422_8,1
VRC07,SS1196_1,1
RHA1.V2.01,16055_2_3,1
CH235,ZM233_6,1
N6LS.C51,QH0692_42,1
iMab,CNE58,1
BG18,ZM233_6,1
CH01,102605I_33,1
PC39-50K,CNE17,1
8ANC131,TRJO4551_58,1
PCIN71P,89_6,1
N6LS.C1,DU151_02,1
N49P7.1,R2184_C4,1
VRC01,IDC561_H05,1
PGT121,91C22_W14_S31_B1,1
10-847,TRJO4551_58,1
561_01_18,V704_0218_030CN,1
HERH-a.01,CNE53,1
N6,AIIMS704_70406,1
EN01_007,19314479_A2_5,1
44715-a.01,DU156_12,1
DH270.1,CNE30,1
PGT121,MUW101091A_EC10,1
VRC23,CH181_12,1
J038,X1632_S2_B10,1
VRC-PG04,R2184_C4,1
PGDM1405,ZM247_V1,1
VRC41.01,ZM55_28A,1
PGT135,DRVI01_0507_16,1
LJF-0085,SF162,1
VRC08,WITO4160_33,1
10-1074,91C35_D0_S33_A5,1
10E8,CBJC504_06_24,1
VRC42.02,ZA012_29,1
2F5,BS208_B1,1
VRC26.25,2_7_J1,1
VRC02,1006_11_C3_1601,1
DH511.2,CAP306_2_00_F9_1,1
DH270min12,KNH1209_18,1
iMab,ZM246F,1
VRC01,TSG_EHIPRE8,1
iMab,246_F3_C10_2,1
DH270min11,CNE30,1
CH103,CNE14,1
N6,CAP340_2_00_B3_16,1
VRC26.08,ZM214_15,1
561_02_12,ZM233_6,1
DF1W-a.02,BX08_16,1
iMab,CNE5,1
VRC26.08,3337_V2_C6,1
N6LS.C35,X2131_C1_B5,1
PG16,CNXJ0031_9,1
PGT121,VC5_15_136428_055,1
VRC42.N1,3168_V4_C10,1
10E8,VRC607_8_00_B6,1
N6LS.C35,BJOX025000_01_1,1
PG16,3817_V2_C59,1
CH104,ZM106_9,1
VRC03,X1854_C2_10,1
M1214_N1,6244_13_B5_4567,1
1C2-rabbit,ZM233_6,1
SF5,3016_V5_C45,1
VRC03f,CNE8,1
3BC315,CAP45_G3,1
PGT121,SC22_16,1
PGT123,X2131_C1_B5,1
PG9,TSG_EHI32,1
VRC40.01,269_12,1
VRC26.25,CT184_D3_15,1
N6,CAP221_B14,1
PC39-50G,191084_B7_19,1
BG18,25710_2_43,1
N6,FR_2012_180,1
PGT126,SC12_EC4,1
VRC01,VA40774,1
PGT121,BJYA119_6,1
VRC07-523LS.v32,A03349M1_VRC4A,1
2413c,CNE40,1
iMab,C4118_9,1
PGDM1400,CT431_G6_6,1
gVRC-H1dC38/VRC01L,0013095_2_11,1
0PV-c.01,BR07,1
10-1074,6113_BL_A5_4,1
3BNC117,CE2052_G10,1
PGDM1400,0013095_2_11,1
IOMAmin3,6240_08_TA5_4622,1
3BNC117,BJOX028000_10_3,1
10-1074,TSG_EHI28,1
PGDM1400,3603_C11_13,1
DRVIA7,SC422_8,1
PGT145,R2184_C4,1
PGT143,T255_34,1
CH01,25710_2_43,1
10E8,TSG_EHI42,1
10E8-3R,SF162,1
PGDM12,PVO_4,1
BG18,RHPA4259_7,1
10E8v4,ZM233_6,1
vFP20.01,246_F3_C10_2,1
VRC34.01_mm28,3337_V2_C6,1
SF12,S50741_847WK_C12,1
PGDM21,S50901_909WK_C2,1
PGT151,ZM247_V1,1
CH235.12,V704_0592_060SN,1
NC-Cow1,A07412M1_VRC12,1
PGDM1400,TSG_EHI39,1
VRC26.25,TSG22Y03E0023_B23,1
CH235.12,V704_0746_760_RE_P002S,1
IOMA,CNE3,1
179NC75,TV1_29,1
PGDM1400,1HC3_D0_012216_B1_S40,1
BG5,Q259_17,1
PGDM1401,SC05_8C11_2344,1
VRC26.25,CAP45_G3,1
PC39-50H,YU2,1
10E8,SG3,1
8ANC195,SC422_8,1
VRC01,1HC1_W4_070116_B8_S30,1
N49P19,Q842_D12,1
VRC26.21,KER2018_11,1
PGDM1400,8074_V7_E10_4,1
VRC01,BJOX022000_02_3,1
VRC34.01_Combo1,CNE31,1
VRC34-pI3,3468_V1_C12,1
vFP53.02,CH117_4,1
PGT145,YU2,1
DH511.11P,620345_C1,1
PCIN77B1b,TRO_11,1
N49P9.3,231966_C2,1
VRC42.02,CNE5,1
PGT121,TSG_EHIPRE15,1
10E8,21502011_F12_E2,1
N49P19,SC422_8,1
N6,MS208_A1,1
VRC07-523-W54-LS.v3,Q23_17,1
N49P7.2,3817_V2_C59,1
VRC34.02,BG1168_1,1
PC39-23C,RHPA4259_7,1
10-996,6952_V1_C20,1
VRC42.N1,CNE7,1
VRC26.03,BB539_2B13,1
VRC01.23LS,V704_1528_240_RE_PBLIB_001_S,1
10E8,TSG_EHI36,1
PGT121,2319_BL_E10_2,1
EN02_04_A06,V704_0746_760_RE_P003S,1
1C2-rabbit,ZM214_15,1
3BC315,ZM214_15,1
DH511.11P,BX08_16,1
BG18,704809221_1B3,1
VRC23b,REJO4541_67,1
N49P23,A07412M1_VRC12,1
PC39-17A,CNE53,1
VRC01,SH6_81,1
10E8v4,V704_1551_150_RE_P002S,1
PGT126,263_8,1
N49P11,6545_V4_C1,1
PGDM1400,9372_BL_C3_3,1
PC39-50C,DU156_12,1
10E8v4,V704_1332_120_RE_PB001_S,1
EN02_04_A06,CAP304_2_00_F6_6,1
N6,TSG21S01E0033_C33,1
MinVRC01,SC422_8,1
3BNC117,VRC607_15_14_A6,1
N6LS.C35,T255_34,1
3BNC117,3016_V5_C45,1
EN02_04_A06,V703_1687_100ES,1
RHA10.04,249M_B10,1
VRC03,X2131_C1_B5,1
10E8,YN177_1,1
VRC07-523LS.v14,X2131_C1_B5,1
N6LS.C35,001428_2_42,1
10E8,QH0692_42,1
10E8,DU123_06,1
Bess4,R2184_C4,1
GPZ6-b.01,BR07,1
CAP248-2B,V704_1528_240_RE_PBLIB_001_S,1
SF5,TRO_11,1
VRC26.29,ZM233_6,1
2219,MW965_26,1
MEL-2129,TRO_11,1
10E8,SC12_EC10,1
VRC42.I3,DJ263_8,1
N6,BS208_B1,1
3BC315,BL01,1
N49P9.3,T251_18,1
PGT128,EN1_120250_040,1
VRC41.01,T280_5,1
vFP20.01,AC10_29,1
IOMA,0013095_2_11,1
CH103,288_38,1
PCDN-38B,SF162,1
LJF-0024,X2088_C9,1
10E8,AIIMS731_73105H,1
EN02_05_B08,BS208_B1,1
10-1074,093_LN_SGA9,1
VRC33.01,Q461_E2,1
2557,V704_2095_130_RE_CS,1
VRC-CH31,102149I_2_23,1
3BNC117,91C22_W14_S28_B3,1
N49P7,25711_2_4,1
N6LS.C51,CNE30,1
DH651.5,TRO_11,1
12A21,16845_2_22,1
10-259,YU2,1
PG9,TSG22Y04A0020_H20,1
8ANC195,25925_2_22,1
VRC26.25,TSG22Y04A0005_H5,1
4E10,186_BT_SGA1,1
8ANC134,16055_2_3,1
NIH45-46,SC12_EC10,1
BG24,6244_13_B5_4567,1
N6LS.C51,CNE53,1
N49P7.2,CE0682_E4,1
PGT121,TSG_EHI33,1
PC39-50G,ZM214_15,1
DFPH-a.03,BL01,1
VRC07-523-W54-LS.v3,BJOX002000_03_2,1
561_01_18,TSG21N01N023,1
PGDM1400,CH505_W4_3,1
IOMAexFACEmin,C4118_9,1
1357,MW965_26,1
N49P6,T250_4,1
PG9,BF1266_431A,1
ACS202,16055_2_3,1
PGT126,100307I_2_7,1
N6LS.C30,BB539_2B13,1
DH851.3,DU172_17,1
DH851.1,CH848_0000_TF,1
561_01_18,V704_0886_250_RE_P001S,1
PGDM1400,V704_0925_110_RE_CS,1
PGT121,CNE12,1
PG9,TSG22Y04A0015_H15,1
PGT151,ZM233_6,1
10E8,SC12_EC6,1
VRC43.01,3016_V5_C45,1
PC39-55C,6244_13_B5_4567,1
VRC43.01,HT593_1,1
MinVRC01,Q461_E2,1
A16,GX2010_36,1
VRC44.02,3589_V1_C4,1
VRC07-523LS.v14,0077_V1_C16,1
1B2530,CNE14,1
N49P11,SC05_8C11_2344,1
2413c,CNE59,1
DJ85-a.01,0077_V1_C16,1
VRC42.02,CNE12,1
vFP53.02,CAP45_G3,1
DH270 IA4,CH848_D836_10_31,1
N6,FR_2008_66,1
PCIN71I1a,BJOX009000_02_4,1
NIH45-46,AC10_29,1
VRC02,0013095_2_11,1
VRC07e,246_F3_C10_2,1
DFPH-a.15,CNE58,1
PCT64-24E,CNE19,1
PC39-55D,Q842_D12,1
PGT123,92RW009,1
PCIN71L,CNE58,1
VRC34.01,6545_V4_C1,1
PGT145,WEAU_D15_410,1
PGT145,B006_ENV10,1
561_01_55,CE1172_H1,1
40591-a.01,ZM233_6,1
VRC26.23,KER2018_11,1
PCT64-35M,3718_3_11,1
8ANC195,DU123_06,1
PCIN71O,6535_3,1
PGT125,6240_08_TA5_4622,1
VRC26.29,ZM249_1,1
438-B11,6811_V7_C18,1
PG16,VC1_E14_109920_037,1
2F5,GX88_47,1
VRC01.23LS,V704_1706_050SN,1
PGDM1401,704809221_1B3,1
CH12,TH023_6,1
iMab,CE0393_C3,1
N49P11,CNE8,1
VRC01,DRVI01_0507_16,1
12A12,BF1266_431A,1
PG9,SC29_EC2,1
HERH-a.01,QH209_14M_A2,1
44715-a.01,CAP45_G3,1
PGT151,SC13_EC26,1
PGT121,CAP228_2_00_51J,1
EN02_04_A06,3426_V5_C17,1
4E10,BJOX021000_03_3,1
35O22,WITO4160_33,1
CH28,703010200_1E5,1
VRC26.08,3426_V5_C17,1
SF12,SF162,1
BG24,1012_11_TC21_3257,1
EN02_04_A06,3589_V1_C4,1
VRC01,VC4_15_130811_121,1
NIH45-46,CE2010_F5,1
EN02_04_A06,V703_0537_011S_4H1,1
10E8-0fH/0fL,DU156_12,1
PGT130,93UG082,1
8ANC195,288_38,1
VRC26.25,CAP206_08,1
VRC-CH31,BC02,1
4E10,X2486_G12_3,1
vFP1.01,HXB2,1
FD22,6535_3,1
PGT143,CAP45_G3,1
vFP16.02,BX08_16,1
b12,DU422_1,1
VRC34-pI3,ZM233_6,1
VRC01,VC5_15_130814_068,1
VRC-CH31,0404_BM_B9,1
VRC26.04,ZM249_1,1
M1214_N1,MS208_A1,1
3BNC117,ZENV91_0505_12,1
8ANC134,DJ263_8,1
PGT121,1HC3_D0_012016_G2_S34,1
35O22,S32212_164WK_C59,1
VRC26.25,19715820_A10_H2,1
EN02_04_A06,556_F2_3_25,1
3BNC117,318_BT_SGA1,1
VRC01-8fH/10fL,ZA012_29,1
GPZ6-a.01,BI369_9A,1
8ANC131,YU2,1
PGT121,TRO_11,1
VRC07-523LS.v11,SS1196_1,1
PGDM1403,R3265_C6,1
PGDM1401,3103_V3_C10,1
PCIN77B1b,MN_3,1
VRC34-pI3,6101_1,1
VRC07,TSG21N01N017_C18,1
561_01_55,ZM214_15,1
Bess1,CAP45_G3,1
VRC07-523-W54-LS.v3,ZM106_9,1
VRC42.01,NKU3006_EC1,1
VRC01,1HD6K_W8_072616_F2_S69,1
N49P7.1,CE1086_B2,1
10-1074,1HD6K_D0_061616_C6_S21,1
DH511.2,QH209_14M_A2,1
PGT130,191821_E6_1,1
2413b,CNE58,1
10E8-0fH/0fL,BG1168_1,1
PGT121,CAP40_2_01_A3_5,1
PGDM1400,1HD6K_W8_072616_D6_S65,1
RHA1.V2.01,CNE55,1
PCDN-33A,6535_3,1
PCDN-27D,DH12,1
2413b,ZM249_1,1
SF8,TRO_11,1
PGDM1400,VB98_J1,1
VRC08,0439_V5_C1,1
PGZL1,Q23_17,1
10E8,TSG21Y02E0014_D14,1
PGDM1400,V703_0629_150_RE_PBLIB002_S,1
PGT145,TSG22Y05E0043_BL43,1
V033-a.01,C1080_C3,1
N6LS.C51,DU123_06,1
m66.6,CNE56,1
VRC01,GZ187_10,1
N6LS.C35,ZM106_9,1
Bess4,CE0393_C3,1
PG9,MW965_26,1
N6LS.C58,YU2,1
SF12,3365_V2_C20,1
PC39-17A,SF162,1
CH01,SC13_EC26,1
N6LS.C35,3337_V2_C6,1
N6LS.C47,CNE55,1
N6LS.C51,89_6,1
4E10,TH023_6,1
VRC26.25,703010054_2A2,1
12A12,3468_V1_C12,1
VRC-PG20,T251_18,1
BG1,62357_14_D3_4589,1
M1214_N2.2,TRO_11,1
VRC42.N1,288_38,1
EN02_01_D03,CNE57,1
N49P9.1,703010200_1E5,1
PG9,AIIMS706_70607B,1
VRC23,25711_2_4,1
VRC07-523LS.v32,6095_V1_C10,1
PGT121,BJ17A_6,1
PCT64-35K,92TH021,1
VRC-PG04,WITO4160_33,1
2F5,1059_09_A4_1460,1
N49P9,TRJO4551_58,1
VRC01,186_TF_SGA9,1
BG24,CNE53,1
N6LS.C49,CNE10,1
PGT151,079_PBMC_SGA17,1
10-1074,91C22_D0_S86_A10,1
4E10,EN3C028,1
830A,MW965_26,1
PGDM1404,928_28,1
3BNC117,1HD5K_D0_061016_C5_S3,1
VRC40.02,T257_31,1
VRC07-523-W54-LS.v3,TRJO4551_58,1
gVRC-H1dC38/VRC01L,SF162,1
FD22,CNE16,1
N60P2.1,T255_34,1
PGT152,Q842_D12,1
VRC07-523-F54-LS.v3,MI369_A5,1
PGT151,ZA012_29,1
PGT128,EN3C088,1
PGDM1400,ZM55_28A,1
PGZL1.H4K3,CE2010_F5,1
PGDM1404,R3265_C6,1
2F5,9020_20_A13_4607,1
N6,CAP37_1_18_D2_19,1
179NC75,CNE14,1
CH01,S52354_263WK_C60,1
PGT151,V704_2541_080_RE_P003S,1
VRC01,CNE10,1
4E10,703010054_2A2,1
V033-a.01,Q23_17,1
N49P19,928_28,1
PGT126,SC19_15,1
N60P2.1,RHPA4259_7,1
N6,S30108_217WK_C42,1
DH511.11P,S50216_677WK_C68,1
M1214_N2,211_9,1
10E8 IgG mutant 5,CNE8,1
DF1W-a.02,BI369_9A,1
DH511.11P,Q842_D12,1
PGDM1400,KO756_38_TB12,1
J038,BJOX009000_02_4,1
NC-Cow10,Q769_D22,1
N49P7.2,BF1266_431A,1
VRC01.23LS,V703_0537_011S_4H1,1
PGT151,CNE40,1
EN02_01_D03,CE1086_B2,1
VRC07-523LS.v11,TH966_8,1
PGT121,AIIMS704_70402,1
EN02_01_D03,191084_B7_19,1
VRC42.I3,X1193_C1,1
PGT126,40100_V01_MN01,1
VRC26.27,ZM249_1,1
DH270.5,3817_V2_C59,1
12A21,AC10_29,1
10E8v4,V704_1991_230_RE_P001S_1194T,1
438-B11,1054_07_TC4_1499,1
PC39-61B,CNE53,1
N6,0260_V5_C36,1
PGDM1401,T255_34,1
10E8,SHIV_CNE40_JB98_W29_6,1
PGT145,TV1_29,1
N6,191084_B7_19,1
PGT126,0330_V4_C3,1
VRC01,TSG_EHI35,1
2413a,6095_V1_C10,1
VRC-PG20,0260_V5_C36,1
DH270min1,ADA,1
VRC07-523LS.v34,T280_5,1
N6LS.C58,CH070_1,1
PGT121,BJ176_1,1
10E8,VRC607_6_00_G5,1
PGT145,BB201_B42,1
VRC42.I3,C1080_C3,1
PGT128,92BR025_9,1
RHA1.V2.02,Q23_17,1
PC39-61B,DH12,1
PC39-39C,DU156_12,1
PGT145,714910601_36,1
PGT151,S32224_174WK_C33,1
J038,6540_V4_C1,1
J038,001428_2_42,1
CH27,ZM247_V1,1
PGT143,231966_C2,1
vFP20.01,H086_8,1
10E8,VRC607_10_14_D9,1
VRC40.02,TH023_6,1
PGT151,191955_A11,1
DH511.2,6644_V2_C33,1
VRC42.I3,BAL_26,1
VRC42.02,ZM55_28A,1
2F5,93UG077,1
VRC40.01,0815_V3_C3,1
VRC03,0404_BM_F3,1
N6,CE0985_H7,1
vFP1.01,BB201_B42,1
PCDN-38B,001428_2_42,1
PGT121,556_F2_3_25,1
b12,286_36,1
VRC34.01_Combo1,DU172_17,1
PG9,1245045,1
VRC-PG04,YU2,1
PCIN71M1a,92BR020,1
35O22,CE2010_F5,1
BG18,V703_2539_070_RE_E6F6S,1
D5_FI,246_F3_C10_2,1
M4008_N1,Q259_17,1
10E8v4,CON_C,1
PCIN71C,ZM135_10A,1
b12,BB539_2B13,1
10E8,928_28,1
PCIN77B1b,PVO_4,1
N6,MG505_W0M_A2,1
IOMA,MN_3,1
3BNC117,T251_18,1
IOMAmin3,Q461_E2,1
561_02_12,SC05_8C11_2344,1
561_01_18,19157834_V1,1
M1214_N2,191084_B7_19,1
1C2-rabbit,BJOX010000_06_2,1
VRC42.N1,26191_2_48,1
PGZL1.H4K3,6545_V4_C1,1
VRC42.I3,16845_2_22,1
VRC02,246_F3_C10_2,1
DFPH-a.03,001428_2_42,1
gVRC-H1dC38/VRC01L,25711_2_4,1
3BNC117,1HB2_D0_102315_C7_S2,1
PGT121,TSG22Y04A0016_H16,1
VRC01,079_BT_SGA4,1
N6LS.C1,CNE10,1
VRC-PG05,25710_2_43,1
DH796.1,ZM109_4,1
VRC01.23LS,MN_3,1
N6LS.C30,ZA012_29,1
10E8,T282_3_8_CL82,1
PC39-39B,89_6,1
PGT126,MUW100708A_EC09,1
PG9,VC4_15_130811_200,1
BG24,3103_V3_C10,1
4E10,21197826_V1,1
VRC03,CNE5,1
VRC44.01,MI369_A5,1
PG9,MJ613_W1M_C7,1
PCIN71J2a,JRCSF,1
DH511.12P,CNE56,1
PG16,191821_E6_1,1
VRC26.08,6022_V7_C24,1
AIIMS-P01,DU422_1,1
PGT126,SC14_49,1
2413c,CNE19,1
SF5,62357_14_D3_4589,1
b12,BORI_D9_4D7_1410,1
BG38,3168_V4_C10,1
PCT64-35B,191084_B7_19,1
GPZ6-b.01,HXB2,1
10E8v4,V703_1104_100_RE10GS,1
PCIN71I1a,CE0393_C3,1
3BNC60,ZM109_4,1
10E8,288_38,1
VRC01,HUB32_3,1
3BNC117,TSG22Y04A0011_H11,1
EN01_007,T251_18,1
VRC01,2969249,1
PG16,Q769_D22,1
PGT126,102149I_2_23,1
N6LS.C35,25925_2_22,1
VRC01.23LS,V703_1915_250_RE_SGAA3_S,1
VRC01,V704_0029_170_RE_P001S,1
VRC34.01,V704_3000_240_RE_PBSGA002_S,1
VRC-PG04b,3365_V2_C20,1
4E10,093_BT_SGA3,1
VRC34-pI3,246_F3_C10_2,1
N6LS.C35,6535_3,1
PGT128,BR07,1
3BNC117,SC62_EC108,1
EN02_01_D03,ZM55_28A,1
VRC26.01,6095_V1_C10,1
3BNC117,693_7989_V2_A2_3_BASELINE,1
iMab,231966_C2,1
PC39-17B,TRO_11,1
PGT128,B021_ENV03,1
CH235.12,V704_0746_760_RE_P001S,1
N49P9.3,ZM249_1,1
6070-a.01,191955_A11,1
PGDM1400,AIIMS709_70942B,1
PG9,SIV_CPZ_MT145,1
10E8v4,ZM214_15,1
VRC34.01,TSG_EHI14,1
VRC01-8fH/10fL,6101_1,1
CH235,CNE53,1
vFP16.02,BI369_9A,1
HERH-c.01,CNE30,1
VRC01e,25710_2_43,1
VRC08,16936_2_21,1
VRC01,EN1_120250_095,1
PGT121,1HD4K_D0_061516_F7_S57,1
DH511.2,00836_2_5,1
b12,A03349M1_VRC4A,1
2413b,Q259_17,1
PGT121,6292_BL_G4_3,1
3BNC117,783_V0_C51,1
6561-a.01,CNE57,1
PGT121,MI369_A5,1
VRC34.01,TSG_EHI8,1
7H6,MUW101273A_ECRH,1
VRC01,CAP327_2_00_C6_37,1
ACS101,REJO4541_67,1
2F5,BG1168_1,1
EN02_04_A06,MW965_26,1
DH511.11P,BJOX002000_03_2,1
561_02_12,20358510_01,1
12A12,25710_2_43,1
EN02_04_A06,569_F1_37_10,1
PGT145,263_8,1
PGT121,329_15_B1,1
2G12,WEAU_D15_410,1
PG9,QB099_391M_B1,1
VRC08,BR07,1
3BNC117,CAP37_1_18_D2_19,1
NIH45-46,100997I_2_2,1
PCT64-35M,DJ263_8,1
VRC34.01_mm28,CNE30,1
10E8,S50216_677WK_C68,1
PC39-50A,YU2,1
CH235.12,V704_0445_180_RE_CON_S,1
DH511.6,COT6_15,1
PGDM11,6952_V1_C20,1
PG9,VC5_15_130814_068,1
VRC42.02,191821_E6_1,1
1F7,SF162,1
N49P7.1,X1632_S2_B10,1
N60P1.1,PVO_4,1
CH04,92TH021,1
N6LS.C49,C1080_C3,1
10-996,T250_4,1
179NC75,BX08_16,1
BG18,WITO4160_33,1
1B2530,ZM249_1,1
561_01_18,V703_0537_011S_4H1,1
IOMAmin3,ZM214_15,1
VRC34.01,TSG22Y04A0015_H15,1
EN02_04_A06,19252094_A5_G2,1
N6LS.C47,BJOX009000_02_4,1
IOMAmin3,CE0682_E4,1
PCDN-38A,T250_4,1
N49P9.1,Q23_17,1
PC39-28B,DU156_12,1
KD-247,SF162,1
IOMAmin5,SC422_8,1
DH1003.3,TRO_11,1
179NC75,BJOX028000_10_3,1
N60P1.1,001428_2_42,1
PC39-23B,92BR020,1
8ANC131,RHPA4259_7,1
10-1074,6775_BL_B10_3,1
CH103,ZM214_15,1
VRC07-523LS.v34,ZM106_9,1
PCT64-35D,620345_C1,1
VRC26.25,KO459_T68_4,1
VRC-PG04,C4118_9,1
PGT127,SF162,1
PG16,246_F3_C10_2,1
M1214_N2,SC05_8C11_2344,1
VRC01,98IN022,1
VRC34-pI3,ZM55_28A,1
PGT135,SC05_8C11_2344,1
m66.6,CNE10,1
6070-a.01,T250_4,1
DH511.11P,X1193_C1,1
N49P9.1,CNE20,1
PGT145,45_01DG5,1
PGT121,CBJC515_08_23,1
VRC03,SF162,1
VRC07-523-W54-LS.v3,3637_V5_C3,1
CH04,CNE5,1
44715-a.01,25710_2_43,1
3BC315,TH023_6,1
VRC26.25,AIIMS704_70406,1
12A12,TH966_8,1
PGT128,CT431_G6_6,1
2F5,GX90_1,1
10E8v4,V703_2539_070_RE_E6F6S,1
VRC34.01,451_AT_SGA5,1
NIH45-46,SC26_EC33,1
VRC01-30fH/19fL,ZA012_29,1
VRC07,2865_A11_12,1
VRC07,TSG_EHI44,1
VRC01,CNXJ0651_9,1
PGDM14,94UG103,1
PGT124,T250_4,1
VRC01,451_TF_SGA2,1
2G12,DRVI01_0912_2,1
ElsE1,R2184_C4,1
N49P22,C3347_C11,1
VRC26.26,CH181_12,1
N49P7.1,CE2010_F5,1
VRC-CH31,6095_V1_C10,1
HJ16,B015_ENV04,1
PGT121,VC5_15_130814_044,1
DH511.2,TV1_29,1
12A12,Q259_17,1
EN02_04_A06,CNE10,1
PGT151,AIIMS704_70421,1
VRC-CH31,SC14_49,1
PGT128,CAP340_2_00_B3_16,1
PCT64-18D,CNE19,1
3694,SS1196_1,1
PCDN-33A,9004SS_A3_4,1
PCIN71D2b,HXB2,1
VRC07d,TRO_11,1
CH03,REJO4541_67,1
VRC06b,191084_B7_19,1
VRC07-523-W54-LS.v3,R2184_C4,1
4E10,93UG077,1
EN01_007,6545_V4_C1,1
PCT64-35C,ZM249_1,1
10E8v4,V704_0856_240_RE_PB001_S,1
2413c,BJOX028000_10_3,1
10-1074,2990_V7_C9_1,1
VRC01,CNE8,1
35O22,CNE21,1
3BNC117,BJOX025000_01_1,1
BG1,SIV_CPZ_TAN2,1
VRC01,1HB2_W4_103015_C9_S80,1
DH270.4,Q23_17,1
3BNC117,6113_V14_B5_2,1
3BNC117,40100_V01_09,1
PCDN-22A,DU156_12,1
N49P11,ZM214_15,1
NIH45-46,KER2018_11,1
EN02_01_D03,P1981_C5_3,1
PCDN-33A,SF162,1
4E10,BI206_W6P_A1,1
PGT155,620345_C1,1
ElsE2,620345_C1,1
6561-a.01,CH070_1,1
40591-a.01,9004SS_A3_4,1
IOMAmin3,6811_V7_C18,1
35O22,SC62_EC72,1
VRC-PG04,6811_V7_C18,1
VRC42.01,CNE4,1
2F5,M02138,1
2F5,CBJC504_06_14,1
VRC34.01,CNE21,1
VRC01,V704_0751_190_RE_P002S,1
M4008_N1,YU2,1
VRC07,DU156_12,1
10E8v4,92BR025_9,1
PGDM1400,TSG21S01E0017_STM16E,1
PGT123,TRO_11,1
PCIN71L,ZM135_10A,1
12A21,CNE21,1
2F5,SC12_EC10,1
PGT151,SC30_EC11,1
CH235.12,V704_1551_150_ESN,1
PC39-50I,ZM247_V1,1
10E8 IgG mutant 5,263_8,1
N49P7,CA146_H3_3,1
V033-a.01,CH117_4,1
VRC01,3545883_G1_E1,1
PG9,VC5_15_130814_085,1
SF8,CH038_12,1
561_01_55,CNE21,1
PG9,330_16_E6,1
vFP16.02,CNE56,1
3BNC117,1107356_07,1
DH796.1,CT184_D3_15,1
10E8,TSG_EHI12,1
561_01_18,WITO4160_33,1
2219,B012_ENV02,1
N49P7,RHPA4259_7,1
PGT121,6480_V4_C25,1
PC39-39C,6535_3,1
447-52D,CNXJ0651_9,1
DH270.5,SS1196_1,1
DH270.4,DU156_12,1
GPZ6-a.01,ZM55_28A,1
PC39-23A,ZM214_15,1
12A12,HT593_1,1
10-1074,ZM247_V1,1
VRC26.01,CNE5,1
PCIN71L,TRJO4551_58,1
vFP16.02,6631_V3_C10,1
VRC26.31,DU156_12,1
PCT64-35D,94UG103,1
NC-Cow1,3103_V3_C10,1
VRC07-523LS.v34,C4118_9,1
PC39-50C,JRCSF,1
PGT121,CBJC515_08_29,1
2F5,15JS79,1
DH270.4,100711I_3_26,1
3BNC117,FR_2010_74,1
VRC43.01,DU151_02,1
PGT142,DJ263_8,1
VRC01.23LS,263_8,1
N6LS.C58,BS208_B1,1
IOMAmin3,KO426_T78_10,1
HERH-c.01,BJOX025000_01_1,1
PGT128,S51928_278WK_C26,1
ACS114,1006_11_C3_1601,1
PG9,6240_08_TA5_4622,1
b12,GZ30_6,1
12A12,ZM106_9,1
HJ16,V703_2769_050_RE_PBLIB002_S,1
N6,CH117_4,1
PGT145,0439_V5_C1,1
PGT128,ADA,1
438-B11,001428_2_42,1
PGT121,DU156_12,1
PGT121,SHIV_CNE40_JD14_W29_14,1
N49P22,3365_V2_C20,1
CH106,BX08_16,1
PC39-39B,WEAU_D15_410,1
VRC40.01,AC10_29,1
PGDM1400,4236_V9_G10_3,1
N49P22,CNE17,1
PGT121,079_PBMC_SGA12,1
VRC01,92UG005,1
Ab1461,X1632_S2_B10,1
Bess1,249M_B10,1
DFPH-a.03,0077_V1_C16,1
EN02_01_D03,0013095_2_11,1
DH511.11P,BJOX028000_10_3,1
PG16,191955_A11,1
PGT130,B016_ENV02,1
PC39-50C,89_6,1
N6LS.C15,TRJO4551_58,1
7H6,126652V01_EC6,1
DH270min11,286_36,1
PC39-45B,6535_3,1
TRNM-b.01,T250_4,1
LN01,001428_2_42,1
ACS202,AMC011,1
PGT135,AIIMS704_70402,1
VRC26.25,CAP260_2_00_TA1_1B,1
N49P9,CNE58,1
VRC01,FR_2012_171,1
VRC-CH31,231965_C1,1
DJ85-a.01,MW965_26,1
4E10,SHX346_60,1
PGT127,211_9,1
CH235.12,V704_0503_250_RE_CS,1
VRC42.01,CAP210_E8,1
PG16,CNE6,1
N6,TSG23Y07A0012_A12,1
PCIN71L,REJO4541_67,1
3BNC117,CT072_56_7,1
4E10,CT966_E1_7,1
VRC26.25,651_AT_SGA8,1
10-1074,CE0089_G2,1
PCIN71P,CAP45_G3,1
D5_FI,CH119_10,1
PCDN-38A,Q23_17,1
EN02_04_A06,X2088_C9,1
VRC01,714903902_20,1
N6LS.C1,ZM53_12,1
VRC34.01_mm28,DU172_17,1
LN01,R2184_C4,1
PCT64-35M,KER2008_12,1
VRC08,CNE31,1
VRC42.N1,6095_V1_C10,1
8ANC134,Q461_E2,1
PCT64-35D,191084_B7_19,1
VRC34.01_mm28,C4118_9,1
N49P7,0077_V1_C16,1
DH270.4,DJ263_8,1
4E10,CM244_EC1,1
AIIMS-P01,AIIMS731_73105D,1
2G12,T251_18,1
2F5,GX34_21,1
8ANC195,SC05_8C11_2344,1
VRC23,ZM135_10A,1
NC-Cow2,Q769_D22,1
PGT124,DU422_1,1
PGT151,V703_0629_150_RE_PBLIB003_S,1
VRC26.03,C1080_C3,1
10-1074,6644_V2_C33,1
VRC-PG04,X1193_C1,1
PGDM1400,093_TF_SGA17,1
VRC01,CH115_12,1
VRC07-523-W54-LS.v3,6631_V3_C10,1
PGT128,62357_14_D3_4589,1
BG1,SIV_CPZ_UG38,1
N6,89_6,1
DH270min1,6101_1,1
VRC01,CAP306_2_00_F9_1,1
3BNC117,693_1969_V2_A11_1_BASELINE,1
PGT124,0260_V5_C36,1
N6LS.C1,16845_2_22,1
VRC01,3637_V5_C3,1
VRC01,1HC2_D0_012216_H10_S82,1
VRC01.23LS,CNE31,1
DH270.6,CNE10,1
LJF-0034,BG505_W6M_C2,1
10E8,SC22_16,1
PG9,SO431_C1_1,1
10E8v4,V703_0537_011S_4H1,1
0PV-d.01,BI369_9A,1
2F5,CBJC504_05_08,1
PGT141,92TH021,1
VRC07,6952_V1_C20,1
AIIMS-P01,AC10_29,1
1C2-rabbit,TH023_6,1
PGT121,6775_BL_E5_2,1
NC-Cow10,0260_V5_C36,1
N49P9.1,X1193_C1,1
N6LS.C15,ZM106_9,1
PGT128,VC5_15_136428_064,1
M1214_N1,CNE19,1
DH1317.4,6535_3,1
PGT130,Q259_17,1
1B2530,X1632_S2_B10,1
M1214_N1.2,QH0692_42,1
10E8 IgG mutant 5,C3347_C11,1
EN02_05_B08,CNE21,1
N49P7,20883229_C9_H6,1
PGT145,NAB13PRE_CL_9,1
PG9,APV_6,1
42056-b.01,ZM233_6,1
PGT121,PG37091_J41,1
N49P7.2,X2131_C1_B5,1
VRC38.06,CNE58,1
N6LS.C47,25925_2_22,1
PG9,VC5_15_130814_057,1
O.1,REJO4541_67,1
N60P25.1,16055_2_3,1
N6LS.C58,SC422_8,1
PG9,YN177_1,1
PGDM1400,M02138,1
PGT145,541_F1_A7_2,1
CH103,ZM106_9,1
VRC03,SC26_EC45,1
DH511.12P,ZM109_4,1
4E10,B005018_8_F6_3,1
48d,CNE4,1
3BNC117,B027_ENV01,1
3602-870,246_F3_C10_2,1
VRC07f,703010217_B6,1
561_01_18,V704_2981_150_RE_P002S_2559A,1
PGT135,KO426_T78_10,1
PG9,TSG_EHI42,1
N6,FR_2009_64,1
N49P9.3,CAP45_G3,1
1B2530,KNH1209_18,1
PGT121,3365_V2_C20,1
PGT128,VC5_15_130814_044,1
PGDM1400,V704_1731_070EN_12,1
PCDN-33A,DH12,1
TRNM-d.01,0815_V3_C3,1
561_01_18,V704_0372_250_RE_PBLIB001_S,1
VRC-CH31,BC11,1
10-1074,714909105_17,1
VRC34.01,ZM55_28A,1
PGT127,BJOX009000_02_4,1
PGT145,S52354_263WK_C60,1
MEL-1872,MS208_A1,1
DF1W-a.02,3589_V1_C4,1
PGT145,6540_V4_C1,1
CH04,C4118_9,1
561_01_18,V703_2769_050_RE_PBLIB002_S,1
PGT145,B037_ENV16,1
Ab1485,P1981_C5_3,1
2G12,SS1196_1,1
VRC07-523-W54-LS.v3,3016_V5_C45,1
2408c.3,Q259_17,1
N6LS.C1,3016_V5_C45,1
EN02_01_D03,ZM249_1,1
VRC01,0330_V4_C3,1
4E10,NL43,1
VRC08,TRO_11,1
DH270min12,CH181_12,1
10E8,CA392_H2_6,1
PGT122,92BR020,1
N49P9.3,ZM233_6,1
561_01_55,SC05_8C11_2344,1
VRC01,RBF208,1
N49P6,3365_V2_C20,1
0PV-b.01,BI369_9A,1
DFPH-a.15,3988_25,1
VRC46.01,3718_3_11,1
PGT121,6292_BL_A4_1,1
N49P23,X1632_S2_B10,1
N6LS.C35,C1080_C3,1
VRC26.16,ZM233_6,1
VRC26.19,ZM53_12,1
10E8,330_14_A20,1
12A21,X1193_C1,1
iMab,6811_V7_C18,1
PGDM1405,16055_2_3,1
VRC42.I3,ZM135_10A,1
10-1074,20198102_E9_G1,1
CH103,CNE20,1
CH235,MW965_26,1
T646-a.01,ZM233_6,1
VRC07-523LS.v32,3817_V2_C59,1
PGDM1400,QH209_14M_A2,1
VRC42.01,6644_V2_C33,1
EN02_04_A06,92BR025_9,1
VRC40.01,ZA012_29,1
10E8v4,CNE4,1
PG16,SC62_EC108,1
CH235.12,V703_0472_030S,1
4E10,100046I_3_2,1
DH270min1,ZM135_10A,1
EN02_04_A06,V703_1034_190_RE_E5D5S,1
PGDM1400,106_1_C_5_10,1
Min12A21,CNE19,1
N49P6,REJO4541_67,1
VRC33.01,TH966_8,1
VRC01,EN_AE_E11_137088_079,1
m66.6,ADA,1
PCDN-27D,ZM214_15,1
NIH45-46,X1632_S2_B10,1
10-1074,AIIMS706_70607C,1
0PV-c.01,Q842_D12,1
N6LS.C30,CNE19,1
2F5,CT565_C7_48,1
TRNM-c.01,TRJO4551_58,1
3BNC117,1536_V16_A9_2,1
3BNC117,702_W6_P_06_12_H11_S63,1
N6LS.C49,263_8,1
VRC-PG04b,RHPA4259_7,1
DH511.12P,BB201_B42,1
N6LS.C58,CNE4,1
3BNC60,TRJO4551_58,1
2413a,Q259_17,1
VRC34-pI3HCpI2LC,3988_25,1
PCIN71I1a,3817_V2_C59,1
10-1074,MUW101273A_EC05,1
VRC07,703010217_B6,1
PGT126,0815_V3_C3,1
VRC07-523LS.v14,CH038_12,1
8ANC195,9004SS_A3_4,1
VRC34.01_Combo1,WITO4160_33,1
V031-a.01,231966_C2,1
2413b,P1981_C5_3,1
ElsE1,249M_B10,1
VRC07-523-F54-LS.v3,M02138,1
AIIMS-P01,TRO_11,1
561_02_12,2768732_C5_16,1
VRC06,0013095_2_11,1
VRC01,V704_1731_070EN_12,1
DH270min1,QH0692_42,1
N6,CT977_69_12,1
3BC315,00836_2_5,1
DH511.2,CA392_H2_6,1
N6,AIIMS706_70607A,1
PGDM1400,T250_4,1
V031-a.01,CE2060_G9,1
VRC07,MS208_A1,1
DH511.5,CNE55,1
PC39-23D,89_6,1
10-1074,CT431_G6_6,1
VRC01,VC2_15_130809_019,1
1C2-rabbit,R3265_C6,1
3BNC117,B005018_8_F6_3,1
VRC-CH31,CNE53,1
PGT145,330_16_E6,1
M1214_N1,6480_V4_C25,1
PCIN71G,REJO4541_67,1
AIIMS-P01,AIIMS704_70401,1
3BNC117,0404_BM_B9,1
PCDN-33A,CNE20,1
VRC26.27,269_12,1
PGDM1400,TSG22Y04A0020_H20,1
DH796.1,211_9,1
DH511.12P,286_36,1
VRC01.23LS,25710_2_43,1
8ANC131,CNE10,1
PGDM21,ZM135_10A,1
PGT121,DRVI01_0507_13,1
IOMAmin5,6240_08_TA5_4622,1
PCIN71K,SC422_8,1
VRC38.01,3718_3_11,1
VRC26.08,25925_2_22,1
VRC26.08,541_F1_A7_2,1
7H6,SC21_EC12,1
PGDM1400,1536_V15_D12_1,1
VRC42.N1,3337_V2_C6,1
N49P9.3,BJOX010000_06_2,1
ACS202,V703_0217_050E_2A3,1
12A21,Q769_D22,1
MEL-1842,QH0692_42,1
PGT145,TSG21Y02E0018_D18,1
N6LS.C1,CNE40,1
N6LS.C35,CM244_EC1,1
2723-2121,6644_V2_C33,1
VRC42.01,00836_2_5,1
PG9,SC13_EC26,1
PG16,B007_ENV01,1
DH270.5,X2088_C9,1
PGDM11,001428_2_42,1
PGT142,ZM55_28A,1
HJ16,BG505_W6M_C2,1
N6LS.C35,16055_2_3,1
N6LS.C15,0013095_2_11,1
PGT151,MI369_A5,1
PG9,C1080_C3,1
EN01_007,V703_0629_150_RE_PBLIB004_S,1
O.3,BAL_26,1
N6LS.C47,269_12,1
EN02_01_D03,0439_V5_C1,1
1C2-rabbit,CNE12,1
VRC42.01,CNE31,1
vFP1.01,0077_V1_C16,1
VRC06d,25710_2_43,1
PCT64-18D,CNE17,1
DFPH-a.01,ZM233_6,1
2F5,TH023_6,1
10-1369,YU2,1
4E10,NAB01_C21_REV,1
2G12,BJOX028000_10_3,1
2G12,CE0665_F2,1
DH517,DJ263_8,1
PGDM1400,1536_V15_D6_1,1
VRC02,X1193_C1,1
N6LS.C58,KNH1209_18,1
DH651.3,CNE8,1
VRC01-30fH/10fL,Q23_17,1
N49P9,263_8,1
PGT121,VC5_15_130814_057,1
N49P7,QH0692_42,1
IOMAmin5,0260_V5_C36,1
DH511.2,DU172_17,1
gVRC-H1dC38/VRC01L,231965_C1,1
VRC01,V704_2901_170_RE_SGA01_S,1
PGT145,R3265_C6,1
10-1074,9252_PRE_E14,1
BG18,6540_V4_C1,1
3BNC117,CE1086_B2,1
PG16,GX75_20,1
b12,SC21_28,1
CH235.12,A03349M1_VRC4A,1
M1214_N1,SC422_8,1
PGZL1.H4K3,1054_07_TC4_1499,1
VRC01,VC5_15_136428_068,1
PCT64-24F,94UG103,1
PGZL1.H4K3,RHPA4259_7,1
VRC07,TSG22Y04A0016_H16,1
2G12,KER2008_12,1
N6,V703_0510_260_RE_PBLIB003_S,1
VRC02,X2131_C1_B5,1
VRC08,A07412M1_VRC12,1
DH511.2,ZM214_15,1
N49P7,6540_V4_C1,1
3BNC117,VIRULENTB_11,1
DJ85-c.01,ZM249_1,1
N49P7.1,3817_V2_C59,1
PGT145,TSG21N01S100,1
DH511.11P,CH181_12,1
PC39-55C,PVO_4,1
561_01_18,V704_0128_220_RE_PB001_S,1
EN02_01_D03,16936_2_21,1
N6,V703_0217_050E_2A3,1
N6,CE0665_F2,1
DH563,PVO_4,1
PGT121,2990_BL_E5_2,1
N49P9,6811_V7_C18,1
4E10,BJYA119_6,1
AIIMS-P01,25925_2_22,1
N6LS.C1,KER2008_12,1
8ANC131,3589_V1_C4,1
MEL-1842,JRCSF,1
ACS202,16936_2_21,1
DH270.1,DU156_12,1
PGDM21,1054_07_TC4_1499,1
HGN194,92BR025_9,1
N6LS.C49,BG505_W6M_C2,1
LJF-0085,6101_1,1
4E10,BJOX019000_02_1,1
4E10,CNE4,1
PGDM1400,7190_V7_A3_5,1
PCT64-35G,C4118_9,1
PC39-23D,6244_13_B5_4567,1
PCT64-35M,MI369_A5,1
3BNC117,15JS111,1
PGT128,VC5_15_136428_068,1
PC39-17A,3817_V2_C59,1
10-1074,2319_BL_H1_1,1
PCIN71G,KNH1144,1
PC39-50A,DH12,1
CH235.12,SF162,1
EN02_04_A06,ZM214_15,1
VRC43.01,3637_V5_C3,1
10E8,20721190,1
VRC42.N1,UG021_16,1
N49P9.3,CNE58,1
PGDM1400,B030_ENV09,1
10E8,Q23_17,1
VRC07-523-F54-LS.v3,CNE12,1
CH28,CE0682_E4,1
VRC01.23LS,V703_0472_030S,1
PGT121,SC17_32,1
PGZL1.H4K3,BJOX010000_06_2,1
3BNC117,SC12_EC10,1
M1214_N1,ZM233_6,1
8ANC195,ZM246F,1
N49P9.1,BJOX028000_10_3,1
HERH-c.01,CNE19,1
PG16,AIIMS704_70408,1
DH511.1,BG1168_1,1
PCIN71L,PVO_4,1
EN02_01_D03,SF162,1
N49P11,X2131_C1_B5,1
PC39-39D,SF162,1
M4008_N1,PVO_4,1
VRC34-pI3,CNE5,1
PGT121,TSG_EHI57,1
CH02,0330_V4_C3,1
N49P7.2,X2088_C9,1
VRC06b,BR07,1
8ANC134,CNE3,1
PG16,BJOX029000_03_1,1
VRC01,TSG22Y04A0005_H5,1
2413b,A07412M1_VRC12,1
PG9,CNXJ1081_1,1
3BNC117,703010054_2A2,1
DH511.12P,191821_E6_1,1
VRC33.01,0013095_2_11,1
N6,TSG21Y02E0014_D14,1
VRC33.01,BX08_16,1
VRC34.01_Combo1,0439_V5_C1,1
12A12,MI369_A5,1
CH235.12,CNE5,1
PGDM1400,8074_BL_F6_2,1
PGT125,3817_V2_C59,1
PGT121,714909105_35,1
PGT128,VIRULENTB_16,1
4E10,SPK_0525_13,1
M1214_N1.2,CNE17,1
EN02_04_A06,V704_0496_040SN,1
PGT121,TSG21N01N014,1
1B2530,CNE4,1
PGT128,CNE56,1
A16,CNE17,1
N6LS.C30,AC10_29,1
10-1074,B033_ENV02,1
561_02_12,6240_08_TA5_4622,1
1B2530,CNE8,1
N6LS.C47,CNE12,1
PCIN71I1a,SC05_8C11_2344,1
3694,SF162,1
PG9,CH117_4,1
VRC26.27,BB201_B42,1
VRC26.05,ZM53_12,1
2F5,3365_V2_C20,1
VRC-CH31,C1080_C3,1
VRC07,703010054_2A2,1
DH511.6,X1632_S2_B10,1
EN02_05_B08,6631_V3_C10,1
EN02_04_A06,ZM53_12,1
VRC03,R2,1
IOMA-HC-DDE,CNE21,1
PGT152,001428_2_42,1
N49P6,6244_13_B5_4567,1
FD22,T280_5,1
VRC-PG04,S50741_847WK_C12,1
PCIN71G,ZM109_4,1
b12,6095_V1_C10,1
IOMAmin3,CNE8,1
447-52D,BR07,1
PGDM1400,186_TF_SGA9,1
J038,DJ263_8,1
N6LS.C47,Q259_17,1
17b,6095_V1_C10,1
J038,BS208_B1,1
4E10,CNE10,1
VRC26.25,LT1_07_J1,1
VRC07-523-F54-LS.v3,CAP45_G3,1
561_02_12,235080_3G7_REV,1
PGT121,1HB2_D0_102315_C3_S1,1
VRC34.01_Combo1,0013095_2_11,1
PGDM1400,6775_V7_D3_3,1
2558,ZM233_6,1
VRC07-523LS.v32,DU172_17,1
PC39-28C,HXB2,1
CH98,RHPA4259_7,1
PGT135,DRVI01_0912_6,1
PCIN71C,SC422_8,1
PGT126,B002_ENV03,1
PGT151,25711_2_4,1
RHA10.01,AC10_29,1
EN02_04_A06,CAP210_TA5,1
PG9,6545_V4_C1,1
3BNC117,VRC607_2_00_A10_3,1
VRC01.23LS,ZM109_4,1
8ANC134,Q23_17,1
SF12,CE1086_B2,1
CH01,0077_V1_C16,1
VRC07-523LS.v34,BJOX025000_01_1,1
10E8-2fH/10fL,DU422_1,1
VRC01,YN6_23,1
VRC01,106_1_C_5_10,1
VRC07-523LS.v32,DU151_02,1
VRC26.08,CH117_4,1
N6LS.C1,CNE14,1
EN02_01_D03,HT593_1,1
EN02_04_A06,V703_0944_180S,1
VRC01,C4118_9,1
CH28,ZM246F,1
VRC01,V704_1802_080SN_01,1
PC39-55B,SF162,1
VRC34-pI4,CNE3,1
PGZL1,6244_13_B5_4567,1
PGT128,B016_ENV02,1
35O22,BL01,1
M1214_N2,SC422_8,1
10E8,MI369_A5,1
VRC01,VLGC_B3,1
PCIN71D2b,92BR020,1
VRC26.08,KO459_T68_4,1
10E8-10fH/16fL,JRCSF,1
HGN194,SF162,1
N6LS.C1,CNE7,1
3BNC117,15JS76,1
1C2-rabbit,AC10_29,1
V033-a.01,3817_V2_C59,1
CH235,DU156_12,1
VRC34-pI3,X1632_S2_B10,1
PGDM1405,WITO4160_33,1
PGT121,PG37009V2_EJ58,1
12A12,MS208_A1,1
2F5,620345_C1,1
VRC07-523LS.v14,PVO_4,1
PG9,BJ5_11,1
PCIN71M1a,QH0692_42,1
10E8,126652V01_EC6,1
VRC26.27,6545_V4_C1,1
DH511.12P,3988_25,1
3BNC117,703010217_B6,1
PG9,TSG_EHI18,1
PC39-45A,89_6,1
N49P7.1,62357_14_D3_4589,1
PGT128,CAP308_2_00_E11_35,1
PC39-61B,Q23_17,1
10-1074,X2088_C9,1
VRC43.01,CNE59,1
10E8,X1193_C1,1
3BNC117,6101_1,1
PCT64-24E,DU156_12,1
PGT121,PG37009V2_EJ38,1
10-1074,91C34_W12_S6_12_7,1
VRC01,CMU02,1
gVRC-H1dC38/VRC01L,Q23_17,1
VRC26.25,CE0985_H7,1
3BNC117,SHIV_CNE40_JD14_W29_20,1
N49P7,CAP88_6M_C10,1
VRC01,B030_ENV09,1
1C2-rabbit,CM244_EC1,1
VRC07-523LS.v34,ZM55_28A,1
10E8,CAP177_1A3,1
V031-a.01,191084_B7_19,1
FD22,SS1196_1,1
DH1317.8,W61D_TCLA_71,1
DH270min12,89_6,1
LN01,X1632_S2_B10,1
PGT121,BX08_16,1
VRC42.01,3817_V2_C59,1
IOMA-HC-DDE,CE2010_F5,1
VRC26.26,CM244_EC1,1
vFP49.02,3468_V1_C12,1
N49P11,191084_B7_19,1
PCIN66B,YU2,1
VRC01,KO243_H6_3,1
N6LS.C1,ZM249_1,1
CH235.12,ZM109_4,1
PG16,98TZ017,1
PGT121,VC1_E14_110488_024,1
10E8,ZM214_15,1
VRC26.25,19252094_A5_G2,1
BG18,330_14_A12,1
VRC07-523LS.v32,KER2018_11,1
DH511.2,714910601_19,1
N6LS.C35,CH070_1,1
J033,TRO_11,1
10-1074,3168_V4_C10,1
10-1074,TSG21N01N017_C18,1
N49P7,BJOX025000_01_1,1
N6,CAP327_2_00_C6_37,1
561_01_18,V704_0925_110_RE_CS,1
PGT143,BJOX009000_02_4,1
VRC38.01,MN_3,1
RHA10.04,X1632_S2_B10,1
VRC06b,QH0692_42,1
V031-a.01,Q842_D12,1
4E10,VLGC_A1,1
VRC-PG04,R2,1
VRC07-523-W54-LS.v3,BI369_9A,1
N6LS.C47,3468_V1_C12,1
10E8,HB5_3,1
8ANC195,CH181_12,1
VRC03,B012_ENV02,1
VRC-PG04,A07412M1_VRC12,1
DH270.5,SC422_8,1
PGT145,231965_C1,1
VRC42.I3,45_01DG5,1
VRC01,653116_6_49YPI_SGA39_NE1,1
IOMA,ZM249_1,1
ACS202,V704_0886_250_RE_P001S,1
LJF-0024,CNE55,1
PG9,MUW101091A_EC10,1
PGT121,4_2_J42B,1
10E8,HT593_1,1
EN02_04_A06,T257_31,1
VRC01,TSG_EHI63,1
DH511.11P,S52026_432WK_C83,1
PGT145,BB539_2B13,1
VRC-PG04b,26191_2_48,1
SF12,C4118_9,1
VRC40.01,Q23_17,1
2411a,CNE4,1
4E10,X1854_C2_10,1
N6LS.C47,25711_2_4,1
4E10,X2131_C1_B5,1
VRC01,B006_ENV10,1
PG16,VC4_15_130811_121,1
10E8,186_BT_SGA1,1
3BNC117,40061_V03_08,1
2F5,PSR_0508_2,1
PC39-39B,SC05_8C11_2344,1
PCT64-24B,CAP45_G3,1
vFP16.02,BG505_W6M_C2,1
VRC07-523LS.v34,KER2018_11,1
VRC01,19707346_E8_C6,1
12A12,PVO_4,1
PCDN-38B,T250_4,1
EN02_01_D03,BX08_16,1
PG9,100052I_2_15,1
EN02_05_B08,0260_V5_C36,1
1C2-rabbit,KER2008_12,1
PG16,VC2_15_140616_047,1
4E10,249M_B10,1
PGDM1400,TSG23Y07A0013_A13,1
N6,FR_2012_161,1
10E8v4,V704_2541_080_RE_P003S,1
PGT128,CAP323_2_00_B6_45,1
AIIMS-P01,DU172_17,1
2558,SS1196_1,1
PGT121,BJOX003000_19_1,1
CH04,B039_ENV02,1
DRVIA7,Q769_D22,1
NC-Cow7,25710_2_43,1
PCT64-35G,BJOX009000_02_4,1
VRC-PG04,Q23_17,1
DH270min11,288_38,1
10E8,15JS01,1
VRC26.25,TSG_EHI61,1
N49P6,6540_V4_C1,1
VRC02,ZM214_15,1
VRC46.01,45_01DG5,1
10-1074,4236_BL_C1_1,1
1B2530,SC05_8C11_2344,1
VRC01,EN_AE_E11_137088_069,1
DH1317.4,V704_1991_230_RE_P001S_1194T,1
10-1074,6592_V7_C25,1
N49P7,191084_B7_19,1
VRC26.27,6095_V1_C10,1
VRC03,CNE57,1
CH103,6535_3,1
ACS114,SC422_8,1
179NC75,1012_11_TC21_3257,1
EN01_007,CE2060_G9,1
IOMAmin5,A07412M1_VRC12,1
35O22,JRCSF,1
N6,TSG21N01N023,1
VRC01d,703010217_B6,1
PGT121,6101_1,1
SF12,M02138,1
10E8,B030_ENV09,1
PGDM1400,V704_0622_250_RE_PBLIB001_S,1
DH511.6,KER2018_11,1
VRC07-523LS.v14,0439_V5_C1,1
PGT128,1012_11_TC21_3257,1
NC-Cow2,0260_V5_C36,1
PGDM12,S5213G5_230WK_C27,1
4E10,GX90_1,1
PGT128,CNE20,1
VRC38.01,T278_50,1
VRC07-523-F54-LS.v3,246_F3_C10_2,1
DH270.6,25711_2_4,1
PG9,703010131_1E2,1
VRC34.01_Combo1,KNH1209_18,1
35O22,B009_ENV07,1
N49P9.1,R3265_C6,1
VRC23,SS1196_1,1
VRC46.01,6095_V1_C10,1
VRC01,V703_1848_190_RE_E6D1S,1
vFP16.02,ZM135_10A,1
12A12,CNE4,1
PG9,GX90_1,1
VRC26.08,ME178_G6_16,1
10E8,318_BT_SGA4,1
vFP52.02,25710_2_43,1
VRC26.25,CE2060_G9,1
PGT126,DU156_12,1
VRC03,25710_2_43,1
HJ16,0330_V4_C3,1
PGT121,S5213G5_230WK_C27,1
N6,231965_C1,1
DFPH-a.15,MI369_A5,1
N6LS.C58,ADA,1
DH511.11P,HT593_1,1
LJF-0085,ZM233_6,1
SF5,ZM53_12,1
VRC01-8fH/10fL,KER2018_11,1
GPZ6-a.01,QH209_14M_A2,1
PCT64-24H,BG505_W6M_C2,1
VRC34.01_Combo1,CNE3,1
561_01_18,CNE8,1
BG505.34,Q842_D16,1
4E10,703010131_1E2,1
VRC43.01,BJOX010000_06_2,1
CH44,ZM214_15,1
DFPH-a.01,KER2018_11,1
VRC42.N1,3365_V2_C20,1
3BNC117,6292_BL_C4_1,1
iMab,ZM109_4,1
PG16,269_12,1
IOMA-HC-DDE,Q461_E2,1
3BC315,ZM247_V1,1
PC39-50E,DU172_17,1
DJ85-a.01,CNE53,1
PC39-50F,ADA,1
VRC-PG04,S5206G5_581WK_C51,1
VRC01,V704_2407_150_RE_P002S,1
561_02_12,CAP291_2_00_H2_15,1
VRC02,BB539_2B13,1
PGT130,3817_V2_C59,1
VRC26.26,269_12,1
VRC42.N1,BS208_B1,1
VRC26.08,ZM246F,1
VRC40.01,6405_V4_C34,1
VRC38.01,T251_18,1
PCT64-35D,R2184_C4,1
N6LS.C1,BJOX002000_03_2,1
PC39-39B,TRO_11,1
PC39-23C,TRO_11,1
VRC34-pI3,DU151_02,1
VRC01,MJ613_W1M_A2,1
PGT121,TSG21Y02E0024_D24,1
gVRC-H1dC38/VRC01L,ZA012_29,1
PC39-55A,QH0692_42,1
PGT154,CAP45_G3,1
EN02_01_D03,25711_2_4,1
VRC34.03,Q23_17,1
DH511.1,6540_V4_C1,1
F105,SS1196_1,1
PGT128,CT184_D3_15,1
N6LS.C15,T255_34,1
N49P7.2,CNE30,1
VRC01d,25710_2_43,1
EN01_007,CH038_12,1
EN02_05_B08,DU151_02,1
PG16,714910601_19,1
10E8,S52624_272WK_C6,1
2F5,6545_V3_C13,1
J038,CAP210_E8,1
3BNC117,CH0694,1
VRC-PG04b,YU2,1
N6LS.C1,BR07,1
916B2,ZM109_4,1
MEL-1842,HXB2,1
VRC07,9004SS_A3_4,1
VRC26.08,21261106_C12_H2,1
TRNM-a.01,T250_4,1
M4008_N1,Q461_E2,1
VRC42.N1,TH966_8,1
PG9,09GX268,1
DH511.11P,928_28,1
3BNC117,21492713_B11_E3,1
VRC07-523LS.v32,288_38,1
VRC01.23LS,V704_0372_250_RE_PBLIB001_S,1
CH235.12,BI369_9A,1
BG18,CNE20,1
PGZL1.H4K3,MS208_A1,1
VRC43.01,0330_V4_C3,1
35O22,CNE14,1
3BNC60,6952_V1_C20,1
PGDM1400,9372_BL_E11_1,1
PG16,AIIMS743_74311C,1
VRC26.28,Q259_17,1
DH511.5,703010217_B6,1
PGT128,20198102_E9_G1,1
VRC40.02,BI369_9A,1
DH511.11P,S51603_618WK_C58,1
VRC38.01,X2131_C1_B5,1
VRC-CH31,YN189_52,1
PGT121,B05,1
VRC40.01,16055_2_3,1
VRC40.02,6101_1,1
3BNC117,079_LN_SGA9,1
VRC34.01,3168_V4_C10,1
PGT121,SC12_EC4,1
ACS202,V704_1528_240_RE_PBLIB_001_S,1
VRC01,GX13_7,1
8ANC134,CNE53,1
DH511.11P,PVO_4,1
4E10,CNE16,1
PGT142,CNE58,1
1-79,BAL_26,1
561_01_18,CE2060_G9,1
PGT128,CAP307_2_00_24_1,1
2723-3055,703010217_B6,1
VRC26.04,DU422_1,1
LJF-0097,DJ263_8,1
PG9,KNH1144,1
VRC06b,HXB2,1
VRC01,V704_3023_260_RE_PBLIB001_S,1
N6LS.C35,CNE56,1
4E10,0907_V4_C12,1
DH270.5,25925_2_22,1
BG24,6240_08_TA5_4622,1
EN01_007,3603_C11_13,1
PGT130,CNE20,1
VRC02,288_38,1
PGDM1400,TSG23Y07A0015_A15,1
PGZL1.H4K3,0260_V5_C1,1
7H6,653116_6_49YPI_SGA39_NE1,1
10E8,SHX346_60,1
N6,X2088_C9,1
2F5,CNE12,1
VRC02,DU151_02,1
10E8v4,V704_1168_080SN,1
ACS202,V704_1783_150_RE_CS,1
2F5,CNE8,1
VRC34.01,V703_2631_150_RE_E2F8S,1
3BNC117,2305_V7_G2_2,1
VRC44.02,KER2008_12,1
PG9,SIV_ASC_RT11,1
IOMA-HC-DDE,62357_14_D3_4589,1
VRC07,HT593_1,1
b12,1059_09_A4_1460,1
VRC06b,16936_2_21,1
10-1074,093_PBMC_SGA14,1
TRNM-b.01,3988_25,1
3BNC117,CNE31,1
561_01_18,TSG22Y02E0035_DE35,1
NIH45-46,40700V03_06,1
PGDM11,191084_B7_19,1
1B2530,HXB2,1
BG24,001428_2_42,1
N49P7,0933_V4_C4,1
VRC40.02,CNE56,1
DH511.12P,TRJO4551_58,1
N49P11,6240_08_TA5_4622,1
IOMAmin5,CNE5,1
VRC40.01,CNE21,1
PGT128,AIIMS706_70607F,1
N6LS.C47,X1632_S2_B10,1
VRC26.30,Q259_17,1
CH235.12,V704_1180_070ESN,1
EN01_007,V703_0629_150_RE_PBLIB002_S,1
PGDM1403,CNE19,1
10E8,TRO_11,1
10E8,BB539_2B13,1
VRC07-523LS.v14,231965_C1,1
PGDM1400,6292_V7_H7_4,1
VRC07-523-F54-LS.v3,BG1168_1,1
PG16,VC5_15_130814_079,1
PGT126,GX73_29,1
PG9,TSG_EHI29,1
N49P7.2,X1193_C1,1
N6LS.C51,3637_V5_C3,1
EN02_04_A06,CAP69_1_12_TA7_1,1
PGT128,MG505_W0M_A2,1
HERH-a.01,CNE40,1
PGT145,MUW101091A_EC10,1
N60P25.1,0013095_2_11,1
IOMAmin5,WEAU_D15_410,1
N60P2.1,CNE5,1
VRC07,TSG_EHI58,1
10E8,98_F4_H5_13,1
4E10,NKR_0512_8,1
vFP7.05,CNE19,1
PC39-55C,94UG103,1
PC39-23B,SS1196_1,1
VRC26.17,BG505_W6M_C2,1
VRC34.01,16936_2_21,1
VRC07-523-W54-LS.v3,CNE55,1
EN02_04_A06,BI369_9A,1
PGDM1400,093_PBMC_SGA4,1
PG9,CNE10,1
10-1074,SC12_EC10,1
EN02_05_B08,288_38,1
12A12,SC05_8C11_2344,1
DH511.5,ZM55_28A,1
VRC34-pI4,246_F3_C10_2,1
PCT64-35G,BG505_W6M_C2,1
DH270.3,Q23_17,1
3BNC117,CAP301_2_00_C3_20,1
PGT121,ZM247_V1,1
12A12,16845_2_22,1
VRC43.01,Q769_D22,1
N6LS.C30,MI369_A5,1
PGT151,ZM109_4,1
VRC26.16,BG505_W6M_C2,1
VRC26.27,CNE19,1
N6,CAP69_1_12_TA7_1,1
N60P25.1,001428_2_42,1
N49P22,X1193_C1,1
N6LS.C49,CNE55,1
VRC42.01,CNE19,1
J038,DU151_02,1
N6,CAP188_1_D1_14_REV,1
N6,0439_V5_C1,1
3BNC117,CAP258_2_00_X_23,1
PC39-55C,ZM135_10A,1
PGT126,BJ39_14,1
PC39-39B,P1981_C5_3,1
N6LS.C30,BS208_B1,1
35O22,3365_V2_C20,1
VRC01.23LS,BB539_2B13,1
1B2530,WEAU_D15_410,1
DJ85-b.01,ZM249_1,1
VRC26.28,Q842_D12,1
10-1074,2319_BL_C1_4,1
VRC26.11,ZM233_6,1
PGT135,MI369_A5,1
PG16,1209_BM_B21,1
PGT151,V703_0472_030S,1
35O22,BX08_16,1
3BNC117,ZM55_28A,1
N6LS.C58,P1981_C5_3,1
N49P18.1,BF1266_431A,1
VRC01b,25710_2_43,1
PGT145,EN3D054,1
PGT144,PVO_4,1
2G12,102_BT_SGA3,1
438-B11,SS1196_1,1
EN01_007,V703_1848_190_RE_E6D1S,1
4E10,6240_08_TA5_4622,1
vFP52.02,Q23_17,1
PG9,CAP307_2_00_24_1,1
b12,CNE31,1
PGT151,BL01,1
PCIN71I1a,CAP45_G3,1
PC39-23D,3103_V3_C10,1
PGDM1405,CAP45_G3,1
10E8,CE2060_G9,1
N6,R3265_C6,1
N49P7.2,ZM247_V1,1
2413a,BI369_9A,1
4022,DJ263_8,1
vFP5.01,MW965_26,1
N60P1.1,SC422_8,1
2G12,B003_ENV04,1
Ab1271,25710_2_43,1
N49P9.3,CNE17,1
3BNC117,6592_V7_C25,1
PG9,VC4_15_130811_226,1
12A12,BR07,1
J040,703010217_B6,1
VRC01,B41_9032_08_A1,1
LJF-0109,MN_3,1
N49P7.1,9004SS_A3_4,1
3BNC117,RBF208,1
2413c,288_38,1
PGT130,KER2018_11,1
VRC44.02,7165_18,1
VRC42.01,CNE30,1
10E8,CT184_D3_15,1
CH235.12,V704_2148_260ESN,1
VRC07,16055_2_3,1
3BNC117,3305_BM_F6,1
8ANC195,ZM247_V1,1
EN02_04_A06,89_6,1
CH103,CH117_4,1
DH511.3,6540_V4_C1,1
561_01_18,V704_1907_251_RE_CS,1
DH511_I3,246_F3_C10_2,1
561_01_18,ZM53_12,1
3BNC117,SC62_EC72,1
VRC-CH31,YU2,1
12A12,X1632_S2_B10,1
VRC07-523LS.v11,CNE21,1
3BNC117,2768732_C5_16,1
VRC34.01_Combo1,89_6,1
CH235.12,V704_1712_090SN,1
CH235.12,V704_2767_070SN,1
IOMAmin3,BJOX025000_01_1,1
VRC-PG04,SF162,1
VRC40.01,BG1168_1,1
HmAb64,UG021_16,1
PCT64-24A,WITO4160_33,1
561_01_18,V704_0622_250_RE_PBLIB001_S,1
ACS117,BJOX028000_10_3,1
VRC42.02,BG1168_1,1
N49P9.1,6480_V4_C25,1
PGT145,TSG22Y04A0005_H5,1
LN01,62357_14_D3_4589,1
Bess1,CNE17,1
DH511.1,CNE59,1
35O22,B036_ENV13,1
VRC42.N1,CNE53,1
10E8,6545_V4_C1,1
b12,94UG103,1
PGDM1400,6292_V7_F5_2,1
PGT121,TSG21N01N015,1
VRC07-523-F54-LS.v3,HT593_1,1
N6LS.C1,CH119_10,1
VRC34-pI3,T280_5,1
gVRC-H1dC38/VRC01L,C4118_9,1
N6,CA240_A5_5,1
PGT143,ZM233_6,1
Min12A21,QH0692_42,1
CH235.12,6535_3,1
PGZL1.H4K3,0330_V4_C3,1
8ANC131,BG1168_1,1
CH02,SC29_EC1,1
10E8-10fH/10fL,YU2,1
PG16,GX68_5,1
PGT127,92BR020,1
561_01_55,WEAU_D15_410,1
VRC26.05,3016_V6_C3,1
iMab,T250_4,1
PG9,234_F1_16_57,1
VRC03d,TRO_11,1
EN02_05_B08,NKU3006_EC1,1
3BNC117,1HD1_D0_012016_A4_S67,1
VRC01,20198102_E9_G1,1
EN02_04_A06,CNE30,1
8ANC195,1006_11_C3_1601,1
PGT121,92BR025_9,1
BG18,V703_0566_160S,1
4E10,09GX330,1
PCIN71H,ZM109_4,1
VRC40.01,CNE8,1
PGT145,MUW101769A_EC05,1
BG18,TSG_EHI18,1
DFPH-a.15,ZM233_6,1
35O22,YBF16,1
PGT121,FR_2001_56,1
iMab,0330_V4_C3,1
2G12,KNH1209_18,1
m66,HT593_1,1
DH511_I5,CNE8,1
b12,NAB01_C21_REV,1
M1214_N1,X1193_C1,1
VRC-PG04b,KNH1209_18,1
N49P9.1,WITO4160_33,1
NC-Cow1,Q23_17,1
3BNC117,TSG21N01N026,1
10-1074,TSG21N01N029,1
EN02_04_A06,V704_0128_220_RE_PB001_S,1
DH270.6,SC422_8,1
MinVRC01,Q23_17,1
VRC46.01,UG024_2,1
IOMAexFACEmin,25710_2_43,1
BG1,211_9,1
EN02_04_A06,3637_V5_C3,1
8ANC134,CNE30,1
DH851.2,CNE20,1
10-1074,TSG_EHI22,1
3BNC117,FR_2009_77,1
DH511.2,20721190,1
Ab1271,BJOX002000_03_2,1
2219,6535_3,1
Z13e1,NAB01_C14_REV,1
BG18,TSG_EHI44,1
VRC41.01,6405_V4_C34,1
VRC07-523-F54-LS.v3,BJOX010000_06_2,1
VRC26.25,Q23_17,1
Bess1,3817_V2_C59,1
12A12,001428_2_42,1
DH270min1,0815_V3_C3,1
PGDM1400,AIIMS706_70604B,1
2723-3055,X1632_S2_B10,1
PC39-17B,MN_3,1
HmAb64,ZM233_6,1
EN02_01_D03,MI369_A5,1
561_01_18,TSG21Y02E0011_D11,1
10-1074,A08483M1_VRC9,1
PG9,CAP327_2_00_C6_37,1
4E10,KER2018_11,1
10E8v4,ZM215_8,1
2557,BAL_26,1
PGDM1400,1536_V15_C11_2,1
VRC38.03,BG505_W6M_C2,1
EN02_01_D03,MN_3,1
4E10,CT977_69_12,1
10E8,CBJC515_05_18,1
EN02_04_A06,CH181_12,1
4025,SF162,1
VRC-PG20,CNE31,1
VRC07-523LS.v11,CNE53,1
M1214_N1,CNE17,1
10E8v4,V703_0629_150_RE_PBLIB004_S,1
VRC07-523-W54-LS.v3,YU2,1
PCIN71G,3817_V2_C59,1
b12,BJYA109_9,1
N49P9.3,DU422_1,1
