antibody_id,virus_id,neut
2G12,3728_V2_C6,0
PC39-23D,CNE58,0
PCT64-24E,0013095_2_11,0
VRC38.01,CNE10,0
1C2-rabbit,TZA125_17,0
2408b,P1981_C5_3,0
PGDM1400,98_F4_H5_13,0
VRC03,A07412M1_VRC12,0
VRC42.03,TH966_8,0
V033-a.01,UG024_2,0
PC39-23A,62357_14_D3_4589,0
0PV-c.01,CNE56,0
PC39-23D,BJOX010000_06_2,0
vFP1.01,CNE15,0
F105,6471_V1_C16,0
PGT143,WEAU_D15_410,0
2G12,0921_V2_C14,0
VRC07f,TRO_11,0
F105,TH976_17,0
PGT151,CNE3,0
15e,25925_2_22,0
CH04,B004_ENV02,0
HGN194,T251_18,0
A12V163-b.01,242_14,0
HGN194,235_47,0
VRC06,57128_VRC15,0
VRC38.01,16845_2_22,0
vFP7.04,TH966_8,0
VRC44.01,3988_25,0
CH103,0077_V1_C16,0
PCT64-35G,001428_2_42,0
PGT152,A07412M1_VRC12,0
A12V163-a.02,C1080_C3,0
PC39-55D,231965_C1,0
2F5,703010228_1C4,0
ACS101,X2131_C1_B5,0
CH12,247_23,0
3BNC117,VRC607_6_00_G5,0
8ANC131,R3265_C6,0
2408b,6540_V4_C1,0
48d,231965_C1,0
0PV-c.01,25711_2_4,0
Ab1289,SHIV_AD8EO,0
VRC06b,A03349M1_VRC4A,0
VRC34-pI3,CNE55,0
40591-a.01,DU422_1,0
447-52D,ZM214_15,0
PCT64-24E,SC422_8,0
ACS114,ZM249_1,0
PCIN71B,94UG103,0
VRC38.01,TRO_11,0
179NC75,DU422_1,0
VRC44.01,0921_V2_C14,0
VRC42.I3,92BR025_9,0
40591-a.01,235_47,0
2F5,6785_V5_C14,0
NIH45-46,DU172_17,0
PC39-28E,703010200_1E5,0
2F5,YN148R_9,0
2413b,T255_34,0
2413b,MB539_2B7,0
2G12,CAP290_2_00_23_6,0
VRC06b,Q842_D12,0
DFPH-a.03,SS1196_1,0
vFP5.01,RHPA4259_7,0
VRC44.01,THRO4156,0
PCT64-35N,RHPA4259_7,0
CH04,6811_V7_C18,0
DF1W-a.02,NKU3006_EC1,0
RHA1.V2.01,KO426_T78_10,0
Z13e1,3415_V1_C1,0
0PV-c.01,247_23,0
3BC315,CH181_12,0
VRC03,B010_ENV09,0
VRC42.I3,MB539_2B7,0
PGT135,CNE40,0
A12V163-a.02,CAP210_E8,0
TRNM-f.01,MS208_A1,0
VRC42.I3,QH0692_42,0
DH851.2,QH0692_42,0
PCT64-24A,RHPA4259_7,0
vFP49.02,KER2018_11,0
V033-a.01,231966_C2,0
PGT135,T251_18,0
VRC42.I3,R3265_C6,0
LJF-0087,235_47,0
48d,TRJO4551_58,0
PGDM12,CE2060_G9,0
HJ16,703010200_1E5,0
RHA10.01,DU172_17,0
F105,Q259_17,0
ACS117,CNE19,0
PCT64-35D,1006_11_C3_1601,0
DJ85-d.01,ZM249_1,0
447-52D,TH976_17,0
CH04,CNE20,0
vFP5.01,UG024_2,0
ACS122,BJOX028000_10_3,0
VRC38.05,THRO4156,0
VRC06,6540_V4_C1,0
DH270.1,3016_V5_C45,0
VRC26.03,BAL_01,0
vFP53.02,JRCSF,0
PC39-28A,CAP45_G3,0
10-1074,CE2060_G9,0
m66,TZBD_02,0
447-52D,TV1_29,0
2411a,25925_2_22,0
RHA1.V2.01,CNE31,0
2F5,BC05,0
6561-a.01,3637_V5_C3,0
VRC26.20,PVO_4,0
HGN194,T252_7,0
VRC26.03,CNE3,0
6561-a.01,6480_V4_C25,0
PC39-23B,CAP210_E8,0
F105,6631_V3_C10,0
Ab1456,SHIV_AD8EO,0
PGT126,B015_ENV07,0
5695-b.01,6952_V1_C20,0
vFP5.01,TH976_17,0
VRC06,6785_V5_C14,0
PGT143,3016_V5_C45,0
PC39-50A,ZM249_1,0
2408b,16845_2_22,0
b13,ZA012_29,0
8ANC195,92BR025_9,0
N49P22,703010054_2A2,0
VRC03,MB539_2B7,0
VRC46.01,92BR025_9,0
VRC-PG04,R3265_C6,0
VRC42.I3,0330_V4_C3,0
Min12A21,ZM249_1,0
VRC34.05,QH209_14M_A2,0
vFP53.02,T257_31,0
447-52D,ZM249_1,0
VRC26.12,KER2018_11,0
T646-a.01,ZM214_15,0
vFP5.01,3637_V5_C3,0
DH851.2,16845_2_22,0
VRC26.27,CNE30,0
PGT135,62357_14_D3_4589,0
vFP5.01,SS1196_1,0
1-79,ZM53_12,0
vFP5.01,6540_V4_C1,0
VRC26.12,92RW020_2,0
PCIN71L,89_6,0
VRC38.01,T257_31,0
10-1074,693_2215_V9_D7_3_REBOUND,0
LJF-0085,CNE15,0
HERH-c.01,25711_2_4,0
PCDN-33A,C1080_C3,0
48d,A03349M1_VRC4A,0
PC39-28E,6540_V4_C1,0
PC39-45B,BG505_W6M_C2,0
VRC-PG04,6540_V4_C1,0
5695-b.01,703010054_2A2,0
ACS130,THRO4156,0
6561-a.01,ZM53_12,0
VRC46.01,UG021_16,0
VRC40.02,45_01DG5,0
PGT135,CM244_EC1,0
PCIN71N1a,DU156_12,0
2411a,H086_8,0
2408b,ZM249_1,0
VRC26.06,0815_V3_C3,0
48d,T278_50,0
A12V163-a.02,BX08_16,0
2557,ZM249_1,0
VRC06b,3637_V5_C3,0
vFP1.01,SS1196_1,0
PCT64-35M,CNE20,0
DJ85-a.01,CH070_1,0
DH270.1,00836_2_5,0
LJF-0109,ZM53_12,0
b13,DU172_17,0
A16,B01,0
2F5,19314479_A2_5,0
J038,6631_V3_C10,0
m66,3016_V5_C45,0
PGT123,C1080_C3,0
1-79,ZENV91_0505_12,0
ACS114,191955_A11,0
VRC44.01,CNE58,0
M1214_N2.2,Q23_17,0
F105,ZM53_12,0
VRC-PG04,3016_V5_C45,0
VRC26.11,TRO_11,0
CH12,235_47,0
PC39-50C,ZM249_1,0
vFP53.02,235_47,0
VRC23b,3988_25,0
PC39-50I,6540_V4_C1,0
179NC75,CNE10,0
VRC38.01,CNE8,0
vFP49.02,X1254_C3,0
IOMA,16055_2_3,0
HJ16,ZM55_28A,0
M1214_N2,DU172_17,0
N6LS.C58,620345_C1,0
VRC26.15,TH976_17,0
b13,C4118_9,0
VRC07-523LS.v11,6471_V1_C16,0
2G12,C1080_C3,0
10-1074,6775_V7_D2_4,0
VRC03,9004SS_A3_4,0
PGZL1_gVmDmJ,703010054_2A2,0
VRC46.01,T251_18,0
2F5,BC11,0
VRC43.01,MS208_A1,0
HERH-a.01,CNE55,0
2F5,HEB87_2,0
DH1317.9,AC10_29,0
A12V163-b.01,CNE31,0
DF1W-a.02,HXB2,0
V033-a.01,X1254_C3,0
PG16,NAB5PRE_CL_1,0
PGT137,APV_6,0
vFP7.04,AC10_29,0
CH04,6480_V4_C25,0
HJ16,PRB926_04_A9_4237,0
6561-a.01,TH976_17,0
VRC44.01,3016_V5_C45,0
PGT123,191821_E6_1,0
ACS114,16845_2_22,0
1393A,ZM249_1,0
PC39-28E,0013095_2_11,0
ACS122,231965_C1,0
m66,JRCSF,0
VRC44.01,HT593_1,0
A12V163-b.01,PVO_4,0
A12V163-b.01,BB201_B42,0
VRC06,6631_V3_C10,0
CH103,92BR025_9,0
0.5gamma,THRO_C,0
6561-a.01,CE1086_B2,0
3BC315,16845_2_22,0
GPZ6-a.01,DU156_12,0
TRNM-f.01,C2101_C1,0
vFP5.01,CNE4,0
VRC23,6471_V1_C16,0
PCT64-24E,93IN905,0
M1214_N2,X1254_C3,0
vFP1.01,RHPA4259_7,0
VRC44.01,235_47,0
N49P7,TZBD_02,0
PGT141,92UG005,0
Bess4,CNE19,0
vFP53.02,0330_V4_C3,0
DH270.1,CNE4,0
DF1W-a.01,C1080_C3,0
PC39-28E,T250_4,0
PC39-50L,62357_14_D3_4589,0
10-1074,2305_V7_E5_2,0
4E10,6631_V3_C10,0
NC-Cow1,X2088_C9,0
A16,CNE23,0
DH270 IA3,CH848_D526_25_09,0
VRC26.02,Q23_17,0
V033-a.01,QH209_14M_A2,0
VRC26.09,T252_7,0
447-52D,T278_50,0
vFP5.01,P1981_C5_3,0
vFP49.02,0077_V1_C16,0
DH270min12,DU151_02,0
PG9,6322_V4_C1,0
VRC34-pI3,UG024_2,0
V033-a.01,62357_14_D3_4589,0
2G12,BC18,0
PCT64-18F,CAAN5342,0
O.3,DJ263_8,0
ACS130,CNE55,0
A12V163-a.01,CNE10,0
VRC06,QH209_14M_A2,0
PCT64-35M,UG021_16,0
Bess4,TRO_11,0
2G12,ZM249_1,0
PG9,B015_ENV07,0
447-52D,B001_ENV02,0
PCT64-24E,Q259_17,0
T646-a.01,A07412M1_VRC12,0
PC39-28E,A07412M1_VRC12,0
PGZL1_gVmDmJ,Q769_D22,0
ACS202,Q842_D12,0
PCT64-35N,CAAN5342,0
HJ16,9004SS_A3_4,0
IOMA,231965_C1,0
PGZL1_gVmDmJ,CNE17,0
A12V163-a.02,TRO_11,0
AIIMS-P01,T257_31,0
DJ85-b.01,CH038_12,0
VRC44.02,231965_C1,0
A12V163-b.01,3637_V5_C3,0
3BNC117,SHIV_CNE40_JB98_W29_28,0
PGT126,6952_V1_C20,0
Bess1,ZM214_15,0
CH04,B002_ENV03,0
CH12,CM244_EC1,0
VRC34.07,DU156_12,0
LJF-0087,CNE55,0
8ANC195,CNE53,0
DF1W-a.02,25711_2_4,0
PGT123,CE2060_G9,0
LJF-0142,CH070_1,0
DH583,CM244_EC1,0
ACS117,CNE53,0
10-1074,1HC3_W4_012016_H5_S21,0
41328-a.01,62357_14_D3_4589,0
vFP1.01,CNE58,0
CH04,89_F1_2_25,0
NC-Cow8,191955_A11,0
ACS101,RHPA4259_7,0
VRC26.03,3637_V5_C3,0
IOMA,CAP256_SU,0
VRC26.20,TRJO4551_58,0
VRC34.05,CNE3,0
PCIN77C,BAL_01,0
PC39-50I,T251_18,0
48d,ZM249_1,0
3019,RHPA4259_7,0
NC-Cow4,191955_A11,0
PGT135,93UG065,0
179NC75,6101_1,0
PGT137,92RW009,0
NC-Cow1,16845_2_22,0
0PV-c.01,3168_V4_C10,0
ElsE1,WEAU_D15_410,0
PGT135,620345_C1,0
PCDN-27B,WITO4160_33,0
2F5,6244_13_B5_4567,0
PC39-23A,231965_C1,0
PCT64-35D,JRFL,0
PCT64-24G,92BR020,0
PCIN71L,9004SS_A3_4,0
DH270min12,NKU3006_EC1,0
0PV-b.01,DU156_12,0
N49P9.1,Q259_17,0
PGDM13,92TH021,0
VRC26.03,M02138,0
PG16,B006_ENV10,0
2G12,Q842_D12,0
vFP53.02,TV1_29,0
VRC01-30fH/19fL,DU422_1,0
ACS202,CNE4,0
DJ85-b.01,T251_18,0
DH270min12,Q769_D22,0
2408b,JRCSF,0
vFP53.02,DU151_02,0
CH12,RHPA4259_7,0
2G12,93UG065,0
VRC23,C3347_C11,0
Bess1,ZM53_12,0
VRC26.07,6535_3,0
HERH-a.01,R1166_C1,0
vFP49.02,CH070_1,0
DJ85-a.01,NKU3006_EC1,0
DH270.3,Q769_D22,0
PC39-50I,BJOX028000_10_3,0
3BNC117,H086_8,0
PGT142,BR07,0
PGT143,CNE19,0
IOMA-HC-DDE,BJOX010000_06_2,0
2F5,SHIV_CNE40_JD14_W29_2,0
PC39-50I,X2088_C9,0
PGT137,92RW024,0
HJ16,CNE52,0
GPZ6-a.01,P1981_C5_3,0
PC39-23A,C1080_C3,0
48d,AIIMS731_73105E,0
VRC23,TZA125_17,0
VRC26.23,DU172_17,0
41328-a.01,SC422_8,0
2G12,BJX4_6,0
PC39-50E,94UG103,0
VRC06,R2184_C4,0
PCT64-24A,HXB2,0
DFPH-a.03,M02138,0
8ANC195,T250_4,0
PC39-28E,T255_34,0
1-79,RHPA4259_7,0
2F5,CAP301_2_00_C3_20,0
10-1074,R1166_C1,0
DH270.1,246_F3_C10_2,0
PGT135,MB539_2B7,0
VRC26.09,SS1196_1,0
LJF-0024,3168_V4_C10,0
10-1074,B028_ENV06,0
RHA10.01,CAP210_E8,0
VRC38.08,57128_VRC15,0
PCT64-35M,CNE52,0
DFPH-a.03,P1981_C5_3,0
PCT64-18F,92BR020,0
RHA1.V2.01,57128_VRC15,0
PCT64-35D,703010054_2A2,0
PCT64-35M,TRO_11,0
DFPH-a.03,16055_2_3,0
VRC23,WITO4160_33,0
VRC06b,UG037_8,0
A12V163-b.01,H086_8,0
VRC40.02,3468_V1_C12,0
0PV-b.01,191821_E6_1,0
LJF-0109,ZM249_1,0
1F7,DU156_12,0
10-1074,1HD4K_W4_062316PL4_A11_S47,0
447-52D,UG024_2,0
PC39-23A,16055_2_3,0
DH851.2,235_47,0
48d,16936_2_21,0
Z13e1,231965_C1,0
3BC315,6471_V1_C16,0
3BNC117,VRC607_4_00_B11,0
697-D,PVO_4,0
2F5,DJ263_8,0
V033-a.01,BX08_16,0
vFP7.04,89_6,0
RHA10.01,ZM53_12,0
PCT64-24E,CAAN5342,0
PCT64-35M,X1254_C3,0
PCT64-24A,JRFL,0
DH270min12,X2131_C1_B5,0
Z13e1,JRFL,0
916B2,CAP210_E8,0
3BNC117,VRC607_9_14_A10,0
2G12,BC09,0
0PV-b.01,H086_8,0
40591-a.01,Q769_D22,0
vFP5.01,3988_25,0
VRC44.01,TH966_8,0
8ANC195,C3347_C11,0
PG16,6631_V3_C10,0
PCT64-35G,703010200_1E5,0
M1214_N1,T278_50,0
GPZ6-a.01,6471_V1_C16,0
b13,X2088_C9,0
ACS114,CAP45_G3,0
DH270 IA3,TRJO4551_58,0
VRC06b,0921_V2_C14,0
vFP7.04,KER2018_11,0
VRC06b,6540_V4_C1,0
PGT135,ZM53_12,0
830A,QH0692_42,0
m66,001428_2_42,0
DJ85-b.01,3637_V5_C3,0
T646-a.01,MS208_A1,0
A12V163-a.01,25925_2_22,0
PCT64-35B,CAAN5342,0
HJ16,CAP45_G3,0
DH851.1,0013095_2_11,0
3BNC117,VRC607_6_00_A11,0
HERH-a.01,CNE4,0
ACS114,CNE55,0
2G12,3168_V4_C10,0
PC39-28C,6041_V3_C23,0
2411a,CNE12,0
48d,C4118_9,0
VRC06,3337_V2_C6,0
RHA10.04,231965_C1,0
PGT126,CE2060_G9,0
PG9,NKU3006_EC1,0
F105,PVO_4,0
PCT64-35B,BJOX010000_06_2,0
PCT64-18F,6535_3,0
2G12,BL035_W6M_C1,0
CH01,6322_V4_C1,0
CH103,DU156_12,0
vFP49.02,C2101_C1,0
vFP5.01,X2131_C1_B5,0
DH272,6540_V4_C1,0
Ab1573,Q23_17,0
PCDN-27B,TRJO4551_58,0
LJF-0085,DU156_12,0
DH475,57128_VRC15,0
ACS122,CNE30,0
V033-a.01,1394_C9G1,0
PGT137,SC422_8,0
2G12,C2101_C1,0
HJ16,89_F1_2_25,0
10-1074,2319_V7_D2_4,0
LJF-0109,3468_V1_C12,0
VRC34.05,A03349M1_VRC4A,0
LJF-0034,KO426_T78_10,0
0PV-c.01,6095_V1_C10,0
PGDM1400,569_F1_37_10,0
PCT64-24E,T251_18,0
179NC75,CAP45_G3,0
ACS130,DU156_12,0
VRC26.06,ZA012_29,0
Z13e1,25711_2_4,0
PGT135,DU151_02,0
447-52D,928_28,0
A12V163-a.01,NKU3006_EC1,0
PCT64-24E,0815_V3_C3,0
ACS202,Q769_D22,0
ACS114,CE0393_C3,0
6561-a.01,CAAN5342,0
PCT64-35G,0013095_2_11,0
ACS122,6811_V7_C18,0
830A,B004_ENV02,0
VRC06b,CNE3,0
DF1W-a.02,CAP256_SU,0
LJF-0024,3016_V5_C45,0
Z13e1,57128_VRC15,0
vFP53.02,3718_3_11,0
VRC43.01,16936_2_21,0
2C06,928_28,0
PCT64-35E,92BR020,0
447-52D,A07412M1_VRC12,0
179NC75,UG024_2,0
ElsE1,TRJO4551_58,0
V033-a.01,TV1_29,0
vFP53.02,CH070_1,0
PCT64-35C,DU422_1,0
b13,CAP210_E8,0
VRC46.01,CM244_EC1,0
DH270min12,MS208_A1,0
3019,6535_3,0
PGT141,DU172_17,0
DF1W-a.01,25711_2_4,0
1-79,ZENV07_0504_15,0
VRC42.I3,CNE31,0
VRC01,T250_4,0
HJ16,ZA012_29,0
N49P9.1,620345_C1,0
PGT135,C4118_9,0
M1214_N2,T257_31,0
PCDN-27B,RHPA4259_7,0
917B11,THRO_C,0
ElsE2,X2131_C1_B5,0
PC39-23A,620345_C1,0
J040,92RW020_2,0
ElsE1,703010054_2A2,0
CH04,SS1196_1,0
DH475,C1080_C3,0
M1214_N2,C3347_C11,0
PGDM1400,B015_ENV07,0
DH270min12,BR07,0
TRNM-e.01,231965_C1,0
PC39-50L,T251_18,0
A12V163-b.01,92RW020_2,0
CH103,CNE3,0
VRC26.10,CAAN5342,0
VRC26.31,Q23_17,0
CH12,X1254_C3,0
VRC38.11,Q168_A2,0
VRC26.07,BG505_W6M_C2,0
5695-b.01,231965_C1,0
ACS202,T280_5,0
VRC23,0077_V1_C16,0
VRC34-pI3,UG037_8,0
PGT135,246_F3_C10_2,0
VRC42.I3,26191_2_48,0
GPZ6-a.01,QH0692_42,0
PCT64-35M,191821_E6_1,0
vFP7.04,191821_E6_1,0
PCDN-27B,QH0692_42,0
48d,C2101_C1,0
VRC-PG20,CNE10,0
DFPH-a.03,BS208_B1,0
2413a,928_28,0
N6LS.C51,TV1_29,0
PCT64-35G,CAAN5342,0
ElsE1,6480_V4_C25,0
MinVRC01,235_47,0
CH12,3016_V5_C45,0
5695-b.01,DU156_12,0
2F5,6811_V5_C20,0
830A,6535_3,0
T646-a.01,C3347_C11,0
m66,ZA012_29,0
PC39-45A,CAP45_G3,0
3BC315,CNE20,0
VRC23,247_23,0
ACS101,CNE58,0
41328-a.01,6540_V4_C1,0
2G12,BJ17A_6,0
b13,ZM214_15,0
DF1W-a.02,6785_V5_C14,0
41328-a.01,0815_V3_C3,0
PCIN71I1a,620345_C1,0
2413a,BR07,0
VRC01-0fH/0fL,DU156_12,0
vFP1.01,CNE10,0
vFP7.04,16845_2_22,0
10-1074,9372_V7_F1_2,0
DJ85-e.01,T250_4,0
MinVRC01,Q842_D12,0
PGT152,6244_13_B5_4567,0
PCIN71N1a,89_6,0
2F5,DU151_02,0
6561-a.01,C3347_C11,0
PCT64-24E,TRO_11,0
DH1317.9,TRJO4551_58,0
3BC315,A03349M1_VRC4A,0
PGT135,26191_2_48,0
Bess4,T255_34,0
HERH-b.01,PVO_4,0
N49P7.2,6540_V4_C1,0
A12V163-a.01,CAP256_SU,0
LJF-0034,DU422_1,0
VRC26.02,WITO4160_33,0
PGZL1_gVmDmJ,C1080_C3,0
41328-a.01,CNE19,0
PGT125,SC422_8,0
PGT142,CNE31,0
vFP49.02,3415_V1_C1,0
CH01,6952_V1_C20,0
0PV-c.01,3718_3_11,0
ACS117,CE1086_B2,0
J038,MB201_A1,0
PCT64-35G,6244_13_B5_4567,0
VRC01-0fH/0fL,TRO_11,0
10-1074,BG505_W6M_C2,0
PC39-50L,ZM53_12,0
M1214_N2.2,THRO4156,0
2G12,98_F4_H5_13,0
2G12,X1100_C7,0
VRC24,57128_VRC15,0
0PV-b.01,92RW020_2,0
CH04,QH0692_42,0
m66,UG037_8,0
PC39-28C,231965_C1,0
PG16,CNE30,0
HERH-a.01,T257_31,0
DFPH-a.03,DU422_1,0
3BC315,16936_2_21,0
PCDN-16A,92BR020,0
ACS122,CNE20,0
PGT126,0013095_2_11,0
PGDM1400,1HD4K_D0_061616PL2_C2_S57,0
VRC38.05,Q23_17,0
10-1074,5257_V7_B12_3,0
m66,CNE58,0
PG16,CNE53,0
PCT64-35C,89_6,0
vFP1.01,TZBD_02,0
Ab1271,SHIV_AD8EO,0
8ANC195,6471_V1_C16,0
40591-a.01,DU172_17,0
VRC43.01,RHPA4259_7,0
VRC44.01,UG037_8,0
VRC06,H086_8,0
PGT144,UG024_2,0
VRC26.02,TRJO4551_58,0
vFP53.02,Q769_D22,0
IOMA,92BR025_9,0
VRC26.02,96ZM651_02,0
F105,T257_31,0
VRC38.09,DJ263_8,0
vFP49.02,Q769_D22,0
vFP5.01,UG021_16,0
2F5,B027_ENV01,0
AIIMS-P01,Q168_A2,0
DF1W-a.01,3718_3_11,0
0.5gamma,DU422_1,0
TRNM-a.01,T251_18,0
ACS122,CNE19,0
2F5,21283649,0
LJF-0085,3168_V4_C10,0
2408b,X2088_C9,0
VRC06b,CNE55,0
PGDM1400,B004_ENV02,0
PCT64-24H,SS1196_1,0
SF5,BJOX010000_06_2,0
PCT64-24A,PVO_4,0
PCT64-35M,JRFL,0
5695-b.01,T257_31,0
VRC-PG04,T252_7,0
N49P22,THRO4156,0
VRC42.05,DU156_12,0
DH851.1,CE0393_C3,0
VRC-CH31,CAP210_E8,0
VRC01-0fH/0fL,BAL_01,0
PC39-50F,TRJO4551_58,0
LJF-0085,00836_2_5,0
PGZL1_gVmDmJ,92BR020,0
VRC34.05,KER2018_11,0
T646-a.01,SC422_8,0
DH270min12,3337_V2_C6,0
PGT152,C1080_C3,0
F105,3988_25,0
VRC26.18,QH0692_42,0
DF1W-a.01,MB539_2B7,0
CH04,6101_1,0
VRC06b,1394_C9G1,0
CH01,231966_C2,0
b13,6471_V1_C16,0
LJF-0085,CNE8,0
M1214_N2,A07412M1_VRC12,0
Bess1,X2088_C9,0
2411a,X1254_C3,0
179NC75,CNE15,0
VRC01-5fH/0fL,TRJO4551_58,0
VRC44.01,ZA012_29,0
2413a,DU172_17,0
8ANC195,CAP45_G3,0
VRC43.01,BB201_B42,0
2557,DU422_1,0
b13,0260_V5_C36,0
A12V163-a.01,CNE8,0
VRC34.05,MB539_2B7,0
Z13e1,3637_V5_C3,0
PGDM1400,CAP220_2_00_A8_5B,0
vFP1.01,92RW020_2,0
ACS117,C4118_9,0
PCIN71I1a,C4118_9,0
916B2,PVO_4,0
Z13e1,16936_2_21,0
TRNM-f.01,C4118_9,0
CH04,001428_2_42,0
F105,THRO4156,0
GPZ6-a.01,ZM53_12,0
VRC26.27,16845_2_22,0
PGT131,SC422_8,0
447-52D,45_01DG5,0
VRC26.03,SC422_8,0
830A,TRO_11,0
ACS202,X1193_C1,0
VRC26.31,3016_V5_C45,0
A12V163-a.02,6631_V3_C10,0
PCT64-35B,93IN905,0
CH103,CM244_EC1,0
DH563,TRJO4551_58,0
DH270.1,CNE10,0
2158,H030_7,0
PGDM1400,3016_V5_C45,0
A12V163-a.01,MS208_A1,0
PCT64-35B,T255_34,0
PCT64-35C,SS1196_1,0
DF1W-a.01,R1166_C1,0
2413b,DU422_1,0
LJF-0142,CH038_12,0
PCIN71N1a,HXB2,0
PC39-28E,703010054_2A2,0
A12V163-a.01,CNE56,0
DF1W-a.02,T255_34,0
697-D,THRO4156,0
2G12,YN148R_9,0
2413a,0815_V3_C3,0
VRC26.23,ZM214_15,0
HJ16,3988_25,0
3BNC117,VRC607_14_14_H7,0
VRC26.03,0330_V4_C3,0
PGDM1400,B028_ENV06,0
VRC01-0fH/0fL,JRFL,0
2219,H029_12,0
916B2,TRJO4551_58,0
PCDN-16A,QH0692_42,0
1393A,AC10_29,0
916B2,QB099_391M_B1,0
A12V163-a.02,ZA012_29,0
M1214_N1.2,CAP210_E8,0
M1214_N1.2,T251_18,0
447-52D,6631_V3_C10,0
PC39-23A,Q769_D22,0
A12V163-a.02,DU151_02,0
DF1W-a.01,CNE20,0
PCT64-35B,JRFL,0
PC39-23D,C3347_C11,0
PGT136,VLGC_B3,0
N49P7.2,T278_50,0
DH851.1,703010054_2A2,0
VRC42.I3,C4118_9,0
PGT152,R2184_C4,0
697-D,6535_3,0
PCDN-33A,BJOX010000_06_2,0
PG9,6244_13_B5_4567,0
8ANC195,928_28,0
IOMAmin5,CAP45_G3,0
DF1W-a.01,CM244_EC1,0
DH1317.9,CAP210_TA5,0
Min12A21,16845_2_22,0
VRC06b,R2184_C4,0
447-52D,B021_ENV08,0
2413a,6631_V3_C10,0
PGT123,C3347_C11,0
2F5,CAP307_2_00_24_1,0
F105,235_47,0
2G12,XJ16_6,0
vFP53.02,SS1196_1,0
HJ16,CNE3,0
1C2-rabbit,T257_31,0
PC39-28E,TRJO4551_58,0
ACS117,CNE20,0
DH272,CH848_D1432_5_41,0
0PV-b.01,3718_3_11,0
HERH-a.01,928_28,0
PC39-55A,CAP45_G3,0
VRC44.02,0077_V1_C16,0
ACS202,QH209_14M_A2,0
ACS114,ZM53_12,0
VRC34.05,16055_2_3,0
F105,CNE19,0
CH04,R1166_C1,0
IOMAmin3,CAP45_G3,0
PCIN71N1a,93IN905,0
DH270.1,26191_2_48,0
LJF-0142,16055_2_3,0
M1214_N2.2,191955_A11,0
ElsE1,CAAN5342,0
2G12,B010_ENV09,0
A12V163-b.01,C1080_C3,0
PCIN71N1a,92RW020_2,0
vFP49.02,WITO4160_33,0
DH270min12,6540_V4_C1,0
2G12,20883229_C9_H6,0
10-1074,5257_V7_G10_1,0
PC39-45A,94UG103,0
IOMA-HC-DDE,T255_34,0
2G12,B016_ENV02,0
8ANC195,235_47,0
2408b,0921_V2_C14,0
6561-a.01,THRO4156,0
TRNM-f.01,ZM249_1,0
A32,AIIMS731_73105C,0
LJF-0024,00836_2_5,0
VRC26.06,CNE56,0
PCT64-35M,CNE30,0
PC39-50I,CNE8,0
CH12,ZM55_28A,0
PC39-50H,94UG103,0
179NC75,JRFL,0
VRC42.05,THRO4156,0
Ab1289,6535_3,0
40591-a.01,89_F1_2_25,0
ACS101,T250_4,0
DH270.3,DJ263_8,0
GPZ6-a.01,231965_C1,0
vFP49.02,00836_2_5,0
NC-Cow4,0260_V5_C36,0
PCT64-35E,ZM214_15,0
VRC38.01,62357_14_D3_4589,0
vFP5.01,CNE10,0
LJF-0109,KNH1144,0
ACS202,CNE15,0
CH04,620345_C1,0
830A,BX08_16,0
VRC01,6471_V1_C16,0
4E10,92RW009,0
HJ16,620345_C1,0
VRC26.31,92RW020_2,0
DH270 UCA,TRO_11,0
V033-a.01,6095_V1_C10,0
Bess1,TRJO4551_58,0
IOMA-HC-DDE,6480_V4_C25,0
KD-247,THRO4156,0
CH12,CAAN5342,0
VRC42.I3,231965_C1,0
J038,JRFL,0
10E8,VRC607_13_00_G3,0
m66,TV1_29,0
2G12,T257_31,0
vFP7.04,C4118_9,0
DH1317.9,928_28,0
PGT125,CNE58,0
PCT64-35B,DU172_17,0
M1214_N2,CNE58,0
IOMA,X1193_C1,0
VRC38.03,DU156_12,0
VRC26.06,CNE58,0
VRC42.I3,25711_2_4,0
VRC46.01,0330_V4_C3,0
5695-b.01,928_28,0
DH851.1,928_28,0
RHA10.04,89_F1_2_25,0
PCT64-24E,CE1172_H1,0
10-1074,CNE55,0
VRC03,DJ263_8,0
N6LS.C51,6471_V1_C16,0
10E8-2fH/0fL,CAAN5342,0
A12V163-b.01,001428_2_42,0
HERH-a.01,CAP256_SU,0
M1214_N2,ZM249_1,0
Z13e1,25925_2_22,0
PCDN-27D,WITO4160_33,0
PGT125,703010054_2A2,0
PGDM14,92TH021,0
T646-a.01,6480_V4_C25,0
HJ16,16936_2_21,0
GPZ6-a.01,CNE20,0
Ab1289,CNE55,0
ACS117,CNE55,0
PC39-50K,HXB2,0
2F5,94KE105,0
Min12A21,CE1086_B2,0
DH270min12,CNE4,0
ACS202,3415_V1_C1,0
2F5,93RW029,0
DH1317.8,WITO4160_33,0
830A,ZM249_1,0
2408b,T278_50,0
M1214_N2.2,CNE58,0
CH12,620345_C1,0
gVRC-H1dC38/VRC01L,T250_4,0
m66,THRO4156,0
PG16,16936_2_21,0
DH270 IA4,DU422_1,0
VRC38.05,TRO_11,0
LJF-0085,6785_V5_C14,0
DF1W-a.01,DU156_12,0
CH04,B001_ENV02,0
PC39-50L,89_F1_2_25,0
vFP1.01,3718_3_11,0
VRC46.01,57128_VRC15,0
CH12,191821_E6_1,0
48d,00836_2_5,0
RHA1.V2.01,ZA012_29,0
2G12,CE2052_G10,0
2411a,6471_V1_C16,0
A12V163-b.01,6471_V1_C16,0
vFP1.01,6101_1,0
DFPH-a.03,X2088_C9,0
40591-a.01,CNE52,0
PGT135,P1981_C5_3,0
Z13e1,CAP210_E8,0
LJF-0024,231965_C1,0
VRC38.08,6540_V4_C1,0
48d,16055_2_3,0
RHA10.01,WEAU_D15_410,0
2F5,92BR020,0
LJF-0024,C1080_C3,0
10-1074,620345_C1,0
Bess4,CNE53,0
Ab1271,CNE55,0
VRC34-pI3,UG021_16,0
PGDM1400,1HD8K_W4_070116PL3_G12_S77,0
J038,ZM53_12,0
PCT64-35B,CAP210_E8,0
2G12,BC10,0
IOMAmin3,89_F1_2_25,0
2411a,89_6,0
10-1074,155_2_C_AS_2,0
VRC06b,Q168_A2,0
VRC26.31,MB201_A1,0
gVRC-H1dC38/VRC01L,620345_C1,0
10-1074,1HB2_W4_103015_C9_S80,0
VRC26.06,SS1196_1,0
PGT135,VLGC_A1,0
40591-a.01,0815_V3_C3,0
6561-a.01,CNE12,0
10-1074,2305_V7_G9_2,0
1393A,TRO_11,0
Z13e1,BJOX028000_10_3,0
A12V163-a.01,92RW020_2,0
2557,PVO_4,0
HJ16,CNE15,0
10-1074,H086_8,0
VRC-PG04,CNE20,0
A12V163-b.01,TV1_29,0
VRC26.06,TRJO4551_58,0
VRC42.05,JRCSF,0
3BC315,C2101_C1,0
IOMA,MB539_2B7,0
HGN194,CH115_12,0
DH270 IA2,TRJO4551_58,0
VRC-PG04,0077_V1_C16,0
ACS202,0815_V3_C3,0
PGT144,VLGC_A1,0
6561-a.01,3365_V2_C20,0
DH270 IA1,57128_VRC15,0
LJF-0109,CH038_12,0
PGT142,JRFL,0
VRC26.18,MB201_A1,0
DFPH-a.03,247_23,0
PCIN71I1a,T278_50,0
PGT152,THRO4156,0
RHA1.V2.01,3468_V1_C12,0
vFP1.01,6540_V4_C1,0
VRC42.N1,92BR025_9,0
VRC34.05,SS1196_1,0
PCIN71N1a,QH0692_42,0
F105,92RW020_2,0
PGT151,Q259_17,0
PCT64-35E,HXB2,0
NIH45-46,TV1_29,0
PC39-50I,620345_C1,0
F105,BS208_B1,0
PGT143,TRJO4551_58,0
PG16,CAP255_2000_008WPI_4D,0
PC39-50K,0013095_2_11,0
PCT64-35B,X2088_C9,0
41328-a.01,T251_18,0
447-52D,T255_34,0
PGT151,CNE56,0
0PV-c.01,T257_31,0
A12V163-a.02,Q168_A2,0
ACS130,R2184_C4,0
CH103,X2088_C9,0
VRC01,DRVI01_0507_13,0
179NC75,3016_V5_C45,0
VRC26.09,UG037_8,0
2219,B013_ENV02,0
PGT123,Q259_17,0
2G12,235080_3G7_REV,0
DH270.6,6540_V4_C1,0
VRC-CH31,TZA125_17,0
DH272,PVO_4,0
VRC26.06,QH0692_42,0
vFP53.02,Q259_17,0
ACS130,AC10_29,0
2413a,6322_V4_C1,0
vFP1.01,DJ263_8,0
PGT157,231966_C2,0
10-996,CE2060_G9,0
0PV-b.01,BR07,0
V033-a.01,BJOX010000_06_2,0
2G12,CAP301_2_00_C3_20,0
Min12A21,JRCSF,0
PCT64-24A,TRO_11,0
A12V163-a.02,3337_V2_C6,0
2G12,6980_V0_C31,0
VRC26.09,6535_3,0
447-52D,246_F3_C10_2,0
HERH-a.01,3415_V1_C1,0
PC39-23B,92TH021,0
vFP5.01,DU156_12,0
5695-b.01,703010200_1E5,0
447-52D,235_47,0
VRC38.01,CNE40,0
A12V163-b.01,3337_V2_C6,0
VRC26.03,Q769_D22,0
LJF-0024,CH038_12,0
DJ85-e.01,TRO_11,0
PGDM1400,6811_V7_C18,0
VRC26.03,JRFL,0
CH12,16055_2_3,0
PCT64-35K,KNH1144,0
0PV-b.01,3168_V4_C10,0
VRC06,DU422_1,0
DH563,DJ263_8,0
CH103,0921_V2_C14,0
F105,TH966_8,0
DH1317.9,H077_31,0
vFP5.01,CAP210_E8,0
PCT64-35B,ZM214_15,0
6561-a.01,6540_V4_C1,0
PC39-55C,CNE58,0
2G12,20915593,0
vFP49.02,ZM214_15,0
VRC26.27,QH209_14M_A2,0
PC39-55C,703010054_2A2,0
PGDM1400,6631_V3_C10,0
VRC43.01,191821_E6_1,0
HERH-c.01,3873_V1_C24,0
ACS202,6095_V1_C10,0
VRC26.06,3365_V2_C20,0
ElsE1,231965_C1,0
ACS202,TZA125_17,0
VRC26.03,QH209_14M_A2,0
DF1W-a.02,PVO_4,0
CH12,CNE12,0
PC39-39A,DU172_17,0
A12V163-a.02,C3347_C11,0
2F5,CE0626_E6,0
M1214_N2,R3265_C6,0
2F5,SHIV_CNE40_JB98_W29_10,0
PC39-50D,ZM249_1,0
VRC34-pI3,620345_C1,0
0PV-c.01,CNE55,0
VRC38.01,BJOX028000_10_3,0
ACS122,ZM249_1,0
2F5,SHIV_CNE40_JD14_W29_5,0
M1214_N1.2,R3265_C6,0
VRC-PG20,92BR025_9,0
HGN194,TRO_11,0
vFP7.04,16936_2_21,0
PGDM12,MS208_A1,0
PC39-23A,C3347_C11,0
PC39-55D,1006_11_C3_1601,0
2408b,0330_V4_C3,0
0PV-c.01,6322_V4_C1,0
PGDM1400,2319_BL_H7_1,0
CH01,MS208_A1,0
vFP7.04,P1981_C5_3,0
PGDM1400,91C34_D0_S15_0_4,0
vFP49.02,3337_V2_C6,0
DH851.1,DU156_12,0
1393A,DU422_1,0
PG16,6480_V4_C25,0
VRC38.01,6244_13_B5_4567,0
VRC44.01,TRO_11,0
10E8,VRC607_6_28_C10,0
PGZL1_gVmDmJ,JRCSF,0
ACS130,Q23_17,0
vFP7.04,246_F3_C10_2,0
PGT137,TRJO4551_58,0
HJ16,MB201_A1,0
PC39-50K,928_28,0
vFP53.02,UG037_8,0
ACS117,16055_2_3,0
10-1074,6292_V7_F5_2,0
PGT123,THRO4156,0
DH1317.9,20286961_C1_H8,0
S98,THRO4156,0
6561-a.01,DU151_02,0
M1214_N1.2,X2088_C9,0
VRC-CH31,DU422_1,0
DJ85-b.01,242_14,0
DH270.1,714909112_11,0
PCT64-35D,SC422_8,0
F105,TV1_29,0
VRC46.01,SS1196_1,0
RHA10.04,6535_3,0
A16,SC422_8,0
DH851.2,MS208_A1,0
DH1317.9,ZM214_15,0
DH475,CAAN5342,0
VRC42.03,CAAN5342,0
V031-a.01,T278_50,0
PGT136,92RW009,0
8ANC195,00836_2_5,0
CH12,T251_18,0
2G12,BF535_A1,0
LJF-0142,CNE8,0
10-1074,CAP45_G3,0
447-52D,25711_2_4,0
0PV-b.01,PVO_4,0
PCT64-35G,CNE20,0
DH270.2,Q769_D22,0
PGDM1400,ZENV32_0111_5,0
PGT124,ZM53_12,0
A12V163-a.02,NKU3006_EC1,0
0PV-b.01,246_F3_C10_2,0
VRC26.31,0260_V5_C36,0
VRC06,3637_V5_C3,0
vFP1.01,SC422_8,0
DFPH-a.03,CM244_EC1,0
VRC26.07,DU422_1,0
vFP5.01,CNE3,0
PC39-55C,R1166_C1,0
3BNC117,6631_V3_C10,0
5695-b.01,CE1172_H1,0
2219,B025_ENV04,0
PGDM12,92TH021,0
PCT64-35M,CNE53,0
CH01,CNE40,0
916B2,QC406_70M_F3,0
DH270.1,6631_V3_C10,0
PC39-28C,6480_V4_C25,0
vFP7.04,M02138,0
VRC34.05,3415_V1_C1,0
PCIN71L,231965_C1,0
m66,6095_V1_C10,0
VRC26.03,TV1_29,0
VRC26.11,QH0692_42,0
HERH-c.01,89_6,0
VRC34.05,CNE15,0
2F5,2869751_A4_D3,0
TRNM-f.01,TRJO4551_58,0
VRC34.06,ZA012_29,0
PGT135,T255_34,0
VRC26.31,Q769_D22,0
DH270.6,C1080_C3,0
A12V163-a.02,CM244_EC1,0
vFP49.02,T257_31,0
PGT154,QH0692_42,0
NIH45-46,A03349M1_VRC4A,0
HJ16,B006_ENV02,0
AIIMS-P01,ZM53_12,0
GPZ6-a.01,BX08_16,0
PGT126,16845_2_22,0
VRC44.02,MB201_A1,0
VRC26.27,H086_8,0
Min12A21,0013095_2_11,0
NC-Cow7,CNE55,0
ACS130,0260_V5_C36,0
DF1W-a.02,ZM214_15,0
IOMA,3637_V5_C3,0
LJF-0034,Q769_D22,0
PCIN77C,89_6,0
SF5,DU172_17,0
MinVRC01,CAP45_G3,0
F105,0077_V1_C16,0
vFP5.01,247_23,0
447-52D,AIIMS731_73105B,0
VRC26.18,SC422_8,0
LJF-0085,231965_C1,0
VRC01,DRVI01_0803_11,0
IOMAmin3,X1193_C1,0
LJF-0142,246_F3_C10_2,0
PCT64-35D,6240_08_TA5_4622,0
2411a,3637_V5_C3,0
VRC-PG04b,T278_50,0
4E10,B027_ENV08,0
NIH45-46,DU151_02,0
2F5,SHIV_CNE40_JD14_W29_7,0
CH04,0815_V3_C3,0
2G12,21502011_F12_E2,0
3BNC117,T278_50,0
830A,B010_ENV09,0
2408b,UG021_16,0
DH851.1,CE1086_B2,0
VRC06b,247_23,0
916B2,QF495_23M_A1,0
PCIN77B1b,6535_3,0
447-52D,3415_V1_C1,0
48d,0260_V5_C36,0
VRC34.01_mm28,247_23,0
SF5,89_F1_2_25,0
VRC26.07,TRJO4551_58,0
VRC38.01,0815_V3_C3,0
0PV-c.01,246_F3_C10_2,0
DF1W-a.01,Q769_D22,0
VRC34-pI2,CNE56,0
2G12,CAP292_2_00_12_4,0
3BC315,242_14,0
PCT64-24H,KNH1144,0
PCDN-16A,89_6,0
VRC-PG04b,CNE3,0
Z13e1,CNE12,0
2F5,GX75_20,0
PGDM1400,1HD4K_W4_062316PL3_B1_S27,0
S98,RHPA4259_7,0
VRC07-523LS.v14,620345_C1,0
PGZL1_gVmDmJ,89_6,0
b13,TH976_17,0
PGT136,94KE105,0
VRC44.01,6535_3,0
PGT142,231965_C1,0
ACS122,X1254_C3,0
DJ85-e.01,CH070_1,0
PGZL1_gVmDmJ,WEAU_D15_410,0
vFP49.02,CNE8,0
PGC14,UG024_2,0
J038,A03349M1_VRC4A,0
VRC03h,246_F3_C10_2,0
2G12,GX71_18,0
2413b,BJOX028000_10_3,0
CH103,3468_V1_C12,0
0PV-c.01,T255_34,0
F105,TZBD_02,0
V031-a.01,BJOX028000_10_3,0
LJF-0142,6101_1,0
VRC38.11,CNE58,0
ACS130,CAP45_G3,0
10-996,C1080_C3,0
vFP49.02,M02138,0
PGT151,THRO4156,0
GPZ6-a.01,TRO_11,0
A12V163-a.02,AC10_29,0
DJ85-d.01,R2184_C4,0
DH851.1,3016_V5_C45,0
PGT135,ZENV91_0505_12,0
VRC42.I3,KO426_T78_10,0
Z13e1,CAAN5342,0
ElsE2,WITO4160_33,0
PCDN-16A,94UG103,0
2F5,CNE53,0
DF1W-a.02,CNE31,0
VRC06b,CNE20,0
0PV-b.01,TRJO4551_58,0
10-1074,91C33_D0_S75_A6,0
M1214_N1.2,6535_3,0
PGDM1400,3468_V1_C12,0
M1214_N1.2,6540_V4_C1,0
VRC46.01,CNE58,0
PGZL1_gVmDmJ,1056_10_TA11_1826,0
A12V163-a.02,57128_VRC15,0
VRC44.02,6101_1,0
NC-Cow7,Q259_17,0
VRC06,NKU3006_EC1,0
VRC44.01,00836_2_5,0
HJ16,QH209_14M_A2,0
DH270 UCA,JRFL,0
RHA10.01,62357_14_D3_4589,0
PCDN-33A,WITO4160_33,0
V033-a.01,CNE4,0
CH12,BJOX028000_10_3,0
A12V163-a.01,0815_V3_C3,0
VRC38.08,6101_1,0
PGT143,ZM214_15,0
A16,B04,0
M1214_N2,DU422_1,0
CH103,0260_V5_C36,0
F105,ZM55_28A,0
AIIMS-P01,16055_2_3,0
PC39-50E,SC422_8,0
3BC315,R2184_C4,0
DH851.2,CE0393_C3,0
DF1W-a.02,BS208_B1,0
RHA10.01,6480_V4_C25,0
HGN194,6240_08_TA5_4622,0
PC39-50D,SC422_8,0
CH12,CNE10,0
VRC44.01,3365_V2_C20,0
2G12,0260_V5_C36,0
2408b,BAL_01,0
VRC26.31,WITO4160_33,0
2158,DU172_17,0
ACS122,C2101_C1,0
A12V163-a.02,R3265_C6,0
VRC06,16055_2_3,0
2219,B028_ENV03,0
2G12,CNE16,0
DH851.2,1006_11_C3_1601,0
PC39-50I,CNE52,0
2413b,0439_V5_C1,0
VRC46.01,ZM53_12,0
PC39-50L,6540_V4_C1,0
DH270.1,3718_3_11,0
PGT135,CNE58,0
V031-a.01,CNE19,0
VRC26.18,6535_3,0
2413a,0077_V1_C16,0
A12V163-a.02,247_23,0
447-52D,B028_ENV06,0
ACS202,CH038_12,0
2G12,704010083_B8,0
10-1074,693_7312_V7_D8_8_REBOUND,0
2413b,BB201_B42,0
A12V163-b.01,CAP210_E8,0
VRC26.31,SC422_8,0
PC39-55D,T255_34,0
vFP53.02,CNE4,0
RHA1.V2.01,3337_V2_C6,0
vFP53.02,X1254_C3,0
DF1W-a.02,UG021_16,0
179NC75,AC10_29,0
LJF-0024,CNE8,0
IOMAmin3,P1981_C5_3,0
2F5,CAP210_E8,0
VRC34.05,T250_4,0
VRC26.06,Q259_17,0
LJF-0034,WITO4160_33,0
GPZ6-a.01,6322_V4_C1,0
IOMA,CH070_1,0
A12V163-a.01,DU151_02,0
VRC26.07,CNE3,0
vFP1.01,DU422_1,0
NIH45-46,6631_V3_C10,0
VRC26.09,T251_18,0
10-1074,1536_V16_B1_3,0
vFP7.04,KO426_T78_10,0
V033-a.01,92BR025_9,0
PGDM1400,CNE12,0
DH851.1,3365_V2_C20,0
VRC26.10,0260_V5_C36,0
LJF-0085,R2184_C4,0
2G12,CH120_6,0
NIH45-46,CH070_1,0
vFP53.02,0439_V5_C1,0
CH103,CAP206_1_B5,0
447-52D,CNE58,0
447-52D,3873_V1_C24,0
VRC-CH31,6540_V4_C1,0
HERH-a.01,6540_V4_C1,0
VRC03,T252_7,0
3BC315,CNE58,0
PGT154,THRO4156,0
DH1317.8,SC422_8,0
2413b,6471_V1_C16,0
CAP228-3D,DU151_02,0
A12V163-b.01,M02138,0
0PV-b.01,QH209_14M_A2,0
VRC-PG04,X2088_C9,0
PC39-55C,92TH021,0
IOMA-HC-DDE,X2131_C1_B5,0
DH270.2,6540_V4_C1,0
PG9,93UG065,0
VRC06b,0439_V5_C1,0
NIH45-46,89_F1_2_25,0
V031-a.01,0815_V3_C3,0
M1214_N2.2,CNE52,0
VRC26.06,235_47,0
VRC06,CH070_1,0
15e,Q168_A2,0
0PV-b.01,RHPA4259_7,0
PGT142,3637_V5_C3,0
DH270.6,A03349M1_VRC4A,0
VRC-CH31,T278_50,0
vFP53.02,T278_50,0
M1214_N2.2,CE1086_B2,0
48d,R2184_C4,0
CH04,62357_14_D3_4589,0
m66,CH181_12,0
ACS117,X1193_C1,0
2F5,25925_2_22,0
179NC75,3988_25,0
DF1W-a.01,M02138,0
PGT135,R3265_C6,0
PCT64-35M,T278_50,0
ACS114,CAAN5342,0
VRC42.I3,CNE15,0
N49P9.3,6540_V4_C1,0
0PV-b.01,ZM249_1,0
CH12,TRJO4551_58,0
PC39-55D,620345_C1,0
Bess4,0815_V3_C3,0
A12V163-b.01,SC422_8,0
A12V163-a.01,3988_25,0
VRC01-0fH/0fL,Q168_A2,0
b13,6631_V3_C10,0
Bess4,CAAN5342,0
PG9,JRFL,0
IOMA-HC-DDE,P1981_C5_3,0
DH851.1,MS208_A1,0
VRC34-pI3HCpI2LC,CNE19,0
VRC42.I3,TRJO4551_58,0
VRC46.01,TH023_6,0
2G12,26191_2_48,0
PGT143,6535_3,0
2G12,CAP347_2_00_B1_1,0
VRC34.05,00836_2_5,0
b6,JRFL,0
447-52D,H029_12,0
DF1W-a.02,X1254_C3,0
DH270.1,3637_V5_C3,0
PGT151,CH181_12,0
PGT151,6322_V4_C1,0
3BNC117,VRC607_6_28_G4,0
VRC42.I3,6540_V4_C1,0
PGDM12,CE0393_C3,0
3BNC117,SHIV_CNE40_JB98_W29_1,0
VRC01 UCA,CNE8,0
40591-a.01,6041_V3_C23,0
vFP7.04,X2131_C1_B5,0
IOMAmin3,T255_34,0
HERH-a.01,C4118_9,0
447-52D,CNE8,0
b13,3415_V1_C1,0
M1214_N2.2,WITO4160_33,0
0PV-b.01,235_47,0
916B2,TH976_17,0
J038,3337_V2_C6,0
T646-a.01,CNE19,0
RHA10.01,CNE30,0
T646-a.01,Q769_D22,0
IOMAmin5,CNE52,0
2G12,BL035_W6M_A1,0
DF1W-a.01,BJOX010000_06_2,0
IOMAmin3,6535_3,0
2408b,6471_V1_C16,0
ACS122,X1193_C1,0
vFP1.01,92BR025_9,0
2408b,246_F3_C10_2,0
PGT153,TRJO4551_58,0
HJ16,ZENV92_1008_8,0
PGT135,T257_31,0
HGN194,700010040_C9_4520,0
PCIN71B,TRO_11,0
6561-a.01,RHPA4259_7,0
2G12,BCF03,0
HJ16,B005_ENV03,0
DH270 UCA,Q168_A2,0
vFP7.04,RHPA4259_7,0
CH103,6471_V1_C16,0
447-52D,WEAU_D15_410,0
VRC06,ZA012_29,0
179NC75,T255_34,0
PGT143,191821_E6_1,0
V031-a.01,703010200_1E5,0
2413a,0439_V5_C1,0
2G12,6631_V3_C10,0
917B11,SC422_8,0
VRC26.23,6535_3,0
ACS114,Q842_D12,0
PCDN-33A,HXB2,0
2408b,PVO_4,0
PGT135,247_23,0
VRC34-pI3',3988_25,0
2G12,19707346_E8_C6,0
4E10,410_F2_1_30,0
0PV-b.01,57128_VRC15,0
PGDM1400,20883229_C9_H6,0
VRC42.05,R2184_C4,0
DJ85-a.01,CNE12,0
VRC44.01,KER2018_11,0
ACS114,231965_C1,0
PGT124,Q842_D12,0
PCT64-35G,RHPA4259_7,0
2F5,BJ168_17,0
697-D,TRJO4551_58,0
IOMA-HC-DDE,CE1172_H1,0
PCT64-35D,703010200_1E5,0
b13,928_28,0
PC39-50K,1006_11_C3_1601,0
6561-a.01,CNE8,0
VRC26.20,CNE3,0
PCT64-35M,928_28,0
VRC26.23,BG505_W6M_C2,0
DH270min12,ZM249_1,0
PC39-50D,BG505_W6M_C2,0
PC39-45A,SC422_8,0
PCT64-35B,RHPA4259_7,0
PC39-50K,A07412M1_VRC12,0
VRC-PG20,3988_25,0
VRC42.05,247_23,0
ACS114,C4118_9,0
F105,ZM249_1,0
2G12,0933_V4_C4,0
10-1074,6292_V7_H7_4,0
HGN194,DU151_02,0
LJF-0034,T257_31,0
PCIN71N1a,KNH1144,0
NC-Cow4,246_F3_C10_2,0
40591-a.01,CAAN5342,0
PGT135,93TH305,0
GPZ6-a.01,Q769_D22,0
CH103,DU151_02,0
4E10,B035_ENV09,0
2408b,89_6,0
2G12,UG037_8,0
IOMAmin5,AC10_29,0
1F7,SC422_8,0
10-1074,9245_PRE_E5,0
CH103,T278_50,0
2411a,6535_3,0
PG9,B035_ENV09,0
2G12,703010228_1C4,0
VRC44.02,QH209_14M_A2,0
0PV-c.01,C4118_9,0
VRC42.03,Q23_17,0
VRC26.18,ZM214_15,0
VRC34.05,3873_V1_C24,0
VRC43.01,CAAN5342,0
447-52D,B006_ENV02,0
0PV-c.01,TH966_8,0
15e,001428_2_42,0
PC39-55D,0013095_2_11,0
2F5,SC19_15,0
NC-Cow4,MS208_A1,0
VRC43.01,CNE55,0
TRNM-e.01,CH038_12,0
IOMA,6952_V1_C20,0
3BNC117,1394_C9G1,0
vFP7.04,CNE30,0
PCT64-35G,BJOX028000_10_3,0
CH103,BJOX028000_10_3,0
0PV-b.01,ZM214_15,0
RHA1.V2.01,TH023_6,0
DJ85-a.01,X2131_C1_B5,0
vFP49.02,Q168_A2,0
Z13e1,UG021_16,0
LJF-0109,BG505_W6M_C2,0
PC39-28E,6240_08_TA5_4622,0
8ANC195,0077_V1_C16,0
PCT64-35M,BAL_01,0
VRC26.15,MB201_A1,0
2F5,BC16,0
VRC-PG20,620345_C1,0
179NC75,T251_18,0
PGT135,M02138,0
2G12,93TH057,0
PC39-28E,92TH021,0
A12V163-b.01,BS208_B1,0
b13,C2101_C1,0
PGT135,191955_A11,0
PCT64-24G,DH12,0
HERH-c.01,92RW020_2,0
2G12,16845_2_22,0
VRC23,AC10_29,0
PGT152,X2088_C9,0
PGT125,THRO4156,0
6561-a.01,BJOX010000_06_2,0
LJF-0109,Q168_A2,0
PGDM1400,21502011_F12_E2,0
IOMA-HC-DDE,X1254_C3,0
vFP7.04,ZM53_12,0
8ANC195,89_F1_2_25,0
VRC26.27,3415_V1_C1,0
PGT152,C4118_9,0
0PV-b.01,CH181_12,0
ElsE2,703010054_2A2,0
DJ85-e.01,620345_C1,0
PGT123,T257_31,0
m66,CNE12,0
VRC44.01,N90_08B16,0
PC39-28C,235_47,0
8ANC195,6244_13_B5_4567,0
DJ85-a.01,0260_V5_C36,0
48d,6631_V3_C10,0
DFPH-a.03,T250_4,0
10-1074,8074_V7_G10_1,0
8ANC195,CAP256_SU,0
ACS101,T255_34,0
VRC26.03,PVO_4,0
IOMA,T250_4,0
b13,TV1_29,0
PC39-45B,SS1196_1,0
PCDN-16A,SC422_8,0
RHA10.01,DU156_12,0
VRC26.06,191821_E6_1,0
447-52D,MB201_A1,0
VRC26.27,25711_2_4,0
vFP1.01,T257_31,0
10-1074,0439_V5_C1,0
HJ16,BAL_01,0
VRC46.01,QH209_14M_A2,0
2G12,BJYA105_5,0
DFPH-a.03,JRCSF,0
PCT64-35D,231965_C1,0
15e,CAP45_G3,0
VRC44.02,JRFL,0
15e,H079_2,0
PC39-50C,BG505_W6M_C2,0
gVRC-H1dC38/VRC01L,DU422_1,0
DH270min12,MB539_2B7,0
CH04,6240_08_TA5_4622,0
vFP7.04,JRFL,0
PC39-28A,QH0692_42,0
A12V163-b.01,235_47,0
RHA10.04,DU172_17,0
VRC38.01,3337_V2_C6,0
447-52D,T250_4,0
GPZ6-a.01,6095_V1_C10,0
VRC34.05,T257_31,0
PG16,92UG035,0
DH270 IA4,DJ263_8,0
10-1074,MB201_A1,0
N49P22,X2088_C9,0
m66,H086_8,0
830A,AC10_29,0
PGT143,62357_14_D3_4589,0
0PV-b.01,HT593_1,0
916B2,246_F3_C10_2,0
2413a,T250_4,0
RHA1.V2.01,928_28,0
V033-a.01,247_23,0
2F5,B016_ENV02,0
VRC34.06,Q168_A2,0
VRC38.01,247_23,0
48d,ZM55_28A,0
J038,CNE30,0
447-52D,CH120_6,0
PGT142,6535_3,0
15e,DU422_1,0
PGT123,BJOX010000_06_2,0
vFP49.02,UG037_8,0
M1214_N1.2,T257_31,0
4E10,B016_ENV02,0
VRC38.05,6540_V4_C1,0
2F5,CE2052_G10,0
VRC06,231965_C1,0
ACS101,CNE52,0
IOMAmin3,R3265_C6,0
VRC01,DU172_17,0
DH270min12,6471_V1_C16,0
VRC38.11,DJ263_8,0
41328-a.01,703010200_1E5,0
b6,AIIMS731_73106F,0
vFP5.01,CNE20,0
A12V163-a.01,X1193_C1,0
VRC34.05,001428_2_42,0
F105,CAP210_E8,0
VRC03,C1080_C3,0
10E8-2fH/0fL,KER2018_11,0
AIIMS-P01,C1080_C3,0
PC39-55C,T251_18,0
VRC26.03,6631_V3_C10,0
VRC24,UG037_8,0
VRC38.01,KNH1144,0
PGT135,0013095_2_11,0
M1214_N2.2,T250_4,0
DH517,PVO_4,0
3BC315,CNE19,0
DH270.6,TH976_17,0
VRC38.03,Q168_A2,0
PGT156,THRO4156,0
48d,BJOX010000_06_2,0
179NC75,CNE53,0
VRC43.01,BB539_2B13,0
RHA1.V2.01,UG024_2,0
0.5gamma,TRO_11,0
PGT126,CE1086_B2,0
PC39-50K,C4118_9,0
ElsE2,62357_14_D3_4589,0
DH270min12,C3347_C11,0
VRC26.06,HT593_1,0
vFP49.02,TRJO4551_58,0
IOMAmin5,928_28,0
Ab1289,CNE8,0
8ANC131,TZBD_02,0
PC39-55C,CNE8,0
VRC-PG04b,CNE58,0
PGDM1400,346_F4_D2_12,0
179NC75,6785_V5_C14,0
IOMA,A03349M1_VRC4A,0
V033-a.01,BR07,0
DH851.1,BJOX010000_06_2,0
VRC-PG04b,UG021_16,0
VRC26.09,QH0692_42,0
ElsE2,6041_V3_C23,0
vFP1.01,0921_V2_C14,0
ACS202,MB539_2B7,0
PGT136,APV_6,0
DH270 UCA,PVO_4,0
Bess1,1056_10_TA11_1826,0
PCT64-35N,92RW020_2,0
GPZ6-a.01,CNE55,0
2158,PVO_4,0
PGT123,TZA125_17,0
VRC26.27,00836_2_5,0
8ANC131,6471_V1_C16,0
PGT135,CNE17,0
VRC34-pI3HCpI2LC,CNE56,0
DH270 IA2,C1080_C3,0
PC39-50L,001428_2_42,0
3BNC117,693_1969_V11_C11_4_REBOUND,0
PC39-28A,WITO4160_33,0
PCT64-35M,703010054_2A2,0
DF1W-a.02,16936_2_21,0
179NC75,CNE8,0
PGT143,BJOX010000_06_2,0
3BC315,T255_34,0
2408b,92BR025_9,0
2413a,HT593_1,0
vFP7.04,ZM214_15,0
DH270.1,C4118_9,0
CH01,P1981_C5_3,0
DH270.6,246_F3_C10_2,0
447-52D,ZM55_28A,0
VRC26.20,QH0692_42,0
PC39-50K,X2088_C9,0
PC39-23A,CNE8,0
PCT64-35M,SS1196_1,0
PGT135,MB201_A1,0
A12V163-b.01,SS1196_1,0
VRC40.02,BS208_B1,0
DH851.2,3016_V5_C45,0
916B2,JRFL,0
PGDM1400,1HD4K_D0_061516_E3_S53,0
TRNM-e.01,16845_2_22,0
PGDM1400,1HB2_W4_103015_D11_S85,0
10E8,B006_ENV02,0
PGT131,92UG001,0
b13,16845_2_22,0
T646-a.01,CNE52,0
CH12,92BR025_9,0
VRC26.31,CM244_EC1,0
N49P7.2,CE1172_H1,0
DRVIA7,H086_8,0
CH01,JRFL,0
DFPH-a.03,R3265_C6,0
bNAb2101,246_F3_C10_2,0
DH1317.9,C4118_9,0
PCIN71H,CAP45_G3,0
CH04,WEAU_D15_410,0
VRC38.03,TRJO4551_58,0
DF1W-a.02,CNE56,0
A12V163-a.01,0260_V5_C36,0
NC-Cow6,CNE55,0
F105,CH070_1,0
PCT64-35E,89_6,0
DH1317.9,6041_V3_C23,0
2F5,00836_2_5,0
V031-a.01,CNE58,0
PCT64-35K,92RW020_2,0
6561-a.01,CH038_12,0
A12V163-a.02,Q769_D22,0
vFP53.02,TRJO4551_58,0
VRC06,BR07,0
2219,ZM53_12,0
VRC26.10,CAP45_G3,0
ACS101,ZM214_15,0
VRC26.18,PVO_4,0
vFP5.01,SC422_8,0
2158,CAAN5342,0
IOMAmin3,703010054_2A2,0
VRC38.01,93IN905,0
2413b,T257_31,0
PCT64-35B,DH12,0
447-52D,UG021_16,0
gVRC-H1dC38/VRC01L,CH070_1,0
VRC34.05,3016_V5_C45,0
HJ16,16845_2_22,0
vFP5.01,6471_V1_C16,0
HERH-b.01,CNE15,0
A12V163-a.02,Q259_17,0
PCIN77C,ZM249_1,0
10E8,VRC607_13_00_G9,0
vFP1.01,CAP210_E8,0
AIIMS-P01,UG024_2,0
PGT151,CM244_EC1,0
PGT125,UG024_2,0
8ANC195,0330_V4_C3,0
A12V163-a.02,BAL_01,0
PCT64-35C,SC422_8,0
IOMAmin5,9004SS_A3_4,0
ACS101,6952_V1_C20,0
DH270min12,T250_4,0
HJ16,231965_C1,0
VRC26.06,BR07,0
2413b,231965_C1,0
IOMA-HC-DDE,6811_V7_C18,0
PC39-23A,ZM53_12,0
DH270.1,BB539_2B13,0
5695-b.01,0013095_2_11,0
vFP49.02,UG024_2,0
PGZL1_gVmDmJ,6240_08_TA5_4622,0
5695-b.01,3016_V5_C45,0
PC39-28E,Q769_D22,0
HERH-a.01,6535_3,0
2411a,AC10_29,0
A12V163-b.01,0921_V2_C14,0
KD-247,UG037_8,0
A12V163-a.02,H086_8,0
10-1074,3637_V5_C3,0
Z13e1,92BR025_9,0
Z13e1,MS208_A1,0
vFP5.01,3873_V1_C24,0
VRC01-5fH/6fL,DU422_1,0
vFP1.01,TH966_8,0
PC39-28C,T257_31,0
IOMA,T251_18,0
48d,TRO_11,0
ElsE1,AC10_29,0
DH272,57128_VRC15,0
F105,JRFL,0
DFPH-a.03,NKU3006_EC1,0
2F5,H078_14,0
V033-a.01,3637_V5_C3,0
A12V163-b.01,45_01DG5,0
PG16,92UG005,0
VRC26.06,0013095_2_11,0
M1214_N2.2,BJOX010000_06_2,0
vFP1.01,247_23,0
DH1317.9,700010040_C9_4520,0
DJ85-b.01,C2101_C1,0
VRC42.05,3337_V2_C6,0
PGT125,C4118_9,0
48d,SC422_8,0
N6LS.C49,T278_50,0
VRC44.02,T257_31,0
0PV-c.01,6471_V1_C16,0
vFP53.02,Q168_A2,0
3694,CAP210_E8,0
m66,T251_18,0
PGT142,QH0692_42,0
b13,ZM53_12,0
VRC38.01,6811_V7_C18,0
vFP1.01,T255_34,0
DH270.1,MB201_A1,0
VRC42.I3,CNE55,0
DJ85-d.01,231965_C1,0
PCT64-35M,93IN905,0
ACS202,BB201_B42,0
DJ85-b.01,CNE55,0
PC39-28C,C4118_9,0
HJ16,0260_V5_C36,0
PCT64-35G,DU172_17,0
3694,6535_3,0
2F5,CNE31,0
DH851.2,16055_2_3,0
ElsE2,C3347_C11,0
PG16,92UG001,0
VRC06,25711_2_4,0
PCT64-35M,3168_V4_C10,0
VRC44.01,3415_V1_C1,0
M1214_N1,X2131_C1_B5,0
A12V163-a.01,3168_V4_C10,0
N49P9.1,T278_50,0
PCIN71L,C4118_9,0
HJ16,ZENV32_0111_5,0
ACS202,928_28,0
PGT157,QH0692_42,0
VRC26.27,BJOX010000_06_2,0
VRC34.06,THRO4156,0
VRC38.08,ZA012_29,0
CH58,CE1086_B2,0
N6LS.C35,6471_V1_C16,0
2413b,X2088_C9,0
DH270.6,KER2018_11,0
Bess1,X2131_C1_B5,0
CH04,B027_ENV08,0
ACS122,T257_31,0
LJF-0085,CAP45_G3,0
15e,ZM214_15,0
A12V163-a.02,16845_2_22,0
VRC34.05,C1080_C3,0
PCT64-35C,92RW020_2,0
RHA10.04,CAP45_G3,0
2408b,6095_V1_C10,0
DJ85-d.01,C4118_9,0
2413b,3016_V5_C45,0
J033,92RW020_2,0
VRC26.10,UG037_8,0
VRC34.05,16936_2_21,0
0PV-c.01,DJ263_8,0
12A21,191955_A11,0
2F5,26191_2_48,0
917B11,JRFL,0
CH12,BX08_16,0
b13,ZM55_28A,0
HERH-a.01,X2088_C9,0
PGT135,242_14,0
48d,3637_V5_C3,0
A12V163-b.01,CNE20,0
PCT64-35D,T251_18,0
PGT151,26191_2_48,0
T646-a.01,T278_50,0
DH270.1,QH209_14M_A2,0
10-1074,1HD2_PREINF_051916_B4_S62,0
N49P22,ZM249_1,0
VRC34-pI3,PVO_4,0
VRC26.15,Q168_A2,0
ElsE2,TRJO4551_58,0
2219,242_14,0
T646-a.01,RHPA4259_7,0
PCT64-24E,6240_08_TA5_4622,0
PGT143,X1254_C3,0
F105,CNE55,0
PCT64-35B,6535_3,0
vFP49.02,928_28,0
M1214_N1.2,T255_34,0
PGT144,VLGC_B3,0
VRC23,Q259_17,0
5695-b.01,MS208_A1,0
DFPH-a.03,16845_2_22,0
2G12,705010198_TF,0
DF1W-a.01,BX08_16,0
CAP228-3D,CE1086_B2,0
A12V163-b.01,BJOX028000_10_3,0
Ab1573,T250_4,0
DH270.6,T255_34,0
HERH-a.01,T250_4,0
PGDM12,6041_V3_C23,0
179NC75,BR07,0
3BNC117,CNE15,0
ACS122,X2131_C1_B5,0
CH04,DU422_1,0
PG9,B021_ENV08,0
PC39-23A,CAP210_E8,0
PGZL1_gVmDmJ,TRJO4551_58,0
PCT64-35G,TRO_11,0
PCT64-35E,93IN905,0
ACS122,191955_A11,0
PC39-50K,703010200_1E5,0
PC39-50A,92TH021,0
10-1074,9372_BL_E7_1,0
TRNM-a.01,C2101_C1,0
2G12,CE0393_C3,0
DF1W-a.02,X1193_C1,0
VRC26.03,A03349M1_VRC4A,0
PGT151,C3347_C11,0
KD-247,TH976_17,0
PCT64-35G,703010054_2A2,0
DF1W-a.02,A03349M1_VRC4A,0
5695-b.01,CNE53,0
PGT135,BB201_B42,0
Z13e1,WITO4160_33,0
PCDN-33A,16055_2_3,0
2408b,BX08_16,0
VRC26.20,TH976_17,0
bNAb1586,JRCSF,0
2F5,TZBD_02,0
179NC75,0815_V3_C3,0
vFP7.04,CNE58,0
VRC34.05,6101_1,0
DH270 IA3,THRO4156,0
2219,B033_ENV02,0
VRC26.07,0260_V5_C36,0
HERH-c.01,16845_2_22,0
PGT153,R1166_C1,0
HJ16,0439_V5_C1,0
VRC38.01,TV1_29,0
2F5,20358510_01,0
2G12,NKU3006_EC1,0
DFPH-a.03,RHPA4259_7,0
VRC46.01,CNE19,0
HJ16,0077_V1_C16,0
ACS101,242_14,0
PGT136,THRO4156,0
ACS130,CNE30,0
VRC34.01_mm28,NKU3006_EC1,0
2408b,3415_V1_C1,0
VRC06,C1080_C3,0
A12V163-b.01,3365_V2_C20,0
DFPH-a.03,BJOX010000_06_2,0
VRC26.06,96ZM651_02,0
vFP53.02,R2184_C4,0
DH270min12,57128_VRC15,0
447-52D,KER2018_11,0
M1214_N1,6535_3,0
PC39-50K,RHPA4259_7,0
DH270min12,MB201_A1,0
DH475,Q769_D22,0
PGT151,CNE20,0
447-52D,B015_ENV04,0
830A,WITO4160_33,0
b13,MB539_2B7,0
DJ85-a.01,BS208_B1,0
2G12,3365_V2_C20,0
PC39-50A,HXB2,0
J038,ZM55_28A,0
J040,246_F3_C10_2,0
2413b,ZM214_15,0
vFP1.01,DU172_17,0
IOMAmin5,62357_14_D3_4589,0
0PV-b.01,DU422_1,0
ACS117,SC422_8,0
2G12,3016_V6_C3,0
PGDM1400,1HB1_W4_020416_H6_S65,0
vFP7.04,C2101_C1,0
PG9,TH976_17,0
A12V163-b.01,TZBD_02,0
VRC07-523LS.v11,H086_8,0
2F5,703010054_2A2,0
2408b,Q168_A2,0
Bess1,1006_11_C3_1601,0
PGT125,T255_34,0
N49P9.1,1394_C9G1,0
DF1W-a.01,X2131_C1_B5,0
ACS117,T257_31,0
2F5,GX45_57,0
m66,0013095_2_11,0
2413a,3168_V4_C10,0
PCDN-16A,92RW020_2,0
2411a,231965_C1,0
2413a,QH209_14M_A2,0
2408b,242_14,0
PC39-28C,Q23_17,0
Ab1573,TRO_11,0
2G12,B028_ENV06,0
2F5,21561324_D3_B5,0
Bess1,X1254_C3,0
PGDM1400,1HD4K_D0_061616PL2_A4_S53,0
DF1W-a.01,NKU3006_EC1,0
PGT123,VLGC_A1,0
PC39-50I,CAP45_G3,0
AIIMS-P01,92TH021,0
F105,247_23,0
EN02_01_D03,T250_4,0
HERH-c.01,6471_V1_C16,0
m66,CNE56,0
F105,X2131_C1_B5,0
N49P22,89_F1_2_25,0
PC39-50L,CNE58,0
PG16,CNE107,0
DJ85-a.01,THRO4156,0
Ab1461,Q23_17,0
VRC38.01,25925_2_22,0
CH103,P1981_C5_3,0
A12V163-a.01,DJ263_8,0
0.5gamma,ZM249_1,0
M1214_N2,703010054_2A2,0
2F5,R3265_C6,0
PGDM1400,CAP343_2_00_21_2,0
40591-a.01,6480_V4_C25,0
DJ85-e.01,3637_V5_C3,0
PGDM1400,1HB1_W4_012016_D10_S47,0
VRC-CH31,CH038_12,0
PCT64-35D,89_6,0
ACS122,AC10_29,0
VRC43.01,57128_VRC15,0
916B2,CH106_C,0
VRC44.02,0330_V4_C3,0
2G12,21203310_G7_C3,0
10-1074,1HC1_W4_070516PL3_A3_S14,0
40591-a.01,3415_V1_C1,0
40591-a.01,TRJO4551_58,0
6561-a.01,6041_V3_C23,0
Z13e1,QH0692_42,0
VRC26.20,UG037_8,0
VRC43.02,235_47,0
VRC44.01,BB201_B42,0
HERH-c.01,Q23_17,0
DH270min12,T257_31,0
VRC23,0815_V3_C3,0
VRC43.01,MB539_2B7,0
0PV-c.01,X1254_C3,0
447-52D,1006_11_C3_1601,0
PCT64-24E,X1193_C1,0
VRC46.01,MB201_A1,0
VRC-CH31,BB539_2B13,0
PCT64-35D,P1981_C5_3,0
VRC26.20,6535_3,0
vFP7.04,CNE31,0
vFP7.04,TH976_17,0
vFP53.02,001428_2_42,0
VRC26.27,92RW020_2,0
DJ85-a.01,3016_V5_C45,0
PGT136,MGRM_AG_002,0
F105,26191_2_48,0
DH270 IA4,RHPA4259_7,0
PCT64-35B,6244_13_B5_4567,0
V031-a.01,R1166_C1,0
vFP53.02,RHPA4259_7,0
VRC38.11,ZM55_28A,0
CH01,DU422_1,0
HERH-c.01,MB539_2B7,0
VRC03,6471_V1_C16,0
PGT135,R1166_C1,0
IOMA,R2184_C4,0
DH270 IA1,6540_V4_C1,0
VRC34.01_mm28,SC422_8,0
PC39-23A,T278_50,0
A12V163-a.02,A03349M1_VRC4A,0
PGT157,R1166_C1,0
vFP49.02,BS208_B1,0
PCT64-35M,231965_C1,0
48d,620345_C1,0
PCT64-24E,QH0692_42,0
48d,3016_V5_C45,0
6561-a.01,ZM214_15,0
vFP53.02,246_F3_C10_2,0
2408b,H086_8,0
2G12,YN189_52,0
4E10,KO224_T87_2_4,0
PGT142,DU172_17,0
0PV-b.01,CNE58,0
F105,CAP256_SU,0
IOMAmin5,191955_A11,0
PCIN71H,CAP210_E8,0
0PV-c.01,CNE58,0
917B11,TRJO4551_58,0
0PV-b.01,6785_V5_C14,0
VRC26.09,MB201_A1,0
A12V163-b.01,6535_3,0
VRC38.11,6540_V4_C1,0
PGT123,CNE8,0
VRC34.05,CNE56,0
10-1074,C2101_C1,0
Z13e1,CAP256_SU,0
ACS202,0077_V1_C16,0
561_01_18,C4118_9,1
8ANC131,C3347_C11,1
GPZ6-a.01,3988_25,1
N49P9.1,X1254_C3,1
VRC-PG04,235_47,1
PGDM1400,TSG21S01A0003_STMART02,1
PC39-39A,SS1196_1,1
J038,HXB2,1
iMab,DU156_12,1
179NC75,6322_V4_C1,1
N49P11,T255_34,1
PGT135,CH070_1,1
10-1074,TSG_EHI38,1
VRC23,C1080_C3,1
DH511.11P,S11456_244WK_C77,1
EN02_04_A06,BAL_01,1
PGT152,T278_50,1
N49P9.3,Q769_D22,1
VRC42.03,40512V02_03_RV217,1
N49P9.3,0013095_2_11,1
VRC-PG04b,UG037_8,1
N49P7,ZA012_29,1
DH511.4,DU172_17,1
3BNC117,693_7989_V2_C4_4_1_BASELINE,1
BG18,X2088_C9,1
NIH45-46,BF1677F2_613A,1
2F5,0439_V5_C1,1
4E10,KSS_0514_13,1
4E10,CNE55,1
10E8,NKU3006_EC1,1
VRC01,SHX335_24,1
DJ85-a.01,0921_V2_C14,1
DH511.3,TRO_11,1
VRC26.31,CAP256_SU,1
ACS130,RHPA4259_7,1
VRC07-523LS.v32,CNE4,1
VRC01,GX8C_31,1
12A21,235_47,1
VRC01,V704_2524_240ESN_A,1
N60P1.1,0260_V5_C36,1
Bess1,CNE17,1
10E8v4,CAP61_F10A,1
PGDM1400,21561324_D3_B5,1
bNAb2101,JRCSF,1
EN02_04_A06,CE1172_H1,1
PGT142,ZM249_1,1
PGDM1400,5257_V7_B12_3,1
BG24,Q842_D12,1
N49P7,BR07,1
561_01_18,TSG23Y06E001_V1,1
VRC01,1HD5K_W4_061616_C11_S49,1
VRC-CH31,100307I_2_26,1
LJF-0085,92RW020_2,1
VRC40.01,A03349M1_VRC4A,1
PG9,DJ263_8,1
N49P7,45_01DG5,1
12A12,62357_14_D3_4589,1
4E10,451_AT_SGA5,1
VRC-CH31,3337_V2_C6,1
F105,CH505_W4_3,1
PGT135,1394_C9G1,1
PC39-23D,JRFL,1
PCDN-33A,6240_08_TA5_4622,1
PGDM1400,JRCSF,1
PGT135,92BR025_9,1
PGDM1400,T255_34,1
DH511.11P,BB201_B42,1
N49P9.1,231965_C1,1
DJ85-a.01,TZBD_02,1
10E8,BJ171_13,1
3BNC117,235_47,1
4E10,P1981_C5_3,1
VRC34-pI3,0439_V5_C1,1
561_02_12,X1254_C3,1
PCIN71L,CAAN5342,1
Ab1485,T250_4,1
PGT151,MUW104349A_EC03,1
PCT64-35G,CNE58,1
SF12,Q769_D22,1
2557,H031_7,1
3BNC117,CAP88_B5,1
VRC-PG04,ZENV91_0505_12,1
ElsE2,T278_50,1
3BNC117,451_TF_SGA2,1
561_02_12,62357_14_D3_4589,1
N6LS.C1,BS208_B1,1
VRC42.I3,235_47,1
N49P7,6535_3,1
561_01_18,V704_1180_070_RE_PBLIB027_S,1
SF12,6244_13_B5_4567,1
8ANC195,SS1196_1,1
PCIN71L,92RW020_2,1
PGT125,6240_08_TA5_4622,1
N49P11,T257_31,1
PG16,BC12,1
VRC07-523LS.v11,CNE20,1
N6LS.C51,KER2018_11,1
VRC03,AIIMS731_73105B,1
VRC42.I3,HT593_1,1
697-D,SS1196_1,1
10E8,BJOX028000_10_3,1
VRC42.I3,BX08_16,1
VRC07-523-F54-LS.v3,DU422_1,1
PGT126,B027_ENV08,1
10E8-0fH/4fL,ZA012_29,1
VRC42.N1,C1080_C3,1
PGDM1400,TSG_EHI36,1
3BNC117,16845_2_22,1
2F5,246_F3_C10_2,1
3BNC117,FR_2001_54,1
VRC-PG20,00836_2_5,1
CH103,CH181_12,1
10E8v4,V704_1930_170_RE_C01S_1523A,1
PGT151,V704_0944_180_RE_CS,1
PCDN-27B,DU422_1,1
4E10,SG3,1
PGT151,62357_14_D3_4589,1
VRC26.03,C4118_9,1
VRC01,VC2_15_140616_060,1
VRC01,15JS111,1
PGT142,CNE40,1
VRC-PG04,TH976_17,1
V033-a.01,ZM249_1,1
PGDM1400,102_BT_SGA6,1
DH511.11P,25925_2_22,1
4E10,703010200_1E5,1
V031-a.01,231965_C1,1
4E10,SIV_CPZ_BF1167,1
3BNC117,693_7989_V9_A7_1_REBOUND,1
N49P19,CE2060_G9,1
3BNC117,VRC607_13_00_G8,1
561_02_12,20883229_C9_H6,1
N6LS.C30,TRJO4551_58,1
VRC03,235_47,1
IOMA,UG024_2,1
N6LS.C1,KER2018_11,1
VRC07-523LS.v32,TZBD_02,1
VRC-CH31,3305_BM_C9,1
PCT64-35G,94UG103,1
ACS117,C1080_C3,1
J038,DU172_17,1
BG18,V703_2018_240_RE_E6A1S,1
VRC01-5fH/10fL,JRCSF,1
VRC26.27,96ZM651_02,1
PGDM1400,1394_C9G1,1
3BNC117,15JS76,1
VRC01,09GX310,1
N49P7.2,CNE53,1
AIIMS-P01,BI206_W6P_A1,1
8ANC195,3873_V1_C24,1
EN02_04_A06,V703_1586_210_RE_PBLIB002_S,1
VRC26.03,620345_C1,1
4E10,BC13,1
4E10,234_F1_16_57,1
PC39-50I,AC10_29,1
PGT126,93IN905,1
PGT126,92RW026,1
10E8,451_TF_SGA2,1
NC-Cow8,0260_V5_C36,1
VRC34.01_mm28,246_F3_C10_2,1
J038,928_28,1
561_01_18,V704_2834_210_RE_PB001_S,1
3BC315,BR07,1
561_01_18,20965238,1
VRC03d,CNE55,1
DF1W-a.01,CNE58,1
4E10,6322_V4_C1,1
VRC23,CH038_12,1
PC39-17C,DU156_12,1
CH01,XJ180_29,1
N6LS.C35,Q259_17,1
DH270.6,BS208_B1,1
BG18,T250_4,1
ACS202,3988_25,1
VRC42.I3,BJOX010000_06_2,1
7H6,B033_ENV02,1
VRC01-8fH/19fL,BAL_01,1
8ANC131,CNE53,1
10E8,CNE58,1
DH511.12P,T250_4,1
VRC01,191845_B11,1
PG9,704010042_2E5,1
BG18,T278_50,1
CH103,CE1086_B2,1
VRC07-523LS.v32,CNE53,1
1C2-rabbit,C2101_C1,1
PGT151,186_TF_SGA9,1
PGDM1401,PVO_4,1
PG9,001428_2_42,1
N6LS.C49,JRFL,1
3BNC117,3305_BM_F4,1
12A21,ZM53_12,1
447-52D,JRFL,1
EN02_04_A06,92RW020_2,1
561_02_12,21561324_D3_B5,1
10E8,VRC607_9_00_C4,1
PGT123,6101_1,1
4E10,AIIMS731_73105C,1
2G12,SC12_EC9,1
4E10,ME178_G6_16,1
PC39-50K,1056_10_TA11_1826,1
CH01,CAP256_SU,1
8ANC195,6631_V3_C10,1
PC39-23B,DU156_12,1
VRC03,X1854_C2_10,1
4E10,SC28_EC1,1
NC-Cow1,DU172_17,1
MinVRC01,1006_11_C3_1601,1
EN02_04_A06,703010200_1E5,1
V033-a.01,6785_V5_C14,1
2F5,100890I_2_4,1
PG9,XJ180_29,1
4E10,BF329,1
PCT64-24A,WITO4160_33,1
ACS130,0013095_2_11,1
VRC03,JRCSF,1
10-1074,SG3,1
10E8,CM244_EC1,1
VRC42.N1,QH209_14M_A2,1
PG9,100155M_33,1
N6LS.C58,6535_3,1
PGDM12,T250_4,1
VRC40.01,231965_C1,1
VRC26.27,MB539_2B7,1
N60P1.1,62357_14_D3_4589,1
N6LS.C1,CH038_12,1
12A12,Q842_D12,1
PG16,X2131_C1_B5,1
EN02_01_D03,1006_11_C3_1601,1
PG9,BJ22_5,1
41328-a.01,Q259_17,1
iMab,R3265_C6,1
10E8,TSG22Y05A0018_BL18,1
PG9,AIIMS706_70606Z,1
561_01_18,V703_1848_190_RE_PBLIB002_S,1
2F5,Q259_17,1
BG18,235_47,1
vFP49.02,CNE30,1
PGT137,94KE105,1
10-1074,TSG22Y04A0004_H4,1
2158,BX08_16,1
PG16,3365_V2_C20,1
PGDM1400,036_BT_SGA4,1
2F5,92UG031,1
2G12,CBJC515_05_25,1
VRC-CH31,R2184_C4,1
VRC44.01,BX08_16,1
10E8-10fH/16fL,ZA012_29,1
PGT126,B032_ENV07,1
VRC26.10,KER2018_11,1
PCT64-35B,6540_V4_C1,1
EN02_04_A06,V703_0646_051SN,1
vFP7.04,CNE40,1
PC39-55A,JRFL,1
ElsE1,191955_A11,1
10E8v4,V703_0629_150_RE_PBLIB003_S,1
VRC01,BJOX023000_05_4,1
DH511.12P,Q842_D12,1
VRC-PG04,0260_V5_C36,1
VRC44.02,CNE19,1
EN02_04_A06,V704_2065_060_RE_P001S,1
VRC43.01,0815_V3_C3,1
3BC315,BB539_2B13,1
PGDM1400,9004SS_A3_4,1
VRC-CH31,6785_V5_C14,1
PG9,FR_2012_168,1
4E10,CAP292_2_00_12_4,1
IOMA,BS208_B1,1
PGT123,TRO_11,1
10E8v4,V703_0537_011S_4H1,1
VRC40.02,A03349M1_VRC4A,1
N49P9.1,1056_10_TA11_1826,1
NIH45-46,CE2060_G9,1
gVRC-H1dC38/VRC01L,3637_V5_C3,1
LJF-0024,CNE15,1
PC39-28A,6535_3,1
PC39-50L,89_6,1
2F5,GX71_18,1
10E8-0fH/0fL,TRO_11,1
N6LS.C35,JRFL,1
N6LS.C35,WITO4160_33,1
DH270 IA3,92RW020_2,1
PGZL1.H4K3,CE0393_C3,1
VRC03h,TRO_11,1
VRC42.N1,0330_V4_C3,1
N6LS.C30,92RW020_2,1
PGT123,1394_C9G1,1
VRC01,714903902_35,1
DH511.12P,R3265_C6,1
10-1074,CAP292_2_00_12_4,1
2F5,WITO4160_33,1
10-1074,91C34_W12_S4_12_2,1
N49P7,231965_C1,1
3BC315,TV1_29,1
447-52D,DJ263_8,1
VRC01,CNE107,1
PCDN-33A,BAL_01,1
PGT143,X1193_C1,1
10E8v4,92BR025_9,1
3BNC117,1HD5K_W4_062916_A6_S61,1
10-1074,MUW104349A_EC03,1
PC39-23B,JRFL,1
CH04,R18553,1
PC39-50L,ZM249_1,1
N49P7.2,CE0393_C3,1
3BNC117,9343_D0_S44_A3,1
PCT64-24H,JRCSF,1
DH851.2,CNE52,1
NIH45-46,AC10_29,1
RHA10.04,RHPA4259_7,1
3BNC117,CAP177_1A3,1
10-1074,CH070_1,1
VRC01e,CNE8,1
VRC03,MUW104349A_EC03,1
PC39-28E,6244_13_B5_4567,1
RHA10.01,ZM249_1,1
VRC01,CT966_E1_7,1
10J4,CAAN5342,1
VRC01,BJ6_17,1
DH511.1,TRO_11,1
EN02_04_A06,BB539_2B13,1
CH103,CNE12,1
TRNM-f.01,0815_V3_C3,1
PGT151,6041_V3_C23,1
PGDM1400,CNE53,1
10-1074,AIIMS731_73105B,1
M1214_N2.2,9004SS_A3_4,1
10E8,0439_V5_C1,1
PGT142,93TH305,1
HJ16,B015_ENV04,1
NIH45-46,BF591,1
N6LS.C1,BJOX028000_10_3,1
48d,6095_V1_C10,1
VRC07-523LS.v14,3988_25,1
VRC07-523LS.v14,DU422_1,1
N49P19,6480_V4_C25,1
VRC46.01,247_23,1
2557,6535_3,1
DF1W-a.02,BAL_01,1
N49P7,NAB13PRE_CL_9,1
VRC-CH31,CNE56,1
PG16,ZA012_29,1
N49P11,TRJO4551_58,1
PC39-50K,CAAN5342,1
2413a,CAAN5342,1
PCT64-24G,94UG103,1
DH563,CAAN5342,1
PG9,3426_V5_C17,1
VRC42.N1,25711_2_4,1
VRC01,3468_V1_C12,1
CH01,100711I_3_26,1
VRC07-523LS.v14,001428_2_42,1
VRC40.02,HT593_1,1
4E10,247_23,1
VRC07-523LS.v32,6535_3,1
3BNC117,TSG_EHI18,1
PC39-50F,DH12,1
LJF-0087,3468_V1_C12,1
4E10,Q23_17,1
PGZL1,ZM249_1,1
N6LS.C51,T255_34,1
N6LS.C35,X2131_C1_B5,1
N49P11,0815_V3_C3,1
DH511.12P,WITO4160_33,1
2G12,B027_ENV01,1
561_01_18,CT966_E1_7,1
EN02_04_A06,231966_C2,1
PCT64-35C,ZM249_1,1
N49P7.2,231965_C1,1
PGDM1400,9372_BL_F7_1,1
3BNC117,DU156_12,1
M1214_N2.2,BG505_W6M_C2,1
VRC01,541_F1_A7_2,1
EN02_04_A06,1056_10_TA11_1826,1
N49P9.1,CE2060_G9,1
CH04,JRCSF,1
4E10,CAP256_SU,1
EN02_01_D03,BB201_B42,1
1C2-rabbit,Q23_17,1
PGT126,434239_AA058_A04R,1
N6LS.C58,235_47,1
VRC07c,CNE55,1
V031-a.01,CE0393_C3,1
PC39-23A,TRO_11,1
3BNC117,21561324_D3_B5,1
VRC-PG04,92RW020_2,1
VRC42.N1,3718_3_11,1
NIH45-46,T257_31,1
N49P11,MS208_A1,1
PGT125,92RW008,1
3BNC117,701_W7_P_06_12_B3_S96,1
561_01_18,V704_1183_220ESN,1
VRC34.01_mm28,0013095_2_11,1
PG16,101421I_2_11,1
TRNM-a.01,DU422_1,1
IOMAmin3,1394_C9G1,1
N49P9.3,001428_2_42,1
561_02_12,235080_3G7_REV,1
IOMAmin3,16845_2_22,1
N6LS.C1,T250_4,1
NC-Cow7,MS208_A1,1
N6LS.C49,RHPA4259_7,1
VRC-PG04,16936_2_21,1
4E10,CNE11,1
IOMA,6101_1,1
2F5,MUW101769A_EC08,1
VRC07-523-F54-LS.v3,THRO4156,1
3BNC117,VRC607_1_35_A9,1
3BNC117,VRC607_11_00_E4,1
IOMA,Q168_A2,1
DH511.4,ZA012_29,1
10E8v4,T280_5,1
VRC07-523LS.v32,MB201_A1,1
DJ85-a.01,DU422_1,1
Bess4,Q23_17,1
O.3,SS1196_1,1
PCT64-35M,UG024_2,1
4E10,079_BT_SGA3,1
10E8,VRC607_15_00_J1,1
VRC-PG04,TRJO4551_58,1
DH511.11P,CNE10,1
PCDN-33A,231965_C1,1
PGT151,MUW101091A_EC02,1
2413b,CNE53,1
VRC-PG04,928_28,1
V031-a.01,Q23_17,1
PGT142,16055_2_3,1
VRC01,V704_2981_150_RE_PBLIB003_S,1
3BNC117,91C35_D0_S35_A7,1
10E8,6952_V1_C20,1
Bess4,X2088_C9,1
PC39-50K,92RW020_2,1
10E8-19fH/10fL,ZA012_29,1
iMab,CE0393_C3,1
VRC26.18,CAP256_SU,1
PG9,THRO4156,1
N6LS.C58,6540_V4_C1,1
10-1074,B005_ENV03,1
10E8,MUW100708A_EC11,1
VRC07-523LS.v14,3337_V2_C6,1
10E8,VRC607_15_00_J7,1
PG16,YN112R_8,1
VRC26.03,CAP210_E8,1
VRC34.01_mm28,CNE56,1
N60P1.1,CNE8,1
4E10,SHX346_60,1
N6LS.C51,DJ263_8,1
VRC46.01,M02138,1
VRC01,AIIMS706_70606F,1
M1214_N1.2,A07412M1_VRC12,1
IOMA-HC-DDE,928_28,1
VRC01-8fH/10fL,6101_1,1
561_02_12,3415_V1_C1,1
PG16,CNXJ1081_10,1
4E10,CAP37_1_18_D2_19,1
N6LS.C49,CH181_12,1
TRNM-e.01,0815_V3_C3,1
10E8,B028_ENV03,1
PG9,VC5_15_130814_079,1
PGDM1400,KO870_C2_10,1
561_01_18,V704_0601_170_RE_CS,1
PC39-55C,BJOX028000_10_3,1
VRC26.27,PVO_4,1
VRC02,CNE55,1
10-1074,1HC3_D0_012216_B1_S40,1
4E10,704010069_C6,1
VRC02,BAL_01,1
PCIN77C,RHPA4259_7,1
SF3,620345_C1,1
IOMA,BAL_01,1
LJF-0024,242_14,1
VRC43.02,247_23,1
10E8,3415_V1_C1,1
Bess1,16055_2_3,1
561_01_18,21492713_B11_E3,1
PGDM12,001428_2_42,1
Bess4,CE1172_H1,1
VRC-PG04b,3415_V1_C1,1
3BNC117,2990_V7_C1_4,1
PGT135,0439_V5_C1,1
MEL-1842,AE01,1
N49P9.1,62357_14_D3_4589,1
VRC07-523LS.v11,TH976_17,1
RHA10.04,703010054_2A2,1
1C2-rabbit,MB201_A1,1
PGDM1400,AIIMS709_70942B,1
PCT64-35D,6540_V4_C1,1
PG9,SC12_EC10,1
N49P19,SC422_8,1
2413a,0260_V5_C36,1
SF5,X1254_C3,1
2413b,X1193_C1,1
PGT126,GX33M_25,1
PG9,0702_BM_H12,1
PCT64-35B,620345_C1,1
4E10,SIV_CPZ_EK505,1
VRC26.03,CH181_12,1
VRC26.11,PVO_4,1
2F5,S30725_597WK_C70,1
PGDM1401,1056_10_TA11_1826,1
10-1074,6113_V14_A11_1,1
N49P9.3,6480_V4_C25,1
PC39-50B,CAAN5342,1
PC39-23A,1056_10_TA11_1826,1
2F5,89_6,1
VRC40.02,QH0692_42,1
EN02_04_A06,CAP210_E8,1
HERH-c.01,Q168_A2,1
N6LS.C58,T250_4,1
N49P7,ZM55_28A,1
10E8v4,25925_2_22,1
N49P7.1,TRJO4551_58,1
PCIN71H,94UG103,1
PGT126,BJ39_14,1
NIH45-46,CE1086_B2,1
DH270.6,6471_V1_C16,1
VRC-CH31,26191_2_48,1
VRC01,V704_0925_110_RE_CS,1
PGT135,191821_E6_1,1
4E10,BJOX018000_02_3,1
NC-Cow1,Q23_17,1
3BNC117,FR_2009_71,1
VRC01,TSG_EHI16,1
2413a,NKU3006_EC1,1
438-B11,CAAN5342,1
PG16,BJOX028000_10_3,1
PGDM12,LAI,1
DH270.6,191821_E6_1,1
RHA1.V2.01,45_01DG5,1
12A21,X1254_C3,1
N6LS.C35,3016_V5_C45,1
10E8-2fH/0fL,JRFL,1
DH270.2,CNE58,1
10E8,100997I_2_2,1
V033-a.01,CNE53,1
2413b,001428_2_42,1
12A12,JRFL,1
179NC75,THRO4156,1
PG9,XJ16_6,1
VRC-PG04,TZBD_02,1
VRC07-523LS.v11,T280_5,1
VRC01,CT533_T23B_36,1
PG16,TZA125_17,1
b13,JRFL,1
2F5,CBJC504_09_08,1
VRC07-523LS.v14,Q23_17,1
12A21,HXB2,1
VRC-CH31,T257_31,1
IOMAmin5,TRJO4551_58,1
10E8,CNE3,1
CH01_UA3,C1080_C3,1
DH270.6,CH181_12,1
VRC01,101421I_2_11,1
VRC01,TSG21N01N025,1
10-1074,A03349M1_VRC4A,1
PG16,AIIMS704_70401,1
NC-Cow10,Q842_D12,1
VRC01,BJOX019000_02_1,1
PGT143,WITO4160_33,1
N49P7,X1193_C1,1
LJF-0085,WITO4160_33,1
2F5,BG505_W6M_B1,1
VRC38.01,92TH021,1
IOMA-HC-DDE,CNE53,1
PGC14,92RW008,1
PG9,CNE40,1
12A12,0815_V3_C3,1
NIH45-46,CE0393_C3,1
561_01_18,V704_0893_180_RE_P002S,1
VRC-PG04,89_6,1
N6LS.C35,191821_E6_1,1
VRC01,246_F3_C10_2,1
1C2-rabbit,25925_2_22,1
PCT64-35M,TH966_8,1
PGDM12,CNE30,1
DH511.11P,NKU3006_EC1,1
VRC43.01,247_23,1
6561-a.01,CNE58,1
PGT144,92TH021,1
PCT64-35B,191955_A11,1
VRC07-523LS.v32,CNE12,1
561_01_18,V703_0203_081_RE_E8A5S,1
VRC44.02,Q23_17,1
PCIN71I1a,6535_3,1
2F5,100997I_2_2,1
VRC42.03,JRFL,1
N49P19,X1193_C1,1
561_02_12,001428_2_42,1
BG18,AIIMS743_74311B,1
VRC23,6095_V1_C10,1
IOMAmin3,6811_V7_C18,1
SF5,1394_C9G1,1
2411a,96ZM651_02,1
2F5,B009_ENV11,1
VRC01,HEB46_6,1
N6LS.C58,DU172_17,1
VRC01,651_AT_SGA2,1
PG16,BC09,1
0PV-c.01,BAL_01,1
VRC07-523LS.v32,PVO_4,1
PGZL1,703010200_1E5,1
PCT64-35B,WITO4160_33,1
N6LS.C30,231965_C1,1
VRC03,CNE53,1
HERH-c.01,0013095_2_11,1
VRC02,X2252_C7,1
IOMA-HC-DDE,CE1086_B2,1
N49P9.1,6952_V1_C20,1
10E8,15JS48,1
M1214_N2.2,TRO_11,1
N6LS.C35,CAP256_SU,1
VRC40.02,ZM249_1,1
10E8v4,V703_2117_110_RE_E2A10S,1
561_01_18,TSG_EHI45,1
4E10,705010198_TF,1
PGDM1400,1170887_08,1
10-1146,CAAN5342,1
VRC-CH31,DU156_12,1
PCIN71H,6535_3,1
VRC-PG20,6535_3,1
10E8-10fH/16fL,PVO_4,1
10-1074,6292_BL_C4_1,1
EN01_01_G04,246_F3_C10_2,1
N6LS.C1,CAP256_SU,1
N49P19,DU156_12,1
N49P7,6785_V5_C14,1
4E10,BX08_16,1
VRC01,GX54_6,1
VRC44.02,TRJO4551_58,1
PC39-50L,DU156_12,1
2F5,CM244_90TH,1
10E8v4,6471_V1_C16,1
PGT151,231965_C1,1
4E10,304_F2_1_11,1
Bess4,CE0393_C3,1
PG9,SC20_15,1
IOMA,SC422_8,1
2F5,X558_8_B12_6,1
10-1074,FR_2001_48,1
VRC01,VC2_15_130809_077,1
VRC42.N1,3988_25,1
CH27,THRO4156,1
4E10,SC13_EC26,1
12A21,0815_V3_C3,1
2411a,CNE30,1
PG9,CAP382_2_00_D7_19,1
DH511.3,CAAN5342,1
PG16,DJ263_8,1
VRC34-pI3,ZM214_15,1
VRC23,T255_34,1
V033-a.01,X2131_C1_B5,1
VRC06,BS208_B1,1
PCIN71I1a,A07412M1_VRC12,1
M1214_N1,CNE53,1
3BNC117,TSG_EHI51,1
VRC-PG20,CNE3,1
VRC01,V704_1907_251_RE_CS,1
VRC03,X2252_C7,1
10-1074,TSG21N01N017_C18,1
561_01_18,V703_1714_080_RE_PBLIB002_S,1
VRC07-523LS.v14,ZM53_12,1
2F5,1051_12_TD12_3291,1
VRC34-pI3,25711_2_4,1
DH517,DJ263_8,1
VRC07-523-F54-LS.v3,C3347_C11,1
N49P7,57128_VRC15,1
VRC40.01,3016_V5_C45,1
10E8v4,V704_1651_150_RE_P002S,1
PGDM1400,1056_10_TA11_1826,1
PGZL1.H4K3,TRO_11,1
2F5,653116_6_49YPI_SGA38_E1,1
VRC42.I3,T255_34,1
VRC03,6240_08_TA5_4622,1
N6LS.C35,3365_V2_C20,1
3BNC117,9342_W20_S69_A8,1
ACS101,C3347_C11,1
PG9,3415_V1_C1,1
2413a,Q259_17,1
CH01,SC30_EC9,1
VRC07-523LS.v11,247_23,1
10E8-19fH/10fL,Q168_A2,1
IOMA,QH0692_42,1
N6LS.C49,0921_V2_C14,1
N6LS.C49,92BR025_9,1
VRC-CH31,QH209_14M_A2,1
VRC03,0013095_2_11,1
4E10,CH505_W4_3,1
561_02_12,3365_V2_C20,1
LJF-0024,ZM249_1,1
N6LS.C51,Q259_17,1
PGDM1400,079_TF_SGA2,1
EN02_04_A06,CAP177_1A3,1
10E8,CBJC504_06_14,1
561_02_12,556_F2_3_25,1
VRC03,SC30_EC9,1
EN01_01_G04,CNE8,1
VRC-PG20,928_28,1
BG505.57,Q842_D16,1
VRC-PG04,92BR020,1
10E8,ZENV91_0505_12,1
697-D,BX08_16,1
EN02_04_A06,SO607_B6_9,1
PGT126,B008_ENV05,1
4E10,CAP258_2_00_X_23,1
N49P7,1006_11_C3_1601,1
VRC06b,001428_2_42,1
PG16,126652V01_EC3,1
VRC01,VC4_15_136377_063,1
PGDM1400,V704_0726_080SN,1
VRC06f,246_F3_C10_2,1
PC39-23D,DH12,1
3BNC117,PVO_4,1
VRC01,15JS75,1
561_01_18,V704_1350_750_RE_PBSGA001_S,1
3BNC117,1HB1_D0_012016_B4_S3,1
2G12,DRVI01_0507_16,1
EN02_01_D03,CNE55,1
VRC26.15,PVO_4,1
AIIMS-P01,AC10_29,1
PGT142,26191_2_48,1
VRC01,ZENV91_0505_12,1
PGT135,SC422_8,1
41328-a.01,1394_C9G1,1
CH01,BC12,1
PC39-50K,DH12,1
3BNC117,9342_D0_S10_B6,1
VRC01,CBJC515_08_23,1
DFPH-a.03,H086_8,1
4E10,AIIMS704_70405,1
VRC01,BC16,1
PGT151,SC422_8,1
ElsE1,16055_2_3,1
10E8,330_14_A12,1
4E10,WEAU_D15_410,1
NIH45-46,100046I_3_2,1
VRC01,UG037_8,1
10E8,CAP308_2_00_E11_35,1
SF5,3365_V2_C20,1
10-1074,9341_D0_S90_B2A,1
2F5,BJYA119_6,1
N6LS.C58,3016_V5_C45,1
PGZL1,DU156_12,1
VRC-PG04b,25925_2_22,1
3BNC117,ZA012_29,1
4E10,CAP331_2_00_D7_39,1
N49P19,703010200_1E5,1
MEL-2129,92RW020_2,1
PG16,09GX285,1
VRC01,CNE58,1
J038,0330_V4_C3,1
DH511.11P,C3347_C11,1
EN02_04_A06,6785_V5_C14,1
BG18,AIIMS706_70606F,1
PC39-50H,SS1196_1,1
10E8,155_2_C_AS_2,1
PGDM1400,CAP317_2_00_D4_10,1
PC39-50K,PVO_4,1
8ANC131,T251_18,1
VRC02,Q259_W6,1
Min12A21,001428_2_42,1
DH270.1,JRCSF,1
N6LS.C35,CH181_12,1
N6LS.C30,16055_2_3,1
DH851.2,CNE20,1
PGT142,98CN009,1
N49P7.1,BJOX010000_06_2,1
2F5,S50741_847WK_C12,1
VRC01-5fH/10fL,6101_1,1
VRC03b,CNE8,1
VRC26.09,BG505_W6M_C2,1
4E10,CNE15,1
N49P9.3,ZM53_12,1
4E10,0301_BM_A12,1
7H6,SC30_EC11,1
Z13,MUW101091A_EC10,1
VRC42.N1,JRCSF,1
vFP53.02,CAP45_G3,1
PGZL1,CNE19,1
PG9,CNXJ0651_1,1
10E8,CBJC504_05_08,1
VRC07-523LS.v14,MB539_2B7,1
PGDM1400,6592_V7_C25,1
PC39-55D,X1254_C3,1
2411a,BG505_W6M_C2,1
2F5,BJYA109_9,1
3BNC60,PVO_4,1
VRC-PG04,DU172_17,1
VRC38.01,KER2018_11,1
4E10,BJ171_13,1
N6LS.C35,CNE53,1
VRC03,SC12_EC9,1
12A12,DU156_12,1
PG9,AIIMS704_70405,1
PGDM1400,V704_1739_210_RE_P002S_CTOTAT8,1
PG9,VC2_15_140616_094,1
DH511.12P,ZM55_28A,1
2F5,ZENV92_1008_8,1
PCT64-24H,WITO4160_33,1
10-1074,1HD4K_D0_061616PL2_C2_S57,1
VRC40.02,6535_3,1
PGDM1401,CNE19,1
1C2-rabbit,UG024_2,1
ACS202,V704_2448_240_RE_CS,1
J038,P1981_C5_3,1
10E8,100711I_3_26,1
N60P1.1,SC422_8,1
DF1W-a.02,RHPA4259_7,1
VRC-PG04,0702_BM_H12,1
VRC38.01,JRFL,1
N6LS.C35,16055_2_3,1
1C2-rabbit,CNE30,1
VRC01,1811_B3_23,1
PG9,TV1_29,1
DH270min12,X1254_C3,1
PGDM1401,T257_31,1
PG16,4_2_J45B,1
VRC34.01_mm28,16055_2_3,1
VRC-PG20,6785_V5_C14,1
PGZL1,CNE52,1
gVRC-H1dC38/VRC01L,BS208_B1,1
VRC34.01_mm28,BAL_01,1
2411a,CNE40,1
4E10,BF1677F2_613A,1
N6LS.C1,CNE55,1
PC39-55D,QH0692_42,1
SF12,703010054_2A2,1
VRC-PG04,CE1086_B2,1
AIIMS-P01,AIIMS704_70421,1
VRC-CH31,YN189_52,1
VRC07-523LS.v11,TRJO4551_58,1
PG16,P1981_C5_3,1
VRC01,VC2_15_140616_094,1
6561-a.01,231965_C1,1
Bess4,CAP45_G3,1
PGDM1400,S52624_272WK_C6,1
NIH45-46,Q168_A2,1
PGT124,928_28,1
PC39-55D,1394_C9G1,1
4E10,B004_ENV02,1
DH270.1,714909105_22,1
N60P1.1,QH0692_42,1
EN02_04_A06,1394_C9G1,1
PGDM1400,V704_2981_150_RE_P001S_2559A,1
VRC24,6101_1,1
BG18,TSG22Y04A0011_H11,1
gVRC-H1dC38/VRC01L,THRO4156,1
VRC07-523LS.v14,CNE15,1
4E10,1006_11_C3_1601,1
N6LS.C35,T280_5,1
PC39-50F,CAAN5342,1
SF5,T255_34,1
VRC44.02,C1080_C3,1
VRC01,20358510_01,1
N6LS.C51,0815_V3_C3,1
EN02_01_D03,TZBD_02,1
12A21,92BR020,1
PGT135,A07412M1_VRC12,1
BG18,6240_08_TA5_4622,1
10E8,TSG_EHI57,1
VRC-PG04b,0330_V4_C3,1
PGT142,94KE105,1
VRC-PG04,3305_BM_F4,1
VRC-CH31,SG3,1
PG16,SC26_EC05,1
561_01_18,19157834_V1,1
HERH-c.01,THRO4156,1
PGDM1400,CNE56,1
VRC34-pI3,CNE19,1
HERH-c.01,246_F3_C10_2,1
PG16,VC2_15_140616_169,1
EN02_01_D03,231966_C2,1
561_01_18,18814602_H8_F3,1
DJ85-e.01,0815_V3_C3,1
10-1074,20198102_E9_G1,1
gVRC-H1dC38/VRC01L,928_28,1
VRC01,APV_6,1
3BNC117,1HC3_D0_012016_G2_S34,1
RHA1.V2.01,0260_V5_C36,1
N60P1.1,RHPA4259_7,1
VRC01,0907_V4_C12,1
PG16,SC12_EC10,1
7H6,MUW100708A_EC08,1
2F5,CBJC504_05_04,1
VRC01-8fH/6fL,KER2018_11,1
CH12,16845_2_22,1
10E8,T255_34,1
PGT135,001428_2_42,1
3BNC117,693_1969_V11_A4_2_REBOUND,1
EN02_01_D03,X1193_C1,1
10E8,SIV_CPZ_LB715,1
PCIN71C,SC422_8,1
HERH-a.01,DU156_12,1
PG16,VC1_E14_109920_044,1
3BNC117,91C34_W12_S1_12_1,1
CH103,BAL_01,1
2G12,92RW026,1
1C2-rabbit,BS208_B1,1
PC39-50F,TRO_11,1
VRC40.01,92RW020_2,1
10-1074,HT593_1,1
HGN194,92RW020_2,1
10E8,CBJC515_06_23,1
2413b,HXB2,1
VRC07-523LS.v14,TH023_6,1
AIIMS-P01,330_15_E36,1
VRC26.10,3016_V6_C3,1
DH511.12P,MB539_2B7,1
PGDM1400,16936_2_21,1
2F5,MUW101091A_EC02,1
EN02_04_A06,V704_1930_170_RE_C01S_1523A,1
2408b,BG505_W6M_C2,1
PGT135,DRVI01_0803_13,1
3BNC117,CE2060_G9,1
4E10,6952_V1_C20,1
CH103,CNE40,1
PCDN-33A,235_47,1
PCIN71O,CAP45_G3,1
Z13e1,X2131_C1_B5,1
N6LS.C49,HXB2,1
VRC-CH31,X2131_C1_B5,1
N6LS.C35,DU156_12,1
iMab,0260_V5_C36,1
PG16,93TH305,1
VRC40.01,R3265_C6,1
iMab,PVO_4,1
3BNC117,6292_V7_A11_1,1
V033-a.01,6535_3,1
HERH-c.01,CNE58,1
PG16,VC1_E14_110488_047,1
PG9,FR_1997_51,1
3BNC117,1HB2_D0_102615_C8_S18,1
VRC40.01,T257_31,1
VRC07-523-F54-LS.v3,235_47,1
PGT151,6952_V1_C20,1
VRC07-523LS.v14,3718_3_11,1
3BNC117,9246_PRE_I10,1
VRC-PG04,DJ263_8,1
PG16,BJOX010000_06_2,1
HERH-c.01,16055_2_3,1
PGT142,0077_V1_C16,1
N6LS.C51,T251_18,1
4E10,GX24_8,1
CH01,S50725_295WK_C60,1
PG9,714910601_36,1
VRC06b,25925_2_22,1
PG16,VC2_15_140616_071,1
PGT152,QH0692_42,1
VRC03,MUW101273A_EC02,1
3BNC117,6292_V7_C8_1,1
3BNC117,CAP45_G3,1
PGT151,CAP88_6M_C10,1
2408b,DJ263_8,1
PGDM1400,21283649,1
IOMA,231966_C2,1
8ANC131,0921_V2_C14,1
10-1074,RBF208,1
VRC-PG04,SG3,1
10E8,TSG_EHI16,1
VRC42.N1,R3265_C6,1
N49P9.3,231965_C1,1
MinVRC01,AC10_29,1
4E10,09GX311,1
VRC34-pI3,C4118_9,1
DRVIA7,Q259_17,1
4E10,B002_ENV03,1
PGT126,QH0692_42,1
N49P7.1,6244_13_B5_4567,1
N6LS.C58,3873_V1_C24,1
10-1074,FR_2011_167,1
PG9,T278_50,1
PGDM1404,CAP210_E8,1
10E8,S30725_597WK_C70,1
VRC40.01,NKU3006_EC1,1
ElsE2,Q259_17,1
N49P7,T251_18,1
3BNC117,0439_V5_C1,1
VRC03,6785_V5_C14,1
PGT126,MUW101769A_EC02,1
3BNC60,6811_V7_C18,1
PG9,TV1_21,1
VRC01,1HD1_W4_012616_F9_S11,1
PG9,GX13_7,1
2411a,6095_V1_C10,1
N49P7,ZM249_1,1
3BNC117,2319_V7_H3_2,1
VRC02,0815_V3_C3,1
VRC38.01,BB201_B42,1
10-1074,330_14_A12,1
PCIN71I1a,KNH1144,1
ACS122,THRO4156,1
VRC-PG04b,A03349M1_VRC4A,1
N49P7.1,P1981_C5_3,1
10-1074,693_1969_V2_C3_11_BASELINE,1
VRC01,CAP347_2_00_B1_1,1
VRC07-523-F54-LS.v3,CNE4,1
IOMA,BR07,1
10E8,C2101_C1,1
10E8-2fH/10fL,Q168_A2,1
10E8v4,16936_2_21,1
PGDM1400,V703_0629_150_RE_PBLIB003_S,1
3BNC117,9245_PRE_E5,1
4E10,15JS47,1
PGT142,CNE53,1
N6LS.C30,247_23,1
VRC01,CNE16,1
EN02_01_D03,16936_2_21,1
PG9,TSG23Y06A015_V15,1
PG16,B015_ENV04,1
MEL-2129,Q842_D12,1
N49P22,T251_18,1
VRC01,235080_3G7_REV,1
PGZL1,R2184_C4,1
NIH45-46,NKU3006_EC1,1
10-996,ZM214_15,1
VRC23,MS208_A1,1
10E8,TRJO4551_58,1
N49P7,ZENV92_1008_8,1
HERH-b.01,242_14,1
DH511.12P,0013095_2_11,1
VRC46.01,R1166_C1,1
TRNM-f.01,001428_2_42,1
10E8v4,CNE10,1
LJF-0087,TRJO4551_58,1
N49P19,1056_10_TA11_1826,1
DH511.12P,CNE3,1
VRC01,SC12_EC9,1
DH511.12P,CNE56,1
M1214_N1,C4118_9,1
VRC40.02,BB201_B42,1
4E10,CBJC504_06_14,1
Z13e1,C1080_C3,1
VRC07-523LS.v14,CNE19,1
8ANC131,TH976_17,1
3BNC117,1HC1_W4_070516PL3_A3_S14,1
10-1074,CH120_6,1
561_01_18,V703_1789_230_RE_E3A3S,1
PG9,SO225_H11_12,1
1C2-rabbit,16936_2_21,1
RHA10.04,SC422_8,1
SF12,R3265_C6,1
PCIN71C,ZM53_12,1
N49P9.1,ZM249_1,1
PC39-50B,DU172_17,1
PGDM1400,CE2060_G9,1
BG24,9004SS_A3_4,1
10E8,705010067_TF,1
VRC06b,HXB2,1
2F5,BJOX035000_04_8,1
PG16,94UG103,1
10E8,CAP221_B14,1
PCT64-35G,T250_4,1
M1214_N1.2,BG505_W6M_C2,1
VRC01,SC26_EC33,1
BG18,TSG_EHI58,1
VRC01-5fH/10fL,92RW020_2,1
PGT126,B006_ENV10,1
10E8-19fH/10fL,6101_1,1
N6LS.C1,PVO_4,1
DH851.2,R2184_C4,1
iMab,620345_C1,1
412d,JRCSF,1
4E10,Q259_17,1
VRC38.01,DU156_12,1
10E8,VRC607_8_00_B6,1
PGT135,CAP210_E8,1
PCIN71H,92RW020_2,1
10E8v4,V703_0629_150_RE_PBLIB004_S,1
vFP7.04,96ZM651_02,1
PG9,T280_5,1
PG9,AIIMS704_70403,1
10E8v4,AC10_29,1
10-1074,AC10_29,1
N6LS.C49,242_14,1
3BNC117,703_W6_P_06_12_D10_S67,1
PC39-23D,TRO_11,1
VRC01,SC14_49,1
PGT142,247_23,1
PGT135,DRVI01_0803_11,1
PCT64-35M,6322_V4_C1,1
EN02_01_D03,C4118_9,1
4E10,CNE20,1
J038,RHPA4259_7,1
ElsE2,CNE52,1
VRC01,V704_2448_240_RE_CS,1
PGDM1400,AIIMS704_70414,1
N60P1.1,WEAU_D15_410,1
VRC01,CBJC515_05_17,1
N49P7.1,CE1172_H1,1
4E10,SHX335_24,1
10-1074,98_F4_H5_13,1
PGT144,93RW029,1
N49P7.2,TRJO4551_58,1
VRC01,X1854_C2_10,1
IOMAmin3,6244_13_B5_4567,1
10-1074,CAP290_2_00_23_6,1
EN02_01_D03,235_47,1
VRC43.01,DU151_02,1
561_01_18,89_F1_2_25,1
10E8,YN148R_9,1
PC39-50I,KNH1144,1
2F5,BG505_W6M_C2,1
PC39-50I,CE1172_H1,1
10E8-2fH/0fL,92RW020_2,1
PGT141,92RW024,1
NIH45-46,191821_E6_1,1
VRC01,BF535_A1,1
MinVRC01,A07412M1_VRC12,1
VRC07-523LS.v11,3168_V4_C10,1
vFP53.02,BAL_01,1
VRC40.02,3365_V2_C20,1
PGDM1400,CE2103_E8,1
DH851.2,CH505_W4_3,1
N49P7.1,703010200_1E5,1
VRC-CH31,6095_V1_C10,1
2413a,HXB2,1
10E8,TSG_EHI36,1
PCIN71C,92TH021,1
M1214_N2.2,6240_08_TA5_4622,1
DH511.12P,TRO_11,1
VRC-PG04b,C2101_C1,1
VRC01,EN1_120250_006,1
PG16,BC17,1
CH01,BC16,1
VRC-CH31,BAL_01,1
2F5,MUW104349A_EC05,1
3BNC117,AIIMS704_70403,1
N6LS.C1,CAP210_E8,1
PC39-50I,DU422_1,1
10E8,ZENV92_1008_8,1
2F5,NAB01_C24,1
PCT64-35B,Q23_17,1
PG9,GX155_55,1
PGDM12,CAAN5342,1
M1214_N1.2,6811_V7_C18,1
VRC43.01,40512V02_03_RV217,1
VRC07-523-F54-LS.v3,0815_V3_C3,1
DH270.6,89_6,1
PC39-50H,QH0692_42,1
BG18,330_14_A20,1
179NC75,CH070_1,1
VRC42.I3,M02138,1
PG9,CAP290_2_00_23_6,1
IOMA-HC-DDE,T251_18,1
VRC46.01,6095_V1_C10,1
VRC-PG04b,NKU3006_EC1,1
N6LS.C35,DU422_1,1
VRC06,KER2018_11,1
PC39-50F,KNH1144,1
VRC-PG04,BF591,1
PC39-55C,RHPA4259_7,1
DFPH-a.03,CNE19,1
NIH45-46,3305_BM_F6,1
PC39-39A,TRO_11,1
N6LS.C30,242_14,1
438-B11,JRFL,1
VRC34-pI3,H086_8,1
PG16,4403_BM_C5,1
PGT152,DU172_17,1
3BNC60,Q259_17,1
7H6,DU422_1,1
EN02_04_A06,V703_0510_260_RE_PBLIB002_S,1
VRC06b,3415_V1_C1,1
GPZ6-a.01,3468_V1_C12,1
VRC26.03,6785_V5_C14,1
0PV-c.01,92RW020_2,1
VRC-CH31,GX88_47,1
DFPH-a.03,242_14,1
561_01_18,TSG_EHI16,1
b6,NAB01_C14,1
VRC01,CAP200_B8A,1
VRC-CH31,6240_08_TA5_4622,1
VRC03,B006_ENV02,1
PG9,BJOX010000_06_2,1
PGDM1400,6775_BL_E3_3,1
4E10,PRB926_04_A9_4237,1
PCIN77C,JRCSF,1
PGT126,126652V01_EC3,1
VRC01,X1193_C1,1
2413a,6095_V1_C10,1
2G12,BJOX028000_10_3,1
RHA10.01,231966_C2,1
DH511.12P,3718_3_11,1
VRC02,KER2018_11,1
O.3,JRCSF,1
N49P9.1,CNE53,1
3BNC117,693_1969_V2_A2_3_BASELINE,1
PCIN71H,92TH021,1
10-1074,693_1969_V2_A11_1_BASELINE,1
N49P7.2,X2131_C1_B5,1
VRC07-523LS.v14,X2088_C9,1
PG9,FR_2000_45,1
BG24,MS208_A1,1
10-996,AC10_29,1
VRC43.01,CNE10,1
VRC07-523LS.v14,89_6,1
DFPH-a.03,CNE40,1
PG16,AC10_29,1
VRC-PG20,CNE4,1
1C2-rabbit,JRCSF,1
iMab,A07412M1_VRC12,1
561_02_12,CA392_H2_6,1
VRC03,B016_ENV01,1
10E8,TSG_EHI45,1
Min12A21,P1981_C5_3,1
3BNC117,WEAU_D15_410,1
10E8,B015_ENV07,1
VRC43.02,ZM55_28A,1
N6LS.C30,T280_5,1
VRC43.01,R2184_C4,1
DH270.6,CH848_D1432_5_41,1
PG16,3873_V1_C24,1
EN02_04_A06,TZA125_17,1
PGT126,T250_4,1
VRC40.02,T257_31,1
3BNC117,CAP258_2_00_X_23,1
10E8v4,CAP88_B5,1
PG16,T252_7,1
VRC-CH31,BJ171_13,1
3BNC117,6775_BL_G10_2,1
BG18,TSG22Y03A0022_B22,1
VRC01,BJ39_14,1
VRC42.I3,UG021_16,1
BG18,TSG_EHI39,1
10-1074,1HC2_D0_012216_D1_S67,1
DFPH-a.03,89_6,1
VRC01,94UG114,1
PC39-50F,DU422_1,1
2219,JRFL,1
NIH45-46,MUW101769A_EC08,1
EN02_01_D03,Q842_D12,1
PGDM1404,BG505_W6M_C2,1
N49P7.1,0013095_2_11,1
VRC01,BJOX028000_10_3,1
VRC01,EN_AE_E11_137088_253,1
12A12,UG021_16,1
VRC44.01,Q23_17,1
10E8v4,V703_2304_150_RE_CS,1
VRC07-523LS.v32,CM244_EC1,1
PG16,ZENV91_0505_12,1
PG9,09GX268,1
NIH45-46,25925_2_22,1
NIH45-46,MUW104349A_EC02,1
CH103,ZM249_1,1
N6LS.C58,45_01DG5,1
CH27,CH505_W4_3,1
VRC26.03,ZM214_15,1
LJF-0142,CAP45_G3,1
DFPH-a.03,QH209_14M_A2,1
PG16,231965_C1,1
EN02_01_D03,CNE12,1
PG9,CT966_E1_7,1
VRC07-523LS.v11,CNE4,1
VRC42.N1,CAP256_SU,1
VRC01,BJ613_E1,1
VRC01,2869751_A4_D3,1
N6LS.C58,92BR025_9,1
VRC07-523LS.v11,MS208_A1,1
VRC03,703010200_1E5,1
M1214_N2,6480_V4_C25,1
NIH45-46,NAB13PRE_CL_9,1
N49P19,T257_31,1
VRC26.09,CNE19,1
VRC01,TSG_EHI38,1
PCT64-35M,DJ263_8,1
VRC06,6101_1,1
PG9,NAB13PRE_CL_9,1
MinVRC01,Q769_D22,1
PGT143,CAP45_G3,1
VRC42.03,THRO4156,1
N6LS.C35,PVO_4,1
12A12,Q23_17,1
VRC-CH31,A03349M1_VRC4A,1
PCDN-16A,DH12,1
N49P9.3,DU156_12,1
10E8,HUB199_1,1
PGT124,X2131_C1_B5,1
VRC07-523-F54-LS.v3,0013095_2_11,1
3BNC117,1HC2_D0_012216_D1_S67,1
VRC03,SC26_EC40,1
NC-Cow1,16055_2_3,1
HJ16,CH181_12,1
PG9,BJX4_6,1
VRC03,6811_V5_C20,1
10E8,T278_50,1
iMab,X2088_C9,1
7H6,126652V01_EC6,1
2F5,09GX285,1
PGT151,093_LN_SGA9,1
2F5,CBJC504_05_06,1
VRC26.18,Q259_17,1
VRC03,B015_ENV04,1
VRC-CH31,100046I_3_2,1
VRC06b,1056_10_TA11_1826,1
PGDM1400,2_5_J11,1
gVRC-H1dC38/VRC01L,92RW020_2,1
VRC34.06,DU156_12,1
3BNC117,693_1969_V2_D8_3_BASELINE,1
ACS101,CNE55,1
561_02_12,Q23_17,1
GPZ6-a.01,Q842_D12,1
2413b,T280_5,1
PG16,BB539_2B13,1
PC39-50K,6244_13_B5_4567,1
VRC01,VLGC_A1,1
VRC01,BC06,1
HERH-b.01,6101_1,1
VRC-CH31,DU151_02,1
2408b,247_23,1
VRC-PG04b,BAL_01,1
N49P7,6244_13_B5_4567,1
VRC03,Q259_W6,1
2413a,ZM53_12,1
LJF-0024,JRFL,1
PGT151,6240_08_TA5_4622,1
3BNC117,706010164_1A7_REV,1
VRC01,V704_3008_040ESN,1
PGT124,T251_18,1
VRC01,94KE105,1
N6LS.C58,M02138,1
PGT142,3718_3_11,1
N6LS.C58,3718_3_11,1
VRC01,RBF208,1
10-1074,706010164_1A7_REV,1
3BNC117,5257_V7_D2_1,1
DJ85-a.01,C1080_C3,1
VRC40.01,BR07,1
PGDM1400,6113_V14_A11_1,1
VRC01,191955_A11,1
EN02_04_A06,V703_2304_150_RE_CS,1
MEL-1842,RHPA4259_7,1
VRC07-523-F54-LS.v3,92BR025_9,1
LJF-0087,JRCSF,1
NIH45-46,6535_3,1
VRC01,CAP304_2_00_F6_6,1
PC39-50L,93IN905,1
PGZL1.H4K3,ZM53_12,1
PC39-28E,92RW020_2,1
PG9,CAP323_2_00_B6_45,1
3BNC117,1HD9K_D0_070816_B3_S30,1
iMab,191821_E6_1,1
J038,CNE19,1
3BNC117,X1254_C3,1
VRC-CH31,25711_2_4,1
SF12,A07412M1_VRC12,1
N49P7,WITO4160_33,1
VRC23,BAL_01,1
PGT141,APV_6,1
10E8,036_BT_SGA4,1
N6LS.C49,TRJO4551_58,1
N6LS.C58,BJOX028000_10_3,1
VRC01,4_2_J46B,1
PGDM1400,SIV_GOR_CP2139,1
10E8,SHIV_CNE40_JD14_W29_19,1
VRC42.N1,247_23,1
PCDN-27D,DH12,1
VRC42.N1,26191_2_48,1
NIH45-46,THRO4156,1
VRC40.02,R3265_C6,1
PGDM1400,V703_1104_100_RE10GS,1
VRC01,TSG_EHI53,1
N49P11,T278_50,1
VRC-PG04,3305_BM_C11,1
3BNC117,21502011_F12_E2,1
10E8,MUW100708A_EC02,1
PCT64-35B,JRCSF,1
PG16,1209_BM_B21,1
ACS202,V704_1835_150_RE_P001S_2484A,1
10-1074,21197826_V1,1
3BNC117,2319_V7_C1_4,1
VRC-CH31,3637_V5_C3,1
VRC01,EN_AE_E11_137088_137,1
EN02_04_A06,CAP363_2_00_10_3,1
DH511.5,PVO_4,1
DH270.1,3873_V1_C24,1
12A21,WEAU_D15_410,1
PGDM1400,PG37081_J36,1
PGDM1400,330_16_H2,1
VRC46.01,3337_V2_C6,1
10E8v4,V703_1104_100_RE10GS,1
PCIN71O,DH12,1
VRC43.01,45_01DG5,1
PGT123,P1981_C5_3,1
VRC01,1HD2_PREINF_051916_B4_S62,1
3BNC117,9372_BL_E6_1,1
VRC40.01,191821_E6_1,1
N49P11,DU172_17,1
BG18,TSG_EHI28,1
PCT64-24G,92TH021,1
BG38,247_23,1
CH04,THRO4156,1
DH1003.2,JRFL,1
DH475,CH848_D1432_5_41,1
N6LS.C1,CNE31,1
4E10,TV1_21,1
HGN194,CH181_12,1
VRC07-523LS.v32,0439_V5_C1,1
12A12,6952_V1_C20,1
NIH45-46,VIRULENTB_11,1
VRC07-523LS.v11,C1080_C3,1
561_02_12,6240_08_TA5_4622,1
N6LS.C51,25711_2_4,1
EN02_01_D03,ZM214_15,1
PGDM1400,5257_V7_G10_1,1
N49P9.3,R2184_C4,1
N6LS.C1,0439_V5_C1,1
HERH-c.01,BX08_16,1
PGT135,X2088_C9,1
10E8,SC13_EC26,1
VRC03,1006_11_C3_1601,1
PC39-50E,DH12,1
VRC08e,TRO_11,1
2F5,TV1_29,1
PG9,YN189_52,1
DH270 IA4,92RW020_2,1
ACS114,AMC009_1B5,1
VRC01,TSG21S01E0017_STM16E,1
ACS117,PVO_4,1
N49P7,A03349M1_VRC4A,1
PGT135,3637_V5_C3,1
3BNC117,57128_VRC15,1
VRC34.01_mm28,CNE40,1
VRC-PG04,231965_C1,1
3BNC117,9343_D0_S60_A1,1
EN02_04_A06,V704_1706_050SN,1
iMab,6480_V4_C25,1
8ANC131,T255_34,1
PGDM1400,S30108_217WK_C42,1
RHA1.V2.01,001428_2_42,1
PGDM1400,CH181_12,1
VRC26.07,KER2018_11,1
VRC07-523LS.v11,PVO_4,1
N49P7,3168_V4_C10,1
VRC26.27,CNE55,1
3BNC117,VRC607_9_00_C9,1
179NC75,C2101_C1,1
PG9,CAAN5342,1
3BNC117,6292_V7_G10_4,1
10E8,S30743_346WK_C88,1
10-1074,6113_V14_D8_2,1
PC39-45A,DU422_1,1
DH511.12P,CH038_12,1
DH511.12P,DU151_02,1
VRC01,SC62_EC108,1
N6LS.C51,3168_V4_C10,1
2F5,UG024_2,1
VRC-CH31,0702_BM_H12,1
SF12,X1254_C3,1
10-1074,CT565_C7_48,1
561_02_12,0984_V2_C2,1
Min12A21,RHPA4259_7,1
SF5,231965_C1,1
3BNC117,1HD6K_W8_072616_F2_S69,1
PC39-50I,WEAU_D15_410,1
VRC06d,TRO_11,1
N49P9.1,CNE8,1
CH04,Q168_A2,1
3BNC117,91C22_W16_S42_B7,1
N6LS.C1,UG021_16,1
PG9,CT565_C7_48,1
VRC46.01,BAL_01,1
Bess4,ZM53_12,1
10-1074,AIIMS704_70401,1
VRC03,1056_10_TA11_1826,1
VRC03,ZM249_1,1
2G12,B013_ENV02,1
N6LS.C35,AC10_29,1
SF12,DU422_1,1
PGT152,PVO_4,1
EN02_01_D03,96ZM651_02,1
10-1074,16845_2_22,1
VRC01,VC5_15_136428_074,1
VRC01,PRB926_04_A9_4237,1
N6LS.C51,26191_2_48,1
PGDM13,92RW020_2,1
10E8v4,V704_0513_150_RE_PBLIB003_S,1
PCIN71L,MS208_A1,1
VRC01,6240_08_TA5_4622,1
BG18,V703_1104_100_RE10A5S,1
3BNC60,R1166_C1,1
10E8,CBJC515_08_31,1
VRC26.18,BG505_W6M_C2,1
10E8,CNE19,1
PC39-28C,CAAN5342,1
N6LS.C49,6101_1,1
VRC-CH31,JRCSF,1
VRC01,V704_0298_180_RE_CS,1
N49P22,T255_34,1
VRC41.02,DJ263_8,1
VRC34-pI3,25925_2_22,1
3BNC117,3337_V2_C6,1
10E8,S32224_174WK_C33,1
VRC08d,TRO_11,1
VRC-CH31,BJOX010000_06_2,1
561_01_18,TSG23Y07A0013_A13,1
PGDM1400,704010083_B8,1
PGDM1400,235080_3G7_REV,1
DH1317.9,6952_V1_C20,1
HERH-c.01,TRJO4551_58,1
561_01_18,V704_1712_090SN,1
PCT64-35D,JRCSF,1
MinVRC01,X1193_C1,1
VRC01,3016_V5_C45,1
2F5,B013_ENV02,1
EN02_04_A06,V703_1453_240_RE_PBLIB002_S,1
PGT151,SC20_EC01,1
8ANC195,0013095_2_11,1
PCT64-24E,191955_A11,1
ACS202,CNE8,1
N49P19,CNE19,1
1C2-rabbit,UG037_8,1
4E10,EN3C088,1
8ANC131,QH209_14M_A2,1
PGDM1400,BG505_W6M_C2,1
EN02_04_A06,6244_13_B5_4567,1
PGDM1400,2990_BL_F1_1,1
VRC01,CAP327_2_00_C6_37,1
VRC02,0013095_2_11,1
VRC07-523LS.v14,BR07,1
VRC40.02,3873_V1_C24,1
VRC01,JRCSF,1
M1214_N1.2,CNE17,1
N6LS.C49,3337_V2_C6,1
DH270.3,ZM55_28A,1
PGT142,16936_2_21,1
HJ16,HT593_1,1
PG9,3718_3_11,1
M1214_N2,Q842_D12,1
VRC07-523LS.v14,92RW020_2,1
VRC23,M02138,1
10-1074,6292_BL_G2_1,1
2G12,NL43,1
DH270.6,Q23_17,1
2413b,C2101_C1,1
PC39-23B,SS1196_1,1
7H6,B002_ENV03,1
3BNC60,Q168_B23,1
447-52D,JRCSF,1
PGT151,AIIMS704_70414,1
10-1074,SC26_EC40,1
VRC-CH31,CNE19,1
PGDM1400,T250_4,1
N6LS.C35,ZA012_29,1
PG9,SC26_EC05,1
EN02_04_A06,V703_1551_143S_2G8,1
PGDM1400,C1080_C3,1
BG18,TSG21N01S007,1
DH851.2,THRO4156,1
J038,DU156_12,1
VRC42.N1,T280_5,1
VRC01,CNE10,1
PC39-55D,KNH1144,1
3BNC117,2319_BL_H7_1,1
PGDM1400,B006_ENV02,1
PGT142,RHPA4259_7,1
VRC-CH31,CH181_12,1
10-1074,MUW101273A_EC02,1
1-79,NAB01_C24_REV,1
3BNC117,VRC607_5_28_C7,1
BG18,BJOX028000_10_3,1
PGDM1400,2990_V7_C1_4,1
2411a,DJ263_8,1
10E8v4,CNE15,1
48d,SS1196_1,1
HERH-a.01,45_01DG5,1
10-1074,AIIMS731_73105E,1
VRC07-523LS.v32,16936_2_21,1
2F5,BL035_W6M_A1,1
VRC34.01_mm28,WITO4160_33,1
3BNC117,S30725_597WK_C70,1
2G12,CBJC515_08_26,1
N49P9.3,DU172_17,1
VRC43.01,6095_V1_C10,1
iMab,6244_13_B5_4567,1
MinVRC01,89_6,1
2F5,193003_B10,1
10E8,92BR025_9,1
1C2-rabbit,246_F3_C10_2,1
PCT64-35B,CNE17,1
VRC46.01,246_F3_C10_2,1
N49P11,R3265_C6,1
N49P7.2,C1080_C3,1
VRC-PG20,ZM249_1,1
N49P7,BAL_01,1
VRC-CH31,3365_V2_C20,1
CH01,R3265_C6,1
10E8,VRC607_1_35_A9,1
2G12,BX08_16,1
PGDM1400,001428_2_42,1
PGT136,98CN009,1
LJF-0085,BG505_W6M_C2,1
4E10,X2687_F3,1
Z13,MUW101091A_EC07,1
VRC26.03,16936_2_21,1
VRC01,15JS79,1
561_02_12,20286961_C1_H8,1
PG9,VC4_15_130811_226,1
VRC01-5fH/10fL,TRO_11,1
10-1074,556_F2_3_25,1
1C2-rabbit,KER2018_11,1
EN02_01_D03,6540_V4_C1,1
VRC-PG04b,ZM214_15,1
4E10,CNXJ0651_9,1
VRC01,100155M_51,1
EN02_04_A06,V704_2788_060EN_12,1
2F5,92US715,1
4E10,UG021_16,1
Bess1,ZM249_1,1
BG18,AIIMS704_70414,1
10E8,AIIMS706_70607A,1
VRC-PG04,6480_V4_C25,1
vFP49.02,3168_V4_C10,1
VRC-PG20,Q842_D12,1
10E8,ZA012_29,1
PGT126,SHX335_24,1
VRC01,11_3_J9,1
AIIMS-P01,DU422_1,1
PCIN71C,DU156_12,1
10E8,CNE46,1
GPZ6-a.01,16936_2_21,1
VRC40.02,QH209_14M_A2,1
N49P7,CAP307_2_00_24_1,1
VRC-PG04,3337_V2_C6,1
A32,TH023_6,1
VRC01d,TRO_11,1
VRC02,Q259_17,1
PGT143,C1080_C3,1
561_01_18,V704_1654_760_RE_PBLIB006_S,1
VRC01,V704_1969_210_RE_PBSGA002_S,1
EN02_01_D03,QH0692_42,1
N6LS.C35,TH976_17,1
CH01,T251_18,1
N6LS.C49,TRO_11,1
PGDM1400,CAP363_2_00_10_3,1
Ab1271,T250_4,1
4E10,0933_V4_C4,1
VRC24,AC10_29,1
VRC-PG20,3637_V5_C3,1
DH270.2,DU156_12,1
VRC01,TSG_EHI32,1
HJ16,16055_2_3,1
1F7,THRO4156,1
DFPH-a.03,CAP210_E8,1
VRC40.02,16936_2_21,1
V031-a.01,T250_4,1
8ANC195,92US715,1
PGT151,CNE17,1
CH04,SC12_EC9,1
CH01,427299_C12,1
N49P7,HXB2,1
N49P22,16845_2_22,1
CH103,1394_C9G1,1
PGT143,T250_4,1
10E8v4,V704_1991_230_RE_P002S_1194T,1
VRC01,CBJC515_05_25,1
N6LS.C49,M02138,1
N6LS.C49,R3265_C6,1
N6LS.C51,R1166_C1,1
VRC-CH31,GX54_6,1
PGT143,APV_6,1
561_01_18,CAP323_2_00_B6_45,1
PG9,QB099_391M_B1,1
S98,JRFL,1
10E8,SO607_B6_9,1
PC39-50C,DH12,1
DH563,JRFL,1
3BNC117,693_7312_V7_D8_8_REBOUND,1
VRC01,V703_0790_190_RE_E5G1S,1
VRC-CH31,96ZM651_02,1
EN02_04_A06,ZA012_29,1
179NC75,PVO_4,1
VRC01-5fH/6fL,BAL_01,1
PG9,CAP308_2_00_E11_35,1
7H6,TRO_11,1
N49P7.1,CNE19,1
3BC315,UG024_2,1
VRC01,FR_1999_46,1
3BNC117,BJOX028000_10_3,1
MinVRC01,ZM214_15,1
10E8-2fH/0fL,JRCSF,1
F105,UG024_2,1
2F5,SPK_0525_13,1
VRC-CH33,Q842_D12,1
PGZL1.H4K3,X1254_C3,1
VRC03,R2184_C4,1
PC39-23B,DH12,1
VRC-CH31,6041_V3_C23,1
179NC75,SC422_8,1
1F7,92BR020,1
DH511.5,TRJO4551_58,1
12A21,89_6,1
PCT64-35B,X1193_C1,1
M1214_N1.2,PVO_4,1
3BC315,DU151_02,1
CH103,6101_1,1
DH851.2,SC422_8,1
VRC01,CAP225_1_06_A2_18,1
10E8-0fH/4fL,Q23_17,1
VRC40.01,TH966_8,1
10E8,DRVI01_0912_2,1
PCT64-35M,CNE17,1
1C2-rabbit,0260_V5_C36,1
N49P9.3,R3265_C6,1
PGZL1,16055_2_3,1
PG9,EN1_120250_079,1
PC39-55D,92BR020,1
NIH45-46,92BR025_9,1
PG9,TZBD_02,1
PC39-55C,AC10_29,1
N49P7.2,CAP210_E8,1
VRC01,1HD2_PREINF_051916_D8_S66,1
IOMAmin3,CE1086_B2,1
RHA1.V2.01,191821_E6_1,1
2158,DJ263_8,1
10E8v4,C4118_9,1
PG16,BF329,1
VRC07-523-F54-LS.v3,928_28,1
MEL-1842,CNE8,1
PCDN-27D,6535_3,1
PGDM1400,704010069_C6,1
N6LS.C1,JRFL,1
VRC07-523LS.v32,Q842_D12,1
10E8v4,V704_2164_030_RE_P002S,1
PGT151,SC26_EC34,1
10E8v4,V704_0892_090_RE_P003S,1
PG9,BC01,1
PGT143,C4118_9,1
PGZL1,T278_50,1
V033-a.01,TH966_8,1
3BNC117,693_7989_V9_B8_14_REBOUND,1
10E8,SHIV_CNE40_JD14_W29_11,1
PGT131,92RW026,1
3BNC117,3728_V2_C6,1
J038,WITO4160_33,1
LJF-0034,JRFL,1
LJF-0087,3637_V5_C3,1
DH851.1,CNE53,1
HERH-c.01,PVO_4,1
10-1074,722_G4_16,1
N6LS.C49,3468_V1_C12,1
SF12,S30440_173WK_C66,1
PGZL1.H4K3,CAAN5342,1
DH563,TRO_11,1
PGT123,57128_VRC15,1
N6LS.C58,TH966_8,1
4E10,CBJC504_09_21,1
2411a,BB539_2B13,1
HERH-c.01,00836_2_5,1
BG18,TSG22Y05E0033_BL33,1
VRC34.01_mm28,0260_V5_C36,1
N49P7,242_14,1
N49P7,SO032_A2_8_1,1
10E8,CE0985_H7,1
PGDM1400,V704_3000_240_RE_PBSGA002_S,1
M1214_N2,231965_C1,1
N6LS.C35,MB201_A1,1
VRC43.01,QH209_14M_A2,1
VRC01,XJ180_29,1
VRC-CH31,Q259_W6,1
PCT64-24E,235_47,1
NIH45-46,3873_V1_C24,1
4E10,09GX268,1
PGDM1400,2990_V7_C10_3,1
PCDN-33A,1056_10_TA11_1826,1
VRC01,703010010_C4,1
VRC23,BS208_B1,1
3BNC117,VRC607_13_14_G12,1
2F5,CNE18,1
PC39-50C,TRO_11,1
8ANC131,89_6,1
IOMAmin3,THRO4156,1
PGDM1401,T255_34,1
VRC07-523-F54-LS.v3,C1080_C3,1
V033-a.01,BG505_W6M_C2,1
BG24,231966_C2,1
VRC42.I3,NKU3006_EC1,1
VRC44.02,16936_2_21,1
4E10,20358510_01,1
N49P7,191955_A11,1
PC39-28A,ZM214_15,1
LJF-0024,KNH1144,1
HERH-a.01,MB539_2B7,1
PGT151,3637_V5_C3,1
PG9,SIV_CPZ_CAM13,1
VRC01,CNE11,1
3BNC60,231965_C1,1
3BNC117,155_2_C_AS_6,1
561_02_12,X1193_C1,1
10E8v4,89_6,1
VRC03,4403_BM_G1,1
VRC01,CNE55,1
VRC40.01,3637_V5_C3,1
VRC-PG04b,25711_2_4,1
PGT151,MUW101273A_EC05,1
6561-a.01,C1080_C3,1
PG9,AIIMS743_74311A,1
2F5,Q842_D12,1
IOMA-HC-DDE,CNE30,1
vFP53.02,BX08_16,1
PG9,714903902_23,1
PGDM1400,2869751_A4_D3,1
10-1074,CT533_T23B_36,1
VRC01,100046I_3_2,1
VRC38.08,JRFL,1
N49P7.2,62357_14_D3_4589,1
10-1074,693_7989_V2_F9_4_BASELINE,1
TRNM-a.01,CNE15,1
PGDM1400,ZM53_12,1
561_01_18,V704_2150_230_RE_E05S,1
N49P11,6540_V4_C1,1
PG9,GX73_29,1
VRC44.01,X1193_C1,1
VRC07-523-F54-LS.v3,ZM249_1,1
vFP53.02,BG505_W6M_C2,1
VRC26.12,3016_V6_C3,1
PC39-55C,CNE53,1
VRC38.08,JRCSF,1
12A21,CNE8,1
VRC01,BC02,1
PGT142,C4118_9,1
VRC06b,TZBD_02,1
1C2-rabbit,ZM249_1,1
N6LS.C1,26191_2_48,1
MEL-1842,Q259_17,1
PGT126,JRFL,1
PGDM1400,Q259_17,1
10E8v4,V704_0340_150ESN,1
VRC01-8fH/10fL,KER2018_11,1
10E8,X2131_C1_B5,1
iMab,MS208_A1,1
VRC01-30fH/10fL,CAAN5342,1
10-1074,AIIMS743_74311B,1
VRC40.02,0077_V1_C16,1
VRC43.01,TRJO4551_58,1
VRC-PG20,C1080_C3,1
RHA1.V2.01,Q168_A2,1
NIH45-46,CNE30,1
2F5,20883229_C9_H6,1
Z13,SC12_EC4,1
3BNC60,6952_V1_C20,1
1C2-rabbit,6101_1,1
3BNC117,VRC607_13_14_G13,1
3BNC117,1536_V15_C11_2,1
PGDM1400,2305_BL_H4_3,1
N6LS.C30,CAP45_G3,1
3BNC117,S50741_847WK_C12,1
DH851.2,TRO_11,1
PGZL1,C1080_C3,1
DH272,Q23_17,1
N6LS.C58,H086_8,1
N6LS.C51,A03349M1_VRC4A,1
VRC43.02,TH966_8,1
M1214_N1.2,CAAN5342,1
N60P31.1,C3347_C11,1
VRC26.09,001428_2_42,1
1F7,JRFL,1
2F5,1056_10_TA11_1826,1
DH511.12P,DJ263_8,1
2G12,CNE4,1
PG9,00836_2_5,1
PG9,3988_25,1
RHA10.04,C2101_C1,1
2F5,AMC009_1B5,1
RHA10.04,ZM214_15,1
HG107,TH023_6,1
10E8,CE0626_E6,1
EN02_04_A06,6041_V3_C23,1
10-996,16845_2_22,1
VRC34-pI3,001428_2_42,1
HJ16,VI829,1
10-1074,1HB1_D0_012016_F10_S11,1
4E10,UNC6316_11,1
Bess1,T257_31,1
179NC75,6244_13_B5_4567,1
RHA1.V2.02,246_F3_C10_2,1
DH511.12P,CH070_1,1
N49P9.1,THRO4156,1
ElsE1,T257_31,1
PCIN71I1a,TRO_11,1
N49P7.1,C4118_9,1
N6LS.C49,T280_5,1
2413b,NKU3006_EC1,1
LJF-0085,KNH1144,1
PG16,100046I_3_2,1
DH851.2,0260_V5_C36,1
V031-a.01,T257_31,1
V031-a.01,001428_2_42,1
4E10,NAB01_C21_REV,1
PCDN-33A,6480_V4_C25,1
PG9,RBF189,1
3BNC117,SO225_H11_12,1
VRC01,714903902_25,1
PG16,GX33M_25,1
ACS202,3337_V2_C6,1
N6LS.C51,ZM249_1,1
PCIN71L,ZM249_1,1
N49P9.1,CNE17,1
VRC01,19157834_V1,1
PGT126,94UG103,1
LJF-0087,BG505_W6M_C2,1
7H6,SC26_EC05,1
3BNC117,693_1969_V11_B1_7_REBOUND,1
PG9,VLGC_B3,1
PGDM12,CNE20,1
PGT126,MUW100708A_EC11,1
J038,T278_50,1
2413b,3337_V2_C6,1
N6LS.C49,R1166_C1,1
VRC26.27,T280_5,1
VRC42.N1,R1166_C1,1
VRC07-523LS.v11,TH023_6,1
EN02_04_A06,3514597,1
4E10,3603_C11_13,1
N6LS.C30,0013095_2_11,1
PC39-23D,93IN905,1
DJ85-a.01,CNE55,1
4E10,AIIMS704_70406,1
DH511.11P,BX08_16,1
1-79,NAB01_C21_REV,1
561_01_18,TSG22Y04A0011_H11,1
BG24,6244_13_B5_4567,1
DJ85-a.01,CNE19,1
HERH-a.01,X1193_C1,1
EN02_01_D03,0921_V2_C14,1
PGT131,BAL_01,1
HERH-a.01,BAL_01,1
2413b,3468_V1_C12,1
PG9,CNE23,1
VRC26.03,P1981_C5_3,1
10-1074,ME067_A10_15,1
PG9,4403_BM_G1,1
VRC40.01,ZM249_1,1
1F7,92RW026,1
VRC40.02,6095_V1_C10,1
VRC26.09,KNH1144,1
PGDM1400,AIIMS704_70405,1
561_02_12,CAP323_2_00_B6_45,1
EN02_04_A06,V704_1930_170_RE_C02S_1523G,1
VRC01-8fH/6fL,THRO4156,1
PGT126,GZ30_6,1
PC39-23D,001428_2_42,1
DH1317.9,W61D_TCLA_71,1
PGDM1404,T257_31,1
VRC07-523LS.v14,96ZM651_02,1
VRC01,VC4_15_130811_121,1
N6LS.C58,SC422_8,1
PGT135,UG024_2,1
DH511.3,DU172_17,1
4E10,92US715,1
VRC-PG04b,Q168_A2,1
4E10,AIIMS731_73105D,1
PG16,HEB46_6,1
VRC42.I3,45_01DG5,1
PG9,VC5_15_136428_055,1
PC39-50F,SS1196_1,1
4E10,B005_ENV03,1
VRC01,2969249,1
VRC44.01,BJOX028000_10_3,1
10-1074,CAAN5342,1
12A12,X1193_C1,1
N49P22,1006_11_C3_1601,1
3BNC117,693_7989_V2_F9_4_BASELINE,1
4E10,700010040_C9_4520,1
3BNC117,FR_2001_49,1
DH511.5,JRCSF,1
PC39-55C,KNH1144,1
N6LS.C1,T280_5,1
VRC01,FR_2012_166,1
ACS117,Q842_D12,1
EN02_04_A06,A03349M1_VRC4A,1
VRC01,19314479_A2_5,1
DH511.11P,T255_34,1
N49P11,928_28,1
HERH-a.01,JRFL,1
N49P22,CNE52,1
10-996,6811_V7_C18,1
EN02_04_A06,20258279_V2,1
PGT125,6811_V7_C18,1
N6LS.C51,X2088_C9,1
HERH-c.01,TH976_17,1
CH01,S50408_1083WK_C40,1
VRC06,UG021_16,1
PCIN71I1a,92RW020_2,1
PG9,CM235_2,1
VRC03,AIIMS731_73105E,1
10E8,AIIMS743_74311A,1
LJF-0024,Q168_A2,1
PC39-23D,92RW020_2,1
Bess1,Q259_17,1
VRC01,VIRULENTB_16,1
PC39-50I,X1193_C1,1
PCIN71I1a,6952_V1_C20,1
N6LS.C35,DJ263_8,1
VRC34.01_mm28,25925_2_22,1
PG9,Q23_17,1
VRC07-523LS.v32,6322_V4_C1,1
PGDM1400,CT977_69_12,1
8ANC195,3415_V1_C1,1
N6LS.C1,3637_V5_C3,1
4E10,1209_BM_B21,1
VRC26.02,3016_V6_C3,1
PGT125,TRJO4551_58,1
179NC75,A07412M1_VRC12,1
4E10,NAB01_PA,1
2F5,SC12_EC4,1
PGDM1400,A07412M1_VRC12,1
VRC23b,Q23_17,1
179NC75,Q769_D22,1
3BNC117,TSG21N01F003,1
VRC03,CNE8,1
SF12,247_23,1
IOMA-HC-DDE,3415_V1_C1,1
VRC26.09,191955_A11,1
CH01,TH966_8,1
PCDN-33A,X1193_C1,1
8ANC131,ZM214_15,1
EN02_04_A06,V704_2544_140EN01,1
3BNC117,102_BT_SGA6,1
PC39-50K,P1981_C5_3,1
NIH45-46,3305_BM_C11,1
VRC06,QH0692_42,1
PC39-55C,PVO_4,1
ElsE2,T250_4,1
10-1074,MUW101273A_EC03,1
PCIN71L,1056_10_TA11_1826,1
VRC07-523LS.v14,16845_2_22,1
3BNC117,AC10_29,1
BF520.1,PVO_4,1
IOMA,6240_08_TA5_4622,1
10E8,434239_AA058_A04R,1
DH511.11P,6535_3,1
1C2-rabbit,X2131_C1_B5,1
VRC07-523-F54-LS.v3,PVO_4,1
3BNC117,SC21_EC05,1
CH01,CNE53,1
4E10,6650_V1_C8,1
LJF-0024,CH181_12,1
N49P7,TZA125_17,1
VRC07-523LS.v14,CNE20,1
4E10,3415_V1_C1,1
CH01,3415_V1_C1,1
VRC-CH31,Q769_D22,1
PG16,EN1_120250_005,1
NIH45-46,WITO4160_33,1
PC39-50H,BAL_01,1
PGDM1404,T255_34,1
EN02_04_A06,UG021_16,1
10-1074,QH0692_42,1
PCT64-24E,P1981_C5_3,1
2413b,3873_V1_C24,1
VRC01,TSG23Y07A0012_A12,1
PGT124,JRFL,1
PCIN77B1b,92RW020_2,1
N6LS.C49,TZBD_02,1
VRC01,714903902_12,1
N60P1.1,TRO_11,1
N6LS.C30,6101_1,1
0.5gamma,JRFL,1
12A21,3365_V2_C20,1
EN02_04_A06,CAP45_G3,1
2413a,45_01DG5,1
4E10,079_PBMC_SGA17,1
N6LS.C58,T251_18,1
NIH45-46,BR07,1
PGDM1400,Q769_D22,1
DFPH-a.03,JRFL,1
48d,CNE4,1
4E10,MUW101091A_EC02,1
VRC01,V703_0514_150ES_A4_V02_028,1
PGT136,UG024_2,1
N6LS.C51,0439_V5_C1,1
VRC42.N1,UG037_8,1
VRC42.I3,UG024_2,1
N6LS.C35,6785_V5_C14,1
DH511.12P,3365_V2_C20,1
J038,BB539_2B13,1
DH1317.8,HXB2,1
0PV-c.01,H086_8,1
8ANC131,6785_V5_C14,1
VRC26.09,928_28,1
7H6,MUW101091A_EC10,1
CH103,CNE20,1
10E8,3168_V4_C10,1
CH01,001428_2_42,1
VRC01,V704_0011_240_RE_PB002_S,1
DH270min12,X2088_C9,1
PC39-28C,1056_10_TA11_1826,1
PGT135,6240_08_TA5_4622,1
RHA1.V2.04,246_F3_C10_2,1
ACS101,CE0393_C3,1
VRC26.32,KER2018_11,1
3BNC117,CAP327_2_00_C6_37,1
N6LS.C30,ZM55_28A,1
PCIN71I1a,C1080_C3,1
PGT126,AC10_29,1
VRC01,4403_BM_H22,1
PC39-50A,QH0692_42,1
DH511.12P,Q259_17,1
15e,BX08_16,1
0PV-c.01,Q23_17,1
gVRC-H1dC38/VRC01L,ZM214_15,1
PGDM1400,ZENV07_0504_15,1
PGDM1400,V703_0646_051SN,1
561_01_18,3426_V5_C17,1
4E10,CE0089_G2,1
DH270.1,ZM214_15,1
PC39-55C,JRCSF,1
TRNM-f.01,6785_V5_C14,1
PGDM12,ZM214_15,1
VRC01,X2131_C1_B5,1
N6LS.C58,RHPA4259_7,1
EN02_04_A06,V704_2981_150_RE_P001S_2559A,1
PGT123,APV_17,1
PG16,92RW024,1
PC39-28C,CE1172_H1,1
IOMA,CNE15,1
3BNC117,M02138,1
PGT151,P1981_C5_3,1
VRC26.06,CH038_12,1
VRC-CH31,CNE52,1
561_02_12,ME178_G6_16,1
PC39-28E,DU156_12,1
VRC38.03,KER2018_11,1
PG9,TSG21N01N025,1
PGDM1400,199_1_C_AG_1,1
AIIMS-P01,DU156_12,1
EN02_04_A06,V703_2631_150_RE_E2F8S,1
3BNC117,704_W5_P_06_19_A3_S59,1
VRC01,AIIMS706_70607A,1
ACS117,6540_V4_C1,1
V031-a.01,Q842_D12,1
Z13e1,CNE10,1
10E8,09GX268,1
10E8,3718_3_11,1
VRC01,0301_BM_A12,1
DH270.1,PVO_4,1
10E8v4,V704_2524_240ESN_A,1
CH103,92US715,1
3BNC117,A07412M1_VRC12,1
VRC34-pI3,P1981_C5_3,1
DF1W-a.02,ZM55_28A,1
vFP49.02,DJ263_8,1
N6LS.C51,BJOX010000_06_2,1
VRC02,231965_C1,1
4E10,09GX286,1
VRC01,TSG22Y04A0005_H5,1
BG24,0013095_2_11,1
VRC01,356272_C02,1
N6LS.C49,0260_V5_C36,1
N6LS.C51,231965_C1,1
PCT64-35M,CNE3,1
PC39-50L,6535_3,1
10-996,62357_14_D3_4589,1
PC39-45A,DU172_17,1
HERH-c.01,3415_V1_C1,1
N6LS.C30,6322_V4_C1,1
ACS101,H029_12,1
MinVRC01,94UG103,1
1C2-rabbit,CNE19,1
EN02_04_A06,CE0393_C3,1
PGDM1400,THRO4156,1
CH04,9004SS_A3_4,1
PC39-50K,CE1172_H1,1
gVRC-H1dC38/VRC01L,WITO4160_33,1
179NC75,0330_V4_C3,1
VRC40.02,DU156_12,1
VRC01-5fH/10fL,ZA012_29,1
PGT142,92RW024,1
VRC01,SC12_EC6,1
N60P31.1,6244_13_B5_4567,1
PGDM1400,TSG21N01N013,1
IOMA,M02138,1
PC39-28C,92RW020_2,1
PG16,AIIMS706_70607A,1
10E8,VRC607_9_00_C10,1
3BC315,DU422_1,1
PG9,TSG22Y02E0037_DE37,1
VRC-PG04b,DJ263_8,1
VRC26.02,T250_4,1
VRC43.01,DJ263_8,1
PGT152,CNE19,1
4E10,703010228_1C4,1
GPZ6-a.01,CNE30,1
VRC-CH31,BS208_B1,1
VRC-PG04,NL43,1
N6LS.C58,PVO_4,1
VRC03,700010040_C9_4520,1
DH270.6,45_01DG5,1
SF12,CE1086_B2,1
VRC34.01_mm28,BG505_W6M_C2,1
PGT126,JRCSF,1
N6LS.C35,6095_V1_C10,1
2411a,MS208_A1,1
PGDM1401,191955_A11,1
PG16,AIIMS706_70607B,1
MEL-1842,BG505_W6M_C2,1
PGT151,V703_1298_080_RE_PBLIB002_S,1
4E10,AIIMS709_70931B,1
VRC26.14,DU422_1,1
IOMAmin5,3415_V1_C1,1
VRC26.09,Q23_17,1
4E10,CAP301_2_00_C3_20,1
VRC01,AE01,1
12A21,ZM214_15,1
VRC07-523LS.v14,T251_18,1
10-996,DU422_1,1
10E8,MS208_A1,1
3BNC117,VRC607_12_00_F1,1
2F5,HN15A_27,1
VRC40.02,TH976_17,1
VRC01,TSG_EHI45,1
VRC01,15JS76,1
BG18,TSG21N01N013,1
10-1074,DU172_17,1
PG16,GZ30_6,1
EN02_01_D03,P1981_C5_3,1
V033-a.01,242_14,1
VRC01,VC2_15_130809_092,1
N49P22,WEAU_D15_410,1
PGT151,V703_1915_250_RE_SGAA3_S,1
DJ85-a.01,Q259_17,1
EN02_04_A06,V704_2541_080_RE_P003S,1
ElsE2,0330_V4_C3,1
PG9,CNE58,1
VRC07-523LS.v32,BR07,1
VRC46.01,SC422_8,1
V033-a.01,R3265_C6,1
PG16,DU156_12,1
PG16,714910601_19,1
VRC07-523-F54-LS.v3,CNE31,1
10-1074,9342_D0_S15_B7,1
561_01_18,556_F2_3_25,1
VRC26.10,ZM53_12,1
3BNC117,TZBD_02,1
10E8,VRC607_6_00_G5,1
3BNC117,191882,1
VRC06b,CH181_12,1
VRC01,V704_0893_180_RE_P002S,1
3BNC117,MUW104349A_EC05,1
DH511.11P,6322_V4_C1,1
2413b,0260_V5_C36,1
3BNC117,15JS47,1
TRNM-f.01,231965_C1,1
PG9,SHX335_24,1
10-1074,91C35_D0_S14_A3,1
vFP7.04,Q23_17,1
N49P7.1,X2131_C1_B5,1
J038,231965_C1,1
ACS202,25925_2_22,1
VRC-PG20,KER2018_11,1
iMab,1394_C9G1,1
10E8,AIIMS731_73105C,1
VRC06b,SC422_8,1
VRC-PG04b,HT593_1,1
DH511.1,ZA012_29,1
VRC46.01,928_28,1
12A12,T280_5,1
10E8v4,UG037_8,1
IOMAmin3,CAAN5342,1
PG9,714903902_46,1
10E8,BS208_B1,1
VRC-CH31,0702_BM_B4,1
N6LS.C58,BJOX010000_06_2,1
NC-Cow1,QH0692_42,1
10-410,PVO_4,1
2F5,BK184_W6M_D2,1
GPZ6-a.01,CAP45_G3,1
PGZL1.H4K3,CE1172_H1,1
PG16,714910601_21,1
10E8,KO243_H6_3,1
PGT126,BC06,1
NC-Cow1,6952_V1_C20,1
10-1074,X2088_C9,1
2F5,CNE11,1
CH103,HXB2,1
PC39-50D,TRJO4551_58,1
3BNC117,703010010_C4,1
N49P11,CE0393_C3,1
Min12A21,Q769_D22,1
VRC01,100890I_2_4,1
VRC44.01,R2184_C4,1
PC39-28E,Q23_17,1
PGT141,92BR020,1
PGT125,UG037_8,1
V031-a.01,C1080_C3,1
VRC03g,TRO_11,1
vFP1.01,CNE19,1
10E8,6540_V4_C1,1
N6LS.C1,X2088_C9,1
VRC26.27,TV1_29,1
VRC02,783_V0_C51,1
N49P7,CT966_E1_7,1
10E8,TSG_EHI23,1
DJ85-a.01,JRCSF,1
PGT123,TRJO4551_58,1
VRC01,1HC2_D0_012216_H10_S82,1
VRC03,CNE55,1
N6LS.C35,P1981_C5_3,1
10E8,155_2_C_AF_6,1
PGT151,V704_2541_080ESN,1
3BNC117,VRC607_9_00_C3,1
N6LS.C1,UG024_2,1
EN02_04_A06,DU422_1,1
10-1074,FR_2012_177,1
PC39-50L,QH0692_42,1
PGDM1400,MS208_A1,1
PG9,VC2_15_140616_037,1
VRC-PG04,X2131_C1_B5,1
PGT152,CNE58,1
561_01_18,TSG23Y06A004_V4,1
PGDM1400,1HD6K_D0_061416_F12_S50,1
561_01_18,TSG23Y07A0012_A12,1
VRC07-523LS.v32,NKU3006_EC1,1
3BNC117,703010200_1E5,1
PG9,4403_BM_C5,1
Bess4,R2184_C4,1
10E8,HN40_40,1
2413b,BX08_16,1
3BC315,TH023_6,1
iMab,SIV_CPZ_BF1167,1
10E8,SC26_EC45,1
VRC-PG04,92RW008,1
EN02_04_A06,703010131_1E2,1
3BNC117,TSG23Y06A003_V3,1
PGT125,1056_10_TA11_1826,1
LJF-0085,CH181_12,1
4E10,BJOX011000_01_3,1
0PV-c.01,CNE40,1
PG16,YBF32,1
561_01_18,V704_0128_220_RE_PBLIB002_S,1
561_01_18,CE2060_G9,1
VRC01,2_J9,1
NIH45-46,HXB2,1
VRC26.27,0077_V1_C16,1
b13,HXB2,1
12A21,6480_V4_C25,1
10E8,GX24_8,1
VRC-CH31,XJ180_29,1
VRC42.I3,247_23,1
PGT126,BC14,1
PGT124,T250_4,1
VRC07-523LS.v14,X2131_C1_B5,1
PGDM1400,UG024_2,1
VRC07-523LS.v32,A07412M1_VRC12,1
10E8,TSG_EHI38,1
DH270.1,CNE12,1
HJ16,CH120_6,1
PC39-17C,TRJO4551_58,1
2413b,X2131_C1_B5,1
VRC43.01,246_F3_C10_2,1
BG24,Q769_D22,1
BG24,X1193_C1,1
PGDM1400,V704_0941_120SN,1
PGT151,MUW101273A_EC03,1
10-1074,1811_B3_23,1
VRC07-523LS.v14,TH976_17,1
0PV-c.01,BB201_B42,1
IOMA,ZM214_15,1
VRC07-523LS.v32,X2088_C9,1
PCDN-27B,SC422_8,1
VRC42.I3,57128_VRC15,1
PGDM1400,V704_1731_070EN_04,1
D5_FI,CNE55,1
10E8,093_LN_SGA9,1
1C2-rabbit,3415_V1_C1,1
CH01,XJ16_6,1
N6LS.C30,96ZM651_02,1
561_01_18,QH0692_42,1
EN02_04_A06,247_23,1
PGT142,P1981_C5_3,1
4E10,ETH2220_11B,1
DFPH-a.03,BAL_01,1
N49P9.1,C2101_C1,1
VRC-PG20,THRO4156,1
IOMA,3365_V2_C20,1
3BNC117,126652V01_EC3,1
VRC01,FR_2001_47,1
DH270.1,P1981_C5_3,1
DJ85-a.01,BG505_W6M_C2,1
PCIN71I1a,DU156_12,1
12A12,TZBD_02,1
PCT64-35G,WITO4160_33,1
J038,BJOX010000_06_2,1
PGZL1.H4K3,DU172_17,1
8ANC195,BX08_16,1
VRC01,CAP88_6M_C10,1
PGZL1.H4K3,SS1196_1,1
PGDM1400,705010067_TF,1
N49P7,T280_5,1
3BNC117,1HB3_D0_102915_C7_S56,1
PC39-50L,P1981_C5_3,1
ACS202,703010200_1E5,1
IOMAmin5,SC422_8,1
HERH-a.01,HXB2,1
VRC-CH31,KO426_T78_10,1
iMab,ZM214_15,1
iMab,89_F1_2_25,1
3BC315,0330_V4_C3,1
12A12,0077_V1_C16,1
1C2-rabbit,928_28,1
4E10,CE2103_E8,1
RHA10.01,Q842_D12,1
PG9,AIIMS706_70607C,1
PGDM1400,AIIMS706_70607B,1
PC39-55D,JRCSF,1
10-996,703010200_1E5,1
4E10,CE0393_C3,1
CH04,R3265_C6,1
561_01_18,235_47,1
DJ85-a.01,C4118_9,1
PC39-23D,X1254_C3,1
4E10,GX8C_31,1
3BNC117,329_16_C1,1
VRC42.N1,Q842_D12,1
VRC-PG04b,3873_V1_C24,1
8ANC131,3415_V1_C1,1
DH270 IA1,92RW020_2,1
PGDM1400,94UG103,1
0PV-b.01,CNE19,1
PG16,231966_C2,1
VRC01,VC4_15_130811_200,1
3BNC117,91C33_D0_S17_A3,1
PGZL1,R1166_C1,1
VRC01,AIIMS706_70606Z,1
EN02_04_A06,6101_1,1
VRC26.14,Q259_17,1
PGT124,CE1172_H1,1
BG18,X2131_C1_B5,1
PGDM1400,V704_0218_030CN,1
VRC01,1HD1_W4_012016_C11_S93,1
10-996,6480_V4_C25,1
DH511.11P,CNE8,1
8ANC131,3168_V4_C10,1
PCT64-35M,CH181_12,1
10E8,TSG22Y03E0023_B23,1
PGT124,001428_2_42,1
447-52D,57128_VRC15,1
12A12,6480_V4_C25,1
VRC01,V704_0478_160ESN,1
VRC26.09,16055_2_3,1
M1214_N2,1006_11_C3_1601,1
PGT126,CNE20,1
VRC01,1HC1_W4_070116_B8_S30,1
DJ85-a.01,CNE58,1
DH511.11P,TRO_11,1
PGDM1402,WITO4160_33,1
PGDM1400,329_14_B4,1
10E8,VRC607_8_14_B8,1
3BNC117,693_7989_V9_A4_1_REBOUND,1
PC39-45B,TRO_11,1
10-1074,6292_BL_B2_1,1
VRC-CH31,9004SS_A3_4,1
NIH45-46,4403_BM_G1,1
PGT153,0260_V5_C36,1
10E8,VRC607_15_00_J16,1
VRC-CH31,QH0692_42,1
PCT64-35M,C3347_C11,1
PGT142,APV_17,1
561_01_18,20286961_C1_H8,1
10E8v4,V704_0175_100SN,1
VRC44.02,QH0692_42,1
VRC23,ZM55_28A,1
SF5,247_23,1
CH98,DU151_02,1
PC39-50A,93IN905,1
N6LS.C30,KO426_T78_10,1
EN02_01_D03,16845_2_22,1
N49P7,SS1196_1,1
VRC01-5fH/10fL,KER2018_11,1
PGDM1400,5257_V7_D2_1,1
3BC315,3016_V5_C45,1
N6LS.C35,CAP45_G3,1
4E10,0907_V4_C12,1
ElsE1,CAP45_G3,1
561_01_18,TSG_EHI32,1
VRC26.31,Q168_A2,1
J038,MS208_A1,1
VRC26.31,CAP210_E8,1
4E10,703010217_B6_REV,1
VRC42.I3,SS1196_1,1
ACS101,X1193_C1,1
10E8v4,V704_2788_060EN_12,1
bNAb2101,CNE8,1
vFP1.01,BG505_W6M_C2,1
GPZ6-a.01,DU172_17,1
VRC01,VB106_J38,1
DH511.12P,235_47,1
DH270.3,AC10_29,1
10-1074,CAP304_2_00_F6_6,1
3BNC60,ZM53_12,1
IOMAmin5,235_47,1
561_01_18,TSG21S01A0005_C5,1
PGT135,93IN905,1
10E8,CBJC504_06_20,1
VRC-CH31,GX73_29,1
N6LS.C35,26191_2_48,1
2413a,001428_2_42,1
10E8,6240_08_TA5_4622,1
EN02_01_D03,928_28,1
CH12,P1981_C5_3,1
3BNC60,AC10_29,1
PGDM1400,R3265_C6,1
EN02_04_A06,V703_1240_201_RE_PBLIB003_S,1
N49P19,231966_C2,1
PG9,SC13_EC21,1
N6LS.C35,C3347_C11,1
VRC01,CBJC515_05_18,1
iMab,T250_4,1
VRC23b,92RW020_2,1
N49P19,CNE52,1
BG24,T255_34,1
561_01_18,CNE58,1
VRC-CH31,C1080_C3,1
DH511.12P,00836_2_5,1
VRC34.01_mm28,DU172_17,1
BG18,330_15_C36,1
N49P7,25925_2_22,1
RHA1.V2.01,KER2018_11,1
VRC01,CAP269_2_00_F11_1,1
12A21,CBJC515_05_26,1
VRC-CH31,T280_5,1
3BNC117,A08483M1_VRC9,1
10E8,XJ16_6,1
VRC42.I3,92RW020_2,1
10E8,VRC607_11_00_E7,1
10-1074,91C22_W14_S28_B3,1
VRC43.01,BJOX028000_10_3,1
BG18,TSG23Y06A003_V3,1
PCT64-35D,0330_V4_C3,1
3BNC117,693_1969_V11_A11_4_REBOUND,1
10-1074,T278_50,1
VRC38.01,MS208_A1,1
BG38,CNE55,1
3BNC117,CAP221_B14,1
2F5,NAB01_PA,1
HJ16,TH023_6,1
2411a,247_23,1
ACS101,1394_C9G1,1
VRC-PG04,3365_V2_C20,1
DH270.6,928_28,1
DF1W-a.02,BB201_B42,1
PGT151,079_BT_SGA3,1
DH511.11P,S32505_230WK_C18,1
4E10,BI206_W6P_A1,1
VRC-PG20,QH209_14M_A2,1
N6LS.C51,6785_V5_C14,1
VRC08d,CNE55,1
PC39-45B,93IN905,1
N6LS.C58,CAP45_G3,1
VRC42.I3,BR07,1
PGT151,V703_1848_190_RE_E6D1S,1
VRC-PG04,4403_BM_H22,1
PCT64-24E,CNE20,1
EN02_04_A06,6980_V0_C31,1
2411a,CNE19,1
VRC01,QA790_204I_A4,1
3BNC117,91C33_D0_S63_A5,1
EN02_01_D03,C1080_C3,1
VRC03,703010054_2A2,1
PGDM1400,7190_BL_A9_3,1
N6LS.C49,DU151_02,1
PGT123,ZA012_29,1
VRC43.01,3016_V5_C45,1
SF5,Q769_D22,1
BG24,P1981_C5_3,1
N6LS.C58,C3347_C11,1
DH511_I1,246_F3_C10_2,1
3BNC117,6095_V1_C10,1
10E8v4,V703_0013_090ES,1
438-B11,6535_3,1
N6LS.C1,MB539_2B7,1
PC39-50L,ZM214_15,1
10-1074,MUW104349A_EC05,1
DH851.2,620345_C1,1
DH270.1,16936_2_21,1
PC39-23A,0815_V3_C3,1
561_01_18,TSG23Y06A015_V15,1
VRC01,R3265_C6,1
RHA1.V2.01,Q23_17,1
3BNC117,TSG21S01A0005_C5,1
DH511.5,57128_VRC15,1
3BNC117,1536_V15_A12_4,1
CH01,BC02,1
6561-a.01,16055_2_3,1
PG9,TSG_EHI53,1
PGZL1.H4K3,3016_V5_C45,1
10E8,BJOX019000_02_1,1
VRC03,783_V0_C51,1
N6LS.C51,DU172_17,1
BG18,16845_2_22,1
VRC01,X2160_C25,1
N49P7,89_F1_2_25,1
VRC01,SC30_EC11,1
PC39-50C,DU156_12,1
VRC24,BAL_01,1
VRC01,V704_0562_160EN04,1
2F5,0907_V4_C12,1
N6LS.C30,3168_V4_C10,1
4E10,CAP88_6M_C10,1
4E10,6980_V0_C31,1
8ANC195,6101_1,1
N49P22,16055_2_3,1
vFP49.02,16936_2_21,1
EN02_01_D03,MB201_A1,1
PGT151,BS208_B1,1
10E8,126652V01_EC6,1
PGZL1_gVmDmJ,CNE8,1
PG16,VC1_E14_109920_023,1
VRC01,CAAN5342,1
VRC-CH31,100504I_20,1
DH651.6,246_F3_C10_2,1
2F5,CNE28,1
4E10,CT966_E1_7,1
Bess1,CNE8,1
3BNC60,62357_14_D3_4589,1
PGT142,242_14,1
N6LS.C49,TH023_6,1
EN02_04_A06,V704_0513_150_RE_PBLIB003_S,1
ACS130,6535_3,1
10E8,CE1172_H1,1
4E10,SIV_CPZ_LB715,1
M1214_N2,T278_50,1
DH270 IA1,JRFL,1
EN02_04_A06,WITO4160_33,1
SF12,S50616_1071WK_C57,1
ElsE2,0260_V5_C36,1
VRC-PG04b,CNE56,1
VRC01,714909105_6,1
CH103,T251_18,1
4E10,SIV_CPZ_MB897,1
DH511.12P,CNE12,1
10E8,X1193_C1,1
PG9,VC4_15_130811_381,1
VRC-CH31,6244_13_B5_4567,1
DJ85-a.01,DJ263_8,1
CH103,25925_2_22,1
PGT126,SC13_EC26,1
2411a,ZM214_15,1
VRC07-523LS.v14,DU151_02,1
438-B11,DH12,1
VRC07-523LS.v14,Q168_A2,1
DH511.12P,CNE30,1
VRC01-5fH/10fL,ZM55_28A,1
3BNC117,704010042_2E5,1
DH511.4,THRO4156,1
VRC26.09,AIIMS704_70421,1
DJ85-a.01,CNE56,1
EN02_04_A06,V704_0726_080SN,1
EN02_01_D03,R3265_C6,1
3BC315,247_23,1
DF1W-a.02,3873_V1_C24,1
HJ16,Q168_A2,1
IOMA,1056_10_TA11_1826,1
10E8,B005_ENV03,1
10E8,CNE23,1
3BNC117,ZM249_1,1
EN02_01_D03,3337_V2_C6,1
NIH45-46,ZM214_15,1
PCT64-35M,1394_C9G1,1
561_01_18,V704_1907_251_RE_CS,1
SF12,C1080_C3,1
10E8,TZA125_17,1
IOMA,3468_V1_C12,1
VRC01,CA327_D2_2,1
VRC06b,92RW020_2,1
DFPH-a.03,ZM249_1,1
1C2-rabbit,BJOX010000_06_2,1
447-52D,NAB01_C24_REV,1
561_01_18,TSG22Y05A0002_BL2,1
V033-a.01,001428_2_42,1
VRC42.I3,TV1_29,1
DH511.11P,BB539_2B13,1
VRC-PG20,3873_V1_C24,1
Min12A21,QH0692_42,1
VRC26.09,0330_V4_C3,1
4E10,C4118_9,1
DJ85-a.01,RHPA4259_7,1
PCIN71L,703010200_1E5,1
15e,SS1196_1,1
2411a,HT593_1,1
8ANC195,3337_V2_C6,1
PGZL1.H4K3,T278_50,1
PCIN77B1b,JRFL,1
3BNC117,CAP255_2000_008WPI_4D,1
8ANC131,Q168_A2,1
DH270.1,ZM55_28A,1
2G12,CBJC515_08_23,1
2F5,783_V0_C51,1
3BNC117,UG021_16,1
7H6,CAAN5342,1
VRC01,CE2052_G10,1
10E8,VRC607_12_14_F13,1
561_02_12,19314479_A2_5,1
PGT142,ZM53_12,1
PCIN71O,93IN905,1
3BNC117,CAP225_1_06_A2_18,1
2F5,191845_B11,1
PG9,100711I_3_26,1
VRC34.01_mm28,Q168_A2,1
PGDM12,6952_V1_C20,1
10-1074,2990_V7_C9_1,1
4E10,BJ168_17,1
PGT141,THRO4156,1
VRC03,B006_ENV10,1
gVRC-H1dC38/VRC01L,T257_31,1
VRC38.01,25711_2_4,1
2F5,QH0692_42,1
BG18,Q842_D12,1
3BNC117,CAP269_2_00_F11_1,1
DH270.1,Q23_17,1
412d,89_6,1
DH511.11P,JRFL,1
DH1317.9,CNE10,1
N49P9.3,WITO4160_33,1
4E10,T255_34,1
3BNC60,CAP45_G3,1
10-1074,20883229_C9_H6,1
PG16,92UG031,1
N6LS.C58,C4118_9,1
3BNC117,MUW104349A_EC04,1
VRC07-523LS.v11,0439_V5_C1,1
BG18,V703_1848_190_RE_E6D1S,1
X5,JRCSF,1
PGT157,T250_4,1
PG9,CNE64,1
PGDM1400,CAP301_2_00_C3_20,1
561_01_18,V703_2117_110_RE_E2A10S,1
VRC02,UG024_2,1
561_01_18,V704_0575_060_ESN1A,1
PC39-28C,HXB2,1
HERH-a.01,CNE40,1
561_01_18,V704_1551_150_RE_P002S,1
PC39-55C,CNE20,1
PG9,YN6_23,1
EN02_01_D03,6041_V3_C23,1
DH270.6,X2088_C9,1
2G12,94UG114,1
PCIN71L,92BR020,1
10E8,VRC607_15_00_J2,1
PGDM1400,V703_2018_240_RE_E6A1S,1
VRC07-523-F54-LS.v3,CNE53,1
VRC03,CNE40,1
VRC06b,26191_2_48,1
PC39-50L,AC10_29,1
PC39-45A,DU156_12,1
VRC03,ZM214_15,1
2413b,247_23,1
N6LS.C30,X2131_C1_B5,1
VRC01,AIIMS731_73106F,1
vFP53.02,BB201_B42,1
DH1317.8,W61D_TCLA_71,1
N49P19,Q842_D12,1
3BNC117,1HB3_D0_102315_G10_S34,1
561_01_18,V703_0217_050_RE_PBLIB002_S,1
VRC01,EN3C061,1
2413a,TZBD_02,1
N6LS.C51,3637_V5_C3,1
PG16,M02138,1
VRC34-pI3,C1080_C3,1
VRC26.15,CAP256_SU,1
4E10,92UG005,1
12A21,DH12,1
PCIN77C,WITO4160_33,1
VRC07-523LS.v11,3637_V5_C3,1
LJF-0087,0815_V3_C3,1
VRC-PG04b,96ZM651_02,1
VRC-PG04b,16936_2_21,1
N6LS.C30,TZBD_02,1
PGT143,MGRM_AG_002,1
PG9,AIIMS731_73105D,1
PG9,714903915_30,1
BG18,TRJO4551_58,1
VRC40.02,3988_25,1
M1214_N1,AC10_29,1
VRC01,100155M_17,1
ACS202,CNE31,1
561_01_18,V703_1915_250_RE_SGAA3_S,1
3BNC117,TSG_EHI29,1
F105,BX08_16,1
3BNC117,HXB2,1
PGDM1401,CNE8,1
3BNC117,VRC607_12_14_F13,1
VRC01,92BR025_9,1
3BNC117,3305_BM_F6,1
N6LS.C51,P1981_C5_3,1
DH511.11P,TH976_17,1
10E8,100155I_21,1
2F5,6540_V4_C1,1
PGT126,GX71_18,1
SF5,9004SS_A3_4,1
gVRC-H1dC38/VRC01L,16055_2_3,1
PGT151,CAP255_2000_008WPI_4D,1
PGDM1400,TSG_EHI28,1
3BNC117,8074_V7_E2_2,1
EN02_01_D03,9004SS_A3_4,1
DH270.6,T251_18,1
0.5gamma,QH0692_42,1
VRC01,V704_3000_240_RE_PBSGA002_S,1
3BNC117,SHIV_CNE40_JD14_W29_7,1
N49P11,231965_C1,1
SF7,M02138,1
PG16,SC12_10,1
VRC44.02,92BR025_9,1
VRC01,V703_0537_011S_2B5,1
CH103,3016_V5_C45,1
VRC08d,CNE8,1
N6LS.C58,X2131_C1_B5,1
HJ16,CAAN5342,1
PG9,94KE105,1
VRC38.08,TH966_8,1
PGT125,WEAU_D15_410,1
N49P11,16845_2_22,1
BG24,6240_08_TA5_4622,1
PGC14,92BR020,1
V031-a.01,CNE55,1
PGT142,CAP210_E8,1
DFPH-a.03,0815_V3_C3,1
10E8,CBJC504_05_03,1
BG24,6041_V3_C23,1
VRC-PG04b,0260_V5_C36,1
7H6,DU156_12,1
DJ85-a.01,BAL_01,1
VRC-PG20,CH181_12,1
VRC07-523LS.v11,ZM53_12,1
gVRC-H1dC38/VRC01L,6095_V1_C10,1
N6LS.C49,CNE30,1
2F5,W61D_TCLA_71,1
EN02_04_A06,T278_50,1
VRC01,B04,1
VRC42.03,KER2018_11,1
PCDN-33A,WEAU_D15_410,1
VRC01,CH070_1,1
J038,BX08_16,1
PGDM1400,693_1969_V11_A4_2_REBOUND,1
EN02_01_D03,6244_13_B5_4567,1
VRC01,AIIMS731_73105E,1
N49P19,R2184_C4,1
NIH45-46,1056_10_TA11_1826,1
VRC03,BG505_W6M_C2,1
VRC07-523-F54-LS.v3,ZM53_12,1
VRC07-523LS.v14,6322_V4_C1,1
12A21,TRO_11,1
PGT135,92BR020,1
3BNC117,329_14_B4,1
VRC01,BJYA119_6,1
PG16,CE0393_C3,1
EN02_04_A06,PVO_4,1
VRC01,V703_2631_150_RE_E2F8S,1
PG16,SC62_EC108,1
4E10,DU156_12,1
PGDM1400,TSG23Y07A0012_A12,1
10-1074,TSG_EHI28,1
VRC07-523LS.v14,KER2018_11,1
SF12,T282_3_8_CL82,1
4E10,CNE23,1
VRC07-523LS.v32,X1254_C3,1
2F5,BJ171_13,1
PG9,CNE10,1
HJ16,B004_ENV02,1
PG9,PVO_4,1
CH103,0330_V4_C3,1
PG9,VC1_E14_110488_011,1
VRC02,PVO_4,1
VRC01,H031_7,1
VRC02,CH181_12,1
HERH-c.01,BB201_B42,1
GPZ6-a.01,45_01DG5,1
3BNC117,CAP347_2_00_B1_1,1
VRC26.11,3016_V5_C45,1
VRC01,20965238,1
DH511.11P,S50252_603WK_C11,1
J038,BAL_01,1
8ANC195,CNE8,1
PG9,BC05,1
VRC07-523-F54-LS.v3,TZBD_02,1
10E8-0fH/0fL,PVO_4,1
N6LS.C35,CNE56,1
PGT151,S52354_263WK_C60,1
3BNC117,0815_V3_C3,1
N6LS.C58,242_14,1
VRC07-523-F54-LS.v3,CM244_EC1,1
N6LS.C35,CNE10,1
VRC01,816763_C02,1
3BNC117,704_D0_06_26_D1_S27,1
PGDM1400,705010198_TF,1
VRC03,0921_V2_C14,1
3BC315,3988_25,1
3BNC117,MUW101769A_EC08,1
IOMAmin3,C1080_C3,1
561_01_18,V704_0726_080SN,1
PC39-17C,BAL_01,1
VRC06c,CNE8,1
1C2-rabbit,CNE4,1
PGDM1400,191821_E6_1,1
HJ16,26191_2_48,1
12A12,0439_V5_C1,1
VRC03,PVO_4,1
VRC26.06,16055_2_3,1
PGT125,6480_V4_C25,1
VRC01,VC5_15_130814_044,1
PC39-50H,DU422_1,1
BG18,1056_10_TA11_1826,1
iMab,HXB2,1
NIH45-46,0260_V5_C36,1
7H6,B005_ENV03,1
SF5,TRJO4551_58,1
10E8,S30108_217WK_C42,1
VRC01,714903915_1,1
VRC26.06,BX08_16,1
10E8,SIV_CPZ_TAN3,1
PGT142,CNE58,1
VRC01,CAP331_2_00_D7_39,1
PGT151,V704_1528_240_RE_PBLIB_001_S,1
10E8,100307I_2_26,1
10E8v4,MS208_A1,1
VRC43.01,CNE8,1
VRC01,20883229_C9_H6,1
48d,CAP45_G3,1
EN02_04_A06,6322_V4_C1,1
10-1074,B016_ENV02,1
PGT126,SC26_EC05,1
3BNC60,QH0692_42,1
VRC07-523LS.v11,CAP256_SU,1
PGZL1,CAP45_G3,1
VRC40.01,HXB2,1
561_01_18,V704_1911_240_RE_PBLIB001_S,1
PCIN77C,DU172_17,1
561_02_12,QH0692_42,1
3694,SS1196_1,1
PGDM1400,V704_2685_080SN,1
VRC01,FR_2009_76,1
PG9,MJ613_W1M_C7,1
3BNC117,B021_ENV08,1
PGT135,16936_2_21,1
VRC26.15,Q23_17,1
EN02_04_A06,V703_1798_170_RE_P01S,1
10E8,LAI,1
8ANC131,CAAN5342,1
PGT156,X2131_C1_B5,1
N49P9.1,3415_V1_C1,1
VRC-PG04,CNE40,1
PGDM12,S5213G5_230WK_C27,1
IOMA-HC-DDE,MS208_A1,1
10-1074,ME178_G6_16,1
8ANC131,WITO4160_33,1
DH651.9,TRO_11,1
DH270min12,0260_V5_C36,1
PGDM1400,AIIMS706_70606A,1
PGT143,Q842_D12,1
10-1074,91C34_W12_S6_12_7,1
VRC34.01_mm28,CAP45_G3,1
PGT153,Q23_17,1
PGZL1,T255_34,1
PGT142,T257_31,1
PGDM1400,ZM249_1,1
VRC-CH31,0404_BM_B9,1
4E10,SC12_EC4,1
PC39-55A,DH12,1
PC39-28A,CAAN5342,1
PGDM1400,4236_BL_C1_1,1
PGDM1400,91C33_D0_S63_A5,1
N6LS.C35,CNE30,1
DH511.12P,BAL_01,1
N6LS.C51,BB201_B42,1
PCT64-35G,C4118_9,1
4E10,AIIMS706_70606A,1
GPZ6-a.01,0077_V1_C16,1
NIH45-46,25711_2_4,1
N6LS.C51,TH966_8,1
VRC07-523LS.v14,R3265_C6,1
HERH-c.01,0330_V4_C3,1
VRC-PG04,R2184_C4,1
VRC06,6535_3,1
10E8,AIIMS706_70607C,1
1C2-rabbit,Q769_D22,1
BG18,3365_V2_C20,1
N49P11,1056_10_TA11_1826,1
VRC34.01_mm28,CH181_12,1
VRC07-523-F54-LS.v3,C4118_9,1
PCT64-35G,Q23_17,1
10-1074,693_7989_V9_D8_1_REBOUND,1
PC39-50D,DU422_1,1
VRC43.01,0330_V4_C3,1
10E8v4,CNE31,1
NIH45-46,6480_V4_C25,1
2F5,SC30_EC11,1
N6LS.C1,ZM53_12,1
10-1074,6535_3,1
2G12,6952_V1_C20,1
PCIN71I1a,X2131_C1_B5,1
VRC43.01,ZM214_15,1
7H6,SC26_EC33,1
PGT126,BC08,1
EN02_04_A06,V703_1764_250_RE_CS,1
PC39-55C,0815_V3_C3,1
VRC26.14,3016_V5_C45,1
3BNC117,1HD2_PREINF_051916_D8_S66,1
PGZL1.H4K3,62357_14_D3_4589,1
VRC01,1HD1_W4_012616_A6_S94,1
bNAb2101,KO426_T78_10,1
SF5,RHPA4259_7,1
N49P7,DU151_02,1
PG9,26191_2_48,1
3BNC117,6785_V5_C14,1
2G12,DRVI01_0803_12,1
VRC01,CH505_W4_3,1
AIIMS-P01,AIIMS704_70402,1
8ANC131,3873_V1_C24,1
BG18,V703_1104_100_RE10GS,1
SF12,SC422_8,1
PGT123,PVO_4,1
BG18,WITO4160_33,1
DH511.11P,CAP210_E8,1
ACS122,P1981_C5_3,1
N6LS.C35,ZM55_28A,1
2F5,15JS111,1
J038,TH966_8,1
N49P7.2,CAAN5342,1
VRC01,DRVI01_0507_16,1
3BNC117,TSG21Y02E0014_D14,1
3BNC117,5257_V7_G10_1,1
PCIN71H,PVO_4,1
VRC01,CNE20,1
VRC-PG04,CNE58,1
Bess4,DU156_12,1
PCIN71O,ZM53_12,1
PGT124,92BR020,1
CH01,C4118_9,1
VRC44.02,3988_25,1
EN02_04_A06,BJOX010000_06_2,1
8ANC131,CNE4,1
N60P1.1,6244_13_B5_4567,1
VRC34.01_mm28,TV1_29,1
41328-a.01,191955_A11,1
PG9,703010054_2A2,1
ACS114,T250_4,1
561_01_18,TSG23Y06A003_V3,1
561_01_18,V704_2189_030SN,1
PGDM1400,8074_BL_D10_2,1
12A21,CBJC515_06_21,1
VRC-PG04b,DU156_12,1
3BNC117,2990_V7_C10_3,1
N6LS.C30,T255_34,1
PGT143,T255_34,1
4E10,783_V0_C51,1
PC39-28E,JRFL,1
PC39-50H,DH12,1
N49P7.2,Q769_D22,1
DH511_I2,CNE8,1
VRC26.03,ZM53_12,1
PCT64-35M,0921_V2_C14,1
EN02_04_A06,CH505_W4_3,1
3BNC117,SO405_T24_5,1
iMab,SIV_CPZ_TAN13,1
CH04,C1080_C3,1
PG9,0404_BM_G3,1
3BNC117,T280_5,1
DH511.11P,92BR025_9,1
12A12,CNE55,1
10-1074,SC12_EC4,1
VRC26.09,CNE58,1
EN02_01_D03,T280_5,1
PC39-23A,CNE17,1
DH511.11P,TZA125_17,1
N6LS.C49,NKU3006_EC1,1
PGDM1400,0077_V1_C16,1
N6LS.C1,928_28,1
PG16,Q769_D22,1
DH270min12,DJ263_8,1
PGDM1400,3514597,1
PGT126,HN18A_41,1
PC39-23A,CNE30,1
2F5,CE0665_F2,1
PG9,VC1_E14_110488_022,1
VRC42.N1,DJ263_8,1
PCIN71H,SC422_8,1
EN02_04_A06,CE0665_F2,1
PG9,TSG_EHI16,1
VRC03,CH115_12,1
VRC40.01,CNE4,1
4E10,93RW029,1
LJF-0087,001428_2_42,1
10E8,CAP382_2_00_D7_19,1
MinVRC01,92BR020,1
PC39-50I,703010200_1E5,1
EN02_04_A06,96ZM651_02,1
3BNC117,2936_V9_C3_2,1
2G12,SC422_8,1
PGT126,HEB46_6,1
VRC-PG20,6101_1,1
3BNC117,20883229_C9_H6,1
PGT131,94UG103,1
RHA1.V2.01,DU151_02,1
EN02_04_A06,89_F1_2_25,1
PGT154,DU422_1,1
EN02_01_D03,0077_V1_C16,1
VRC-PG04,DU156_12,1
2F5,BJOX006000_13_3,1
N60P1.1,Q842_D12,1
10-1074,20258279_V2,1
VRC-PG20,CNE55,1
N49P9.1,0260_V5_C36,1
917B11,89_6,1
VRC06b,C3347_C11,1
